-- MySQL dump 10.13  Distrib 8.0.19, for Win64 (x86_64)
--
-- Host: localhost    Database: distribuidora_virtual
-- ------------------------------------------------------
-- Server version	12.0.2-MariaDB

/*!40101 SET @OLD_CHARACTER_SET_CLIENT=@@CHARACTER_SET_CLIENT */;
/*!40101 SET @OLD_CHARACTER_SET_RESULTS=@@CHARACTER_SET_RESULTS */;
/*!40101 SET @OLD_COLLATION_CONNECTION=@@COLLATION_CONNECTION */;
/*!50503 SET NAMES utf8mb4 */;
/*!40103 SET @OLD_TIME_ZONE=@@TIME_ZONE */;
/*!40103 SET TIME_ZONE='+00:00' */;
/*!40014 SET @OLD_UNIQUE_CHECKS=@@UNIQUE_CHECKS, UNIQUE_CHECKS=0 */;
/*!40014 SET @OLD_FOREIGN_KEY_CHECKS=@@FOREIGN_KEY_CHECKS, FOREIGN_KEY_CHECKS=0 */;
/*!40101 SET @OLD_SQL_MODE=@@SQL_MODE, SQL_MODE='NO_AUTO_VALUE_ON_ZERO' */;
/*!40111 SET @OLD_SQL_NOTES=@@SQL_NOTES, SQL_NOTES=0 */;

--
-- Table structure for table `caja_aperturas`
--

DROP TABLE IF EXISTS `caja_aperturas`;
/*!40101 SET @saved_cs_client     = @@character_set_client */;
/*!50503 SET character_set_client = utf8mb4 */;
CREATE TABLE `caja_aperturas` (
  `id` int(11) NOT NULL AUTO_INCREMENT,
  `fecha_apertura` datetime NOT NULL,
  `fecha_cierre` datetime DEFAULT NULL,
  `monto_inicial` decimal(10,2) NOT NULL,
  `monto_cierre` decimal(10,2) DEFAULT NULL,
  `efectivo_teorico` decimal(10,2) DEFAULT NULL,
  `efectivo_real` decimal(10,2) DEFAULT NULL,
  `diferencia` decimal(10,2) DEFAULT NULL,
  `observaciones_apertura` text DEFAULT NULL,
  `observaciones_cierre` text DEFAULT NULL,
  `usuario_apertura_id` int(11) NOT NULL,
  `usuario_cierre_id` int(11) DEFAULT NULL,
  `estado` varchar(20) DEFAULT NULL,
  `activa` tinyint(1) DEFAULT NULL,
  PRIMARY KEY (`id`),
  KEY `usuario_apertura_id` (`usuario_apertura_id`),
  KEY `usuario_cierre_id` (`usuario_cierre_id`),
  CONSTRAINT `caja_aperturas_ibfk_1` FOREIGN KEY (`usuario_apertura_id`) REFERENCES `usuario` (`id`),
  CONSTRAINT `caja_aperturas_ibfk_2` FOREIGN KEY (`usuario_cierre_id`) REFERENCES `usuario` (`id`)
) ENGINE=InnoDB DEFAULT CHARSET=utf8mb4 COLLATE=utf8mb4_unicode_ci;
/*!40101 SET character_set_client = @saved_cs_client */;

--
-- Dumping data for table `caja_aperturas`
--

LOCK TABLES `caja_aperturas` WRITE;
/*!40000 ALTER TABLE `caja_aperturas` DISABLE KEYS */;
/*!40000 ALTER TABLE `caja_aperturas` ENABLE KEYS */;
UNLOCK TABLES;

--
-- Table structure for table `cajas`
--

DROP TABLE IF EXISTS `cajas`;
/*!40101 SET @saved_cs_client     = @@character_set_client */;
/*!50503 SET character_set_client = utf8mb4 */;
CREATE TABLE `cajas` (
  `id` int(11) NOT NULL AUTO_INCREMENT,
  `fecha_apertura` datetime NOT NULL,
  `fecha_cierre` datetime DEFAULT NULL,
  `monto_inicial` decimal(10,2) NOT NULL,
  `efectivo_teorico` decimal(10,2) DEFAULT NULL,
  `efectivo_real` decimal(10,2) DEFAULT NULL,
  `monto_cierre` decimal(10,2) DEFAULT NULL,
  `diferencia` decimal(10,2) DEFAULT NULL,
  `estado` enum('abierta','cerrada') DEFAULT 'abierta',
  `observaciones_apertura` text DEFAULT NULL,
  `observaciones_cierre` text DEFAULT NULL,
  `usuario_apertura_id` int(11) NOT NULL DEFAULT 3,
  `usuario_cierre_id` int(11) DEFAULT NULL,
  `punto_venta` int(11) NOT NULL DEFAULT 1,
  `activa` tinyint(1) DEFAULT 1,
  `created_at` timestamp NOT NULL DEFAULT current_timestamp(),
  PRIMARY KEY (`id`),
  KEY `fk_cajas_usuario_apertura` (`usuario_apertura_id`),
  KEY `fk_cajas_usuario_cierre` (`usuario_cierre_id`),
  KEY `idx_cajas_fecha_apertura` (`fecha_apertura`),
  KEY `idx_cajas_estado` (`estado`),
  KEY `idx_cajas_activa` (`activa`),
  KEY `idx_cajas_pv` (`punto_venta`),
  CONSTRAINT `fk_cajas_usuario_apertura` FOREIGN KEY (`usuario_apertura_id`) REFERENCES `usuario` (`id`),
  CONSTRAINT `fk_cajas_usuario_cierre` FOREIGN KEY (`usuario_cierre_id`) REFERENCES `usuario` (`id`)
) ENGINE=InnoDB AUTO_INCREMENT=2 DEFAULT CHARSET=utf8mb4 COLLATE=utf8mb4_unicode_ci;
/*!40101 SET character_set_client = @saved_cs_client */;

--
-- Dumping data for table `cajas`
--

LOCK TABLES `cajas` WRITE;
/*!40000 ALTER TABLE `cajas` DISABLE KEYS */;
INSERT INTO `cajas` VALUES (1,'2026-05-28 17:29:12',NULL,10000.00,1225780.22,NULL,NULL,NULL,'abierta','',NULL,3,NULL,6,1,'2026-05-28 20:29:12');
/*!40000 ALTER TABLE `cajas` ENABLE KEYS */;
UNLOCK TABLES;

--
-- Table structure for table `cancelacion_venta`
--

DROP TABLE IF EXISTS `cancelacion_venta`;
/*!40101 SET @saved_cs_client     = @@character_set_client */;
/*!50503 SET character_set_client = utf8mb4 */;
CREATE TABLE `cancelacion_venta` (
  `id` int(11) NOT NULL AUTO_INCREMENT,
  `fecha` datetime DEFAULT current_timestamp(),
  `usuario_id` int(11) DEFAULT NULL,
  `usuario_nombre` varchar(100) DEFAULT NULL,
  `total` decimal(12,2) DEFAULT NULL,
  `cliente_nombre` varchar(100) DEFAULT NULL,
  `detalle` longtext CHARACTER SET utf8mb4 COLLATE utf8mb4_bin DEFAULT NULL CHECK (json_valid(`detalle`)),
  `tipo` varchar(30) DEFAULT 'cancelacion_medios_pago',
  PRIMARY KEY (`id`)
) ENGINE=InnoDB AUTO_INCREMENT=17 DEFAULT CHARSET=utf8mb4 COLLATE=utf8mb4_general_ci;
/*!40101 SET character_set_client = @saved_cs_client */;

--
-- Dumping data for table `cancelacion_venta`
--

LOCK TABLES `cancelacion_venta` WRITE;
/*!40000 ALTER TABLE `cancelacion_venta` DISABLE KEYS */;
INSERT INTO `cancelacion_venta` VALUES (1,'2026-05-28 19:57:43',3,'Administrador',15522.68,'Consumidor Final','[{\"codigo\": \"230\", \"nombre\": \"GOMA FANTASIA MISKY .......x1k\", \"cantidad\": 1, \"precio\": 7200.561983471075, \"subtotal\": 7200.561983471075}, {\"codigo\": \"1014\", \"nombre\": \"GALL TRIO PEPAS..........x320g\", \"cantidad\": 6, \"precio\": 938.0165289256198, \"subtotal\": 5628.099173553719}]','cancelacion_medios_pago'),(2,'2026-05-28 20:49:06',3,'Administrador',15522.68,'Consumidor Final','[{\"codigo\": \"230\", \"nombre\": \"GOMA FANTASIA MISKY .......x1k\", \"cantidad\": 1, \"precio\": 7200.561983471075, \"subtotal\": 7200.561983471075}, {\"codigo\": \"1014\", \"nombre\": \"GALL TRIO PEPAS..........x320g\", \"cantidad\": 6, \"precio\": 938.0165289256198, \"subtotal\": 5628.099173553719}]','cancelacion_medios_pago'),(3,'2026-05-30 14:26:51',3,'Administrador',1747397.11,'Consumidor Final','[{\"codigo\": \"144\", \"nombre\": \"TOP LINE SEVEN MENTA\", \"cantidad\": 1, \"precio\": 9740.99173553719, \"subtotal\": 9740.99173553719}, {\"codigo\": \"230\", \"nombre\": \"GOMA FANTASIA MISKY .......x1k\", \"cantidad\": 1, \"precio\": 7200.561983471075, \"subtotal\": 7200.561983471075}, {\"codigo\": \"240\", \"nombre\": \"GOMAS LA PIÑATA HUESOS ACIDOS X 700 GR\", \"cantidad\": 1, \"precio\": 4231.297520661157, \"subtotal\": 4231.297520661157}, {\"codigo\": \"252\", \"nombre\": \"GOMA BULL DOG.REGALIZ TUTTI F.CJAx12u\", \"cantidad\": 1, \"precio\": 2842.9752, \"subtotal\": 2842.9752}, {\"codigo\": \"266\", \"nombre\": \"MOGUL MORAS X 500G\", \"cantidad\": 268, \"precio\": 4996.0495867768595, \"subtotal\": 1338941.2892561983}, {\"codigo\": \"271\", \"nombre\": \"MOGUL EXTREME LADRILLOS MIX FRUTAL X 500G\", \"cantidad\": 1, \"precio\": 5619.834710743802, \"subtotal\": 5619.834710743802}, {\"codigo\": \"275\", \"nombre\": \"MOGUL EXTREME OSITOS X 500G\", \"cantidad\": 1, \"precio\": 5619.834710743802, \"subtotal\": 5619.834710743802}, {\"codigo\": \"302\", \"nombre\": \"MR.POPS EVOLUTION CEREZA..x24u\", \"cantidad\": 1, \"precio\": 4049.5867768595044, \"subtotal\": 4049.5867768595044}, {\"codigo\": \"304\", \"nombre\": \"MR.POPS EVOLUTION EXTREME.x24u\", \"cantidad\": 1, \"precio\": 4049.5867768595044, \"subtotal\": 4049.5867768595044}, {\"codigo\": \"400\", \"nombre\": \"MASTICABLE SURTIDO MISKY X 800gs\", \"cantidad\": 1, \"precio\": 5454.5455, \"subtotal\": 5454.5455}, {\"codigo\": \"404\", \"nombre\": \"PALITO DE LA SELVA.......x660g\", \"cantidad\": 1, \"precio\": 7107.438, \"subtotal\": 7107.438}, {\"codigo\": \"704\", \"nombre\": \"ROCKLETS 24 X 20GS\", \"cantidad\": 1, \"precio\": 14016.528925619836, \"subtotal\": 14016.528925619836}, {\"codigo\": \"707\", \"nombre\": \"CREMA KROOMY SURTIDOS ( 48u )\", \"cantidad\": 1, \"precio\": 7107.438, \"subtotal\": 7107.438}, {\"codigo\": \"1000\", \"nombre\": \"MAGDAL DON SATUR REL.D/LEx250g\", \"cantidad\": 2, \"precio\": 1727.2727272727273, \"subtotal\": 3454.5454545454545}, {\"codigo\": \"1001\", \"nombre\": \"MAGDAL DON SATUR VAINILLAx250g\", \"cantidad\": 3, \"precio\": 1727.2727272727273, \"subtotal\": 5181.818181818182}, {\"codigo\": \"1002\", \"nombre\": \"MAGDAL DON SATUR MARMOLADx250g\", \"cantidad\": 3, \"precio\": 1727.2727272727273, \"subtotal\": 5181.818181818182}, {\"codigo\": \"1004\", \"nombre\": \"MAGDAL DON SATUR C/CHIPS.x250g\", \"cantidad\": 3, \"precio\": 1727.2727272727273, \"subtotal\": 5181.818181818182}, {\"codigo\": \"961\", \"nombre\": \"MANI TARRO CERVECERO PIZZA\", \"cantidad\": 3, \"precio\": 1176.0330578512396, \"subtotal\": 3528.099173553719}, {\"codigo\": \"268\", \"nombre\": \"MOGUL FRUTILLAS CON CREMA X 500G\", \"cantidad\": 1, \"precio\": 5619.834710743802, \"subtotal\": 5619.834710743802}]','cancelacion_medios_pago'),(4,'2026-06-01 14:06:40',3,'Administrador',37964.08,'Consumidor Final','[{\"codigo\": \"253\", \"nombre\": \"GOMA BULL DOG.REGALIZ FRAMB.CJAx12u\", \"cantidad\": 1, \"precio\": 2644.694214876033, \"subtotal\": 2644.694214876033}, {\"codigo\": \"400\", \"nombre\": \"MASTICABLE SURTIDO MISKY X 800gs\", \"cantidad\": 1, \"precio\": 5363.636363636364, \"subtotal\": 5363.636363636364}, {\"codigo\": \"402\", \"nombre\": \"(x32u)MAST.LENGUETAZO T.FRUTI...\", \"cantidad\": 1, \"precio\": 5322.314049586777, \"subtotal\": 5322.314049586777}, {\"codigo\": \"600\", \"nombre\": \"MARSHMALLOW GONGYS STICK CAJAx216g 18UNID\", \"cantidad\": 1, \"precio\": 3471.0743801652893, \"subtotal\": 3471.0743801652893}, {\"codigo\": \"741\", \"nombre\": \"ALF PESCADO RAUL SIMPLE BLANCO.x50g\", \"cantidad\": 12, \"precio\": 566.1157024793389, \"subtotal\": 6793.388429752067}, {\"codigo\": \"934\", \"nombre\": \"BAGGIO MULTIFRUTAL.......x200m\", \"cantidad\": 18, \"precio\": 432.2314049586777, \"subtotal\": 7780.165289256198}]','cancelacion_medios_pago'),(5,'2026-06-01 14:08:12',3,'Administrador',37964.08,'Consumidor Final','[{\"codigo\": \"253\", \"nombre\": \"GOMA BULL DOG.REGALIZ FRAMB.CJAx12u\", \"cantidad\": 1, \"precio\": 2644.694214876033, \"subtotal\": 2644.694214876033}, {\"codigo\": \"400\", \"nombre\": \"MASTICABLE SURTIDO MISKY X 800gs\", \"cantidad\": 1, \"precio\": 5363.636363636364, \"subtotal\": 5363.636363636364}, {\"codigo\": \"402\", \"nombre\": \"(x32u)MAST.LENGUETAZO T.FRUTI...\", \"cantidad\": 1, \"precio\": 5322.314049586777, \"subtotal\": 5322.314049586777}, {\"codigo\": \"600\", \"nombre\": \"MARSHMALLOW GONGYS STICK CAJAx216g 18UNID\", \"cantidad\": 1, \"precio\": 3471.0743801652893, \"subtotal\": 3471.0743801652893}, {\"codigo\": \"741\", \"nombre\": \"ALF PESCADO RAUL SIMPLE BLANCO.x50g\", \"cantidad\": 12, \"precio\": 566.1157024793389, \"subtotal\": 6793.388429752067}, {\"codigo\": \"934\", \"nombre\": \"BAGGIO MULTIFRUTAL.......x200m\", \"cantidad\": 18, \"precio\": 432.2314049586777, \"subtotal\": 7780.165289256198}]','cancelacion_medios_pago'),(6,'2026-06-03 20:45:59',3,'Administrador',23242.46,'Consumidor Final','[{\"codigo\": \"221\", \"nombre\": \"YUMMY DINO X 12 UND\", \"cantidad\": 1, \"precio\": 4305.892561983471, \"subtotal\": 4305.892561983471}, {\"codigo\": \"224\", \"nombre\": \"YUMMY OSITOS X 12 UND\", \"cantidad\": 1, \"precio\": 4305.94214876033, \"subtotal\": 4305.94214876033}, {\"codigo\": \"225\", \"nombre\": \"YUMMY PECECITOS X 12 UND\", \"cantidad\": 1, \"precio\": 4305.834710743802, \"subtotal\": 4305.834710743802}, {\"codigo\": \"900\", \"nombre\": \"JUGO ARCOR POLVO NARANJA..x18u\", \"cantidad\": 1, \"precio\": 3646.347107438017, \"subtotal\": 3646.347107438017}, {\"codigo\": \"3333\", \"nombre\": \"GOMA BULL DOG.REGALIZ (((SURTIDAS))).CJAx12u\", \"cantidad\": 1, \"precio\": 2644.628099173554, \"subtotal\": 2644.628099173554}]','cancelacion_medios_pago'),(7,'2026-06-04 09:10:53',3,'Administrador',98369.93,'Consumidor Final','[{\"codigo\": \"206\", \"nombre\": \"GOMITAS YUMMY MORITAS X500G\", \"cantidad\": 1, \"precio\": 4032.9586776859505, \"subtotal\": 4032.9586776859505}, {\"codigo\": \"230\", \"nombre\": \"GOMA FANTASIA MISKY .......x1k\", \"cantidad\": 1, \"precio\": 7347.933884297521, \"subtotal\": 7347.933884297521}, {\"codigo\": \"266\", \"nombre\": \"MOGUL MORAS X 500G\", \"cantidad\": 1, \"precio\": 4501.347107438017, \"subtotal\": 4501.347107438017}, {\"codigo\": \"267\", \"nombre\": \"MOGUL DIENTES X 500G\", \"cantidad\": 1, \"precio\": 4497.090909090909, \"subtotal\": 4497.090909090909}, {\"codigo\": \"270\", \"nombre\": \"MOGUL EXTREME LADRILLOS X 500G\", \"cantidad\": 1, \"precio\": 5619.834710743802, \"subtotal\": 5619.834710743802}, {\"codigo\": \"271\", \"nombre\": \"MOGUL EXTREME LADRILLOS MIX FRUTAL X 500G\", \"cantidad\": 1, \"precio\": 5619.834710743802, \"subtotal\": 5619.834710743802}, {\"codigo\": \"702\", \"nombre\": \"CHOCOLATE MISKY  NGRO x25g\", \"cantidad\": 6, \"precio\": 653.9256198347108, \"subtotal\": 3923.553719008265}, {\"codigo\": \"703\", \"nombre\": \"CHOCOLATE MISKY  BCO x25g\", \"cantidad\": 6, \"precio\": 653.9256198347108, \"subtotal\": 3923.553719008265}, {\"codigo\": \"706\", \"nombre\": \"BOCADITO NEVARES DUL.D/LECx15u\", \"cantidad\": 1, \"precio\": 2975.2066115702482, \"subtotal\": 2975.2066115702482}, {\"codigo\": \"718\", \"nombre\": \"ALF FANTOCHE TRI.CHOCOLATEx85g\", \"cantidad\": 6, \"precio\": 687.3140495867768, \"subtotal\": 4123.884297520661}, {\"codigo\": \"719\", \"nombre\": \"ALF FANTOCHE TRIPLE BLANCO.x85g\", \"cantidad\": 6, \"precio\": 676.8595041322315, \"subtotal\": 4061.1570247933887}, {\"codigo\": \"729\", \"nombre\": \"ALFAJOR CHOCOTORTA 71,5\", \"cantidad\": 6, \"precio\": 953.9834710743802, \"subtotal\": 5723.900826446281}, {\"codigo\": \"736\", \"nombre\": \"ALF COFLER BLOCK TRIPLE...x60g\", \"cantidad\": 6, \"precio\": 953.9834710743802, \"subtotal\": 5723.900826446281}, {\"codigo\": \"743\", \"nombre\": \"ALF MINI TORTA AGUILA BROWNIE X74G\", \"cantidad\": 6, \"precio\": 1112.9752066115702, \"subtotal\": 6677.851239669421}, {\"codigo\": \"1030\", \"nombre\": \"SURTIDO BAGLEY...........x400g\", \"cantidad\": 6, \"precio\": 2090.909090909091, \"subtotal\": 12545.454545454546}]','cancelacion_medios_pago'),(8,'2026-06-08 14:55:52',3,'Administrador',137546.20,'Consumidor Final','[{\"codigo\": \"143\", \"nombre\": \"BELDENT FRESH SPARKS FRUTIx20u\", \"cantidad\": 10, \"precio\": 10413.471074380164, \"subtotal\": 104134.71074380164}, {\"codigo\": \"735\", \"nombre\": \"ALF BON O BON TRIPLE NEGROx60g\", \"cantidad\": 10, \"precio\": 953.9834710743802, \"subtotal\": 9539.834710743802}]','cancelacion_medios_pago'),(9,'2026-06-11 19:32:11',3,'Administrador',4575.60,'Consumidor Final','[{\"codigo\": \"962\", \"nombre\": \"MANI TARRO CERVECERO JAMON\", \"cantidad\": 2, \"precio\": 1260.4958677685952, \"subtotal\": 2520.9917355371904}, {\"codigo\": \"961\", \"nombre\": \"MANI TARRO CERVECERO PIZZA\", \"cantidad\": 1, \"precio\": 1260.4958677685952, \"subtotal\": 1260.4958677685952}]','cancelacion_medios_pago'),(10,'2026-06-12 12:54:38',3,'Administrador',40352.00,'Consumidor Final','[{\"codigo\": \"266\", \"nombre\": \"MOGUL MORAS X 500G\", \"cantidad\": 1, \"precio\": 5350.413223140496, \"subtotal\": 5350.413223140496}, {\"codigo\": \"268\", \"nombre\": \"MOGUL FRUTILLAS CON CREMA X 500G\", \"cantidad\": 1, \"precio\": 5350.413223140496, \"subtotal\": 5350.413223140496}, {\"codigo\": \"271\", \"nombre\": \"MOGUL EXTREME LADRILLOS MIX FRUTAL X 500G\", \"cantidad\": 1, \"precio\": 5350.413223140496, \"subtotal\": 5350.413223140496}, {\"codigo\": \"728\", \"nombre\": \"ALF FANTOCHE SUPER TRIPLE NEGx100g\", \"cantidad\": 6, \"precio\": 816.5289256198347, \"subtotal\": 4899.173553719008}, {\"codigo\": \"801\", \"nombre\": \"GIRASOL PIPAS GIGANTES.12ux50g\", \"cantidad\": 2, \"precio\": 6199.173553719009, \"subtotal\": 12398.347107438018}]','cancelacion_medios_pago'),(11,'2026-06-12 21:34:12',3,'Administrador',29508.70,'Consumidor Final','[{\"codigo\": \"140\", \"nombre\": \"BELDENT FRESH SPARKS MENTAx20u\", \"cantidad\": 1, \"precio\": 10124.95867768595, \"subtotal\": 10124.95867768595}, {\"codigo\": \"740\", \"nombre\": \"ALF PESCADO RAUL SIMPLE NEGRO.x50g\", \"cantidad\": 25, \"precio\": 570.4958677685951, \"subtotal\": 14262.396694214876}]','cancelacion_medios_pago'),(12,'2026-06-14 10:09:37',3,'Administrador',6500.00,'Consumidor Final','[{\"codigo\": \"981\", \"nombre\": \"MANI JAPONES\", \"cantidad\": 1, \"precio\": 5371.900826446281, \"subtotal\": 5371.900826446281}]','cancelacion_medios_pago'),(13,'2026-06-19 10:23:45',3,'Administrador',138533.70,'Consumidor Final','[{\"codigo\": \"142\", \"nombre\": \"BELDENT FRESH SPARKS MENTOx20u\", \"cantidad\": 1, \"precio\": 10163.636363636364, \"subtotal\": 10163.636363636364}, {\"codigo\": \"231\", \"nombre\": \"GOMA JELLY ROLL MISKY......x1k\", \"cantidad\": 1, \"precio\": 7314.380165289256, \"subtotal\": 7314.380165289256}, {\"codigo\": \"232\", \"nombre\": \"GOMA EUCALIPTUS MISKY......x1k\", \"cantidad\": 1, \"precio\": 7314.380165289256, \"subtotal\": 7314.380165289256}, {\"codigo\": \"266\", \"nombre\": \"MOGUL MORAS X 500G\", \"cantidad\": 1, \"precio\": 5350.413223140496, \"subtotal\": 5350.413223140496}, {\"codigo\": \"268\", \"nombre\": \"MOGUL FRUTILLAS CON CREMA X 500G\", \"cantidad\": 1, \"precio\": 5350.413223140496, \"subtotal\": 5350.413223140496}, {\"codigo\": \"270\", \"nombre\": \"MOGUL EXTREME LADRILLOS X 500G\", \"cantidad\": 1, \"precio\": 5350.413223140496, \"subtotal\": 5350.413223140496}, {\"codigo\": \"277\", \"nombre\": \"MOGUL OSITOS X 500gr\", \"cantidad\": 1, \"precio\": 5350.413223140496, \"subtotal\": 5350.413223140496}, {\"codigo\": \"729\", \"nombre\": \"ALFAJOR CHOCOTORTA 71,5\", \"cantidad\": 4, \"precio\": 1098.0165289256197, \"subtotal\": 4392.066115702479}, {\"codigo\": \"735\", \"nombre\": \"ALF BON O BON TRIPLE NEGROx60g\", \"cantidad\": 4, \"precio\": 1098.0165289256197, \"subtotal\": 4392.066115702479}, {\"codigo\": \"738\", \"nombre\": \"ALF PEPITOS TRIPLE........x57g\", \"cantidad\": 3, \"precio\": 1185.0413223140497, \"subtotal\": 3555.1239669421493}, {\"codigo\": \"751\", \"nombre\": \"TURRON MISKY\", \"cantidad\": 10, \"precio\": 165.45454545454544, \"subtotal\": 1654.5454545454545}, {\"codigo\": \"918\", \"nombre\": \"CERVEZA 361 PET............x1l\", \"cantidad\": 6, \"precio\": 1375.206611570248, \"subtotal\": 8251.239669421488}, {\"codigo\": \"1003\", \"nombre\": \"MAGD DON SATUR CHOC/D/D/Lx250g\", \"cantidad\": 3, \"precio\": 1719.00826446281, \"subtotal\": 5157.02479338843}, {\"codigo\": \"1012\", \"nombre\": \"DON SATUR BIZCOCH.NEGRITOx200g\", \"cantidad\": 3, \"precio\": 1018.512396694215, \"subtotal\": 3055.537190082645}, {\"codigo\": \"1015\", \"nombre\": \"GALL TRIO PEPAS C/CHIPS..x300g\", \"cantidad\": 4, \"precio\": 1020.6611570247934, \"subtotal\": 4082.6446280991736}, {\"codigo\": \"1029\", \"nombre\": \"VARIEDAD.................x390g\", \"cantidad\": 3, \"precio\": 2127.2727272727275, \"subtotal\": 6381.818181818182}, {\"codigo\": \"1030\", \"nombre\": \"SURTIDO BAGLEY...........x400g\", \"cantidad\": 4, \"precio\": 2213.223140495868, \"subtotal\": 8852.892561983472}, {\"codigo\": \"1031\", \"nombre\": \"GALL.DIVERSION SURTIDA...x400g\", \"cantidad\": 3, \"precio\": 1933.8842975206612, \"subtotal\": 5801.652892561984}, {\"codigo\": \"1034\", \"nombre\": \"SERRANAS SANDWICH 16 X3X 112G\", \"cantidad\": 4, \"precio\": 1289.2561983471076, \"subtotal\": 5157.02479338843}, {\"codigo\": \"961\", \"nombre\": \"MANI TARRO CERVECERO PIZZA\", \"cantidad\": 3, \"precio\": 1260.4958677685952, \"subtotal\": 3781.4876033057853}, {\"codigo\": \"963\", \"nombre\": \"MANI TARRO  CERVECERO SALAME\", \"cantidad\": 3, \"precio\": 1260.4958677685952, \"subtotal\": 3781.4876033057853}]','cancelacion_medios_pago'),(14,'2026-06-19 20:18:55',3,'Administrador',34237.30,'Consumidor Final','[{\"codigo\": \"1023\", \"nombre\": \".9 DE ORO AGRIDULCE\", \"cantidad\": 7, \"precio\": 984.1322314049587, \"subtotal\": 6888.925619834711}, {\"codigo\": \"1024\", \"nombre\": \".9 DE ORO AZUCARADO\", \"cantidad\": 11, \"precio\": 984.1322314049587, \"subtotal\": 10825.454545454546}, {\"codigo\": \"260\", \"nombre\": \"(12ux35g)GOMA MISKY ROLL......\", \"cantidad\": 1, \"precio\": 3180.1652892561983, \"subtotal\": 3180.1652892561983}, {\"codigo\": \"603\", \"nombre\": \"(28g)MARSHMALLOW GONGYS.......\", \"cantidad\": 5, \"precio\": 313.3719008264463, \"subtotal\": 1566.8595041322315}, {\"codigo\": \"402\", \"nombre\": \"(x32u)MAST.LENGUETAZO T.FRUTI...\", \"cantidad\": 1, \"precio\": 5833.884297520662, \"subtotal\": 5833.884297520662}]','cancelacion_medios_pago'),(15,'2026-06-23 20:22:42',3,'Administrador',110520.58,'Consumidor Final','[{\"codigo\": \"725\", \"nombre\": \"ALF GOAT NEGRO X75G\", \"cantidad\": 63, \"precio\": 1136.611570247934, \"subtotal\": 71606.52892561984}, {\"codigo\": \"278\", \"nombre\": \"MOGUL LADRILLO BLUEB X500G MUNDIAL\", \"cantidad\": 4, \"precio\": 4933.198347107438, \"subtotal\": 19732.793388429753}]','cancelacion_medios_pago'),(16,'2026-06-24 09:57:12',3,'Administrador',42705.60,'Consumidor Final','[{\"codigo\": \"961\", \"nombre\": \"MANI TARRO CERVECERO PIZZA\", \"cantidad\": 10, \"precio\": 1260.4958677685952, \"subtotal\": 12604.958677685952}, {\"codigo\": \"962\", \"nombre\": \"MANI TARRO CERVECERO JAMON\", \"cantidad\": 10, \"precio\": 1260.4958677685952, \"subtotal\": 12604.958677685952}, {\"codigo\": \"969\", \"nombre\": \"MANI TARRO SIN PIEL\", \"cantidad\": 8, \"precio\": 1260.4958677685952, \"subtotal\": 10083.966942148762}]','cancelacion_medios_pago');
/*!40000 ALTER TABLE `cancelacion_venta` ENABLE KEYS */;
UNLOCK TABLES;

--
-- Table structure for table `categoria`
--

DROP TABLE IF EXISTS `categoria`;
/*!40101 SET @saved_cs_client     = @@character_set_client */;
/*!50503 SET character_set_client = utf8mb4 */;
CREATE TABLE `categoria` (
  `id` int(11) NOT NULL AUTO_INCREMENT,
  `nombre` varchar(100) CHARACTER SET utf8mb4 COLLATE utf8mb4_unicode_ci NOT NULL,
  `color` varchar(7) DEFAULT '#6c757d',
  `activo` tinyint(1) DEFAULT 1,
  `orden` int(11) DEFAULT 0,
  `fecha_creacion` timestamp NULL DEFAULT current_timestamp(),
  PRIMARY KEY (`id`),
  UNIQUE KEY `nombre` (`nombre`)
) ENGINE=InnoDB AUTO_INCREMENT=18 DEFAULT CHARSET=utf8mb4 COLLATE=utf8mb4_general_ci;
/*!40101 SET character_set_client = @saved_cs_client */;

--
-- Dumping data for table `categoria`
--

LOCK TABLES `categoria` WRITE;
/*!40000 ALTER TABLE `categoria` DISABLE KEYS */;
INSERT INTO `categoria` VALUES (1,'gomas','#22bf6e',1,0,'2026-05-12 22:38:35'),(2,'chicles','#6d0ae6',1,0,'2026-05-12 22:55:37'),(3,'galletas','#057de6',1,0,'2026-06-10 19:08:21'),(4,'manies','#989534',1,0,'2026-06-10 19:09:04'),(5,'alfajores','#e40caa',1,0,'2026-06-10 19:09:28'),(6,'pastillas','#6f061b',1,0,'2026-06-10 19:10:01'),(7,'chocolates','#e77f08',1,0,'2026-06-10 19:10:16'),(8,'caramelos','#f00505',1,0,'2026-06-10 19:10:26'),(9,'chupetines','#4abf83',1,0,'2026-06-10 19:10:51'),(10,'malvaviscos','#18d8c1',1,0,'2026-06-21 13:14:45'),(11,'girasoles','#9dd39c',1,0,'2026-06-21 14:22:42'),(12,'turrones','#ae657b',1,0,'2026-06-21 14:23:16'),(13,'jugos en polvo','#7a50dc',1,0,'2026-06-21 14:34:21'),(14,'jugos frutales','#e5aedb',1,0,'2026-06-21 14:35:07'),(15,'cervezas','#e7770d',1,0,'2026-06-21 15:24:19'),(16,'cereales','#6c757d',1,0,'2026-06-21 15:30:16'),(17,'leche chocolatada','#f0210a',1,0,'2026-06-21 15:34:12');
/*!40000 ALTER TABLE `categoria` ENABLE KEYS */;
UNLOCK TABLES;

--
-- Table structure for table `cheque_propio`
--

DROP TABLE IF EXISTS `cheque_propio`;
/*!40101 SET @saved_cs_client     = @@character_set_client */;
/*!50503 SET character_set_client = utf8mb4 */;
CREATE TABLE `cheque_propio` (
  `id` int(11) NOT NULL AUTO_INCREMENT,
  `banco` varchar(50) NOT NULL,
  `cuenta` varchar(30) DEFAULT NULL,
  `numero` varchar(20) NOT NULL,
  `fecha_emision` date NOT NULL,
  `fecha_vencimiento` date DEFAULT NULL,
  `monto` decimal(12,2) NOT NULL DEFAULT 0.00,
  `estado` varchar(15) NOT NULL DEFAULT 'pendiente' COMMENT 'pendiente/entregado/cobrado/rechazado/anulado',
  `proveedor_id` int(11) DEFAULT NULL,
  `pago_id` int(11) DEFAULT NULL,
  `fecha_entrega` date DEFAULT NULL,
  `fecha_cobro` date DEFAULT NULL,
  `observaciones` text DEFAULT NULL,
  `fecha_carga` datetime NOT NULL DEFAULT current_timestamp(),
  PRIMARY KEY (`id`),
  UNIQUE KEY `uq_ch_prop_banco_num` (`banco`,`numero`),
  KEY `idx_ch_prop_estado` (`estado`),
  KEY `idx_ch_prop_vto` (`fecha_vencimiento`),
  KEY `idx_ch_prop_prov` (`proveedor_id`),
  KEY `idx_ch_prop_pago` (`pago_id`),
  CONSTRAINT `fk_ch_prop_pago` FOREIGN KEY (`pago_id`) REFERENCES `pago_proveedor` (`id`) ON DELETE SET NULL ON UPDATE CASCADE,
  CONSTRAINT `fk_ch_prop_prov` FOREIGN KEY (`proveedor_id`) REFERENCES `proveedor` (`id`) ON DELETE SET NULL ON UPDATE CASCADE
) ENGINE=InnoDB DEFAULT CHARSET=utf8mb4 COLLATE=utf8mb4_general_ci;
/*!40101 SET character_set_client = @saved_cs_client */;

--
-- Dumping data for table `cheque_propio`
--

LOCK TABLES `cheque_propio` WRITE;
/*!40000 ALTER TABLE `cheque_propio` DISABLE KEYS */;
/*!40000 ALTER TABLE `cheque_propio` ENABLE KEYS */;
UNLOCK TABLES;

--
-- Table structure for table `cheque_tercero`
--

DROP TABLE IF EXISTS `cheque_tercero`;
/*!40101 SET @saved_cs_client     = @@character_set_client */;
/*!50503 SET character_set_client = utf8mb4 */;
CREATE TABLE `cheque_tercero` (
  `id` int(11) NOT NULL AUTO_INCREMENT,
  `banco` varchar(50) NOT NULL,
  `numero` varchar(20) NOT NULL,
  `librador` varchar(100) DEFAULT NULL,
  `cuit_librador` varchar(13) DEFAULT NULL,
  `fecha_emision` date DEFAULT NULL,
  `fecha_vencimiento` date DEFAULT NULL,
  `monto` decimal(12,2) NOT NULL DEFAULT 0.00,
  `estado` varchar(15) NOT NULL DEFAULT 'en_cartera' COMMENT 'en_cartera/depositado/endosado/cobrado/rechazado',
  `cliente_origen_id` int(11) DEFAULT NULL,
  `proveedor_destino_id` int(11) DEFAULT NULL,
  `pago_id` int(11) DEFAULT NULL,
  `fecha_recepcion` date DEFAULT NULL,
  `fecha_endoso` date DEFAULT NULL,
  `observaciones` text DEFAULT NULL,
  `fecha_carga` datetime NOT NULL DEFAULT current_timestamp(),
  PRIMARY KEY (`id`),
  KEY `idx_ch_terc_estado` (`estado`),
  KEY `idx_ch_terc_vto` (`fecha_vencimiento`),
  KEY `idx_ch_terc_cli` (`cliente_origen_id`),
  KEY `idx_ch_terc_prov` (`proveedor_destino_id`),
  KEY `idx_ch_terc_pago` (`pago_id`),
  CONSTRAINT `fk_ch_terc_cli` FOREIGN KEY (`cliente_origen_id`) REFERENCES `cliente` (`id`) ON DELETE SET NULL ON UPDATE CASCADE,
  CONSTRAINT `fk_ch_terc_pago` FOREIGN KEY (`pago_id`) REFERENCES `pago_proveedor` (`id`) ON DELETE SET NULL ON UPDATE CASCADE,
  CONSTRAINT `fk_ch_terc_prov` FOREIGN KEY (`proveedor_destino_id`) REFERENCES `proveedor` (`id`) ON DELETE SET NULL ON UPDATE CASCADE
) ENGINE=InnoDB DEFAULT CHARSET=utf8mb4 COLLATE=utf8mb4_general_ci;
/*!40101 SET character_set_client = @saved_cs_client */;

--
-- Dumping data for table `cheque_tercero`
--

LOCK TABLES `cheque_tercero` WRITE;
/*!40000 ALTER TABLE `cheque_tercero` DISABLE KEYS */;
/*!40000 ALTER TABLE `cheque_tercero` ENABLE KEYS */;
UNLOCK TABLES;

--
-- Table structure for table `cliente`
--

DROP TABLE IF EXISTS `cliente`;
/*!40101 SET @saved_cs_client     = @@character_set_client */;
/*!50503 SET character_set_client = utf8mb4 */;
CREATE TABLE `cliente` (
  `id` int(11) NOT NULL AUTO_INCREMENT,
  `nombre` varchar(100) NOT NULL,
  `documento` varchar(20) DEFAULT NULL,
  `tipo_documento` varchar(10) DEFAULT 'DNI',
  `email` varchar(100) DEFAULT NULL,
  `telefono` varchar(20) DEFAULT NULL,
  `direccion` text DEFAULT NULL,
  `condicion_iva` varchar(50) DEFAULT 'CONSUMIDOR_FINAL',
  `fecha_creacion` timestamp NOT NULL DEFAULT current_timestamp(),
  `activo` tinyint(1) DEFAULT 1,
  `lista_precio` int(11) DEFAULT 1,
  `tipo_precio` varchar(10) DEFAULT 'venta',
  `saldo` decimal(12,2) DEFAULT 0.00 COMMENT 'Saldo pendiente del cliente. Positivo=debe, Negativo=a favor',
  `zona_id` int(11) DEFAULT NULL COMMENT 'Zona de reparto del cliente',
  `es_intermediario` tinyint(1) NOT NULL DEFAULT 0 COMMENT 'Cliente intermediario para consignaciones',
  `vendedor_id` int(11) DEFAULT NULL COMMENT 'Vendedor asignado al cliente',
  `dias_vencimiento_factura` int(11) DEFAULT NULL COMMENT 'Dias desde emision para el vencimiento de facturas del cliente',
  PRIMARY KEY (`id`),
  KEY `idx_documento` (`documento`),
  KEY `fk_cliente_zona_rep` (`zona_id`),
  KEY `fk_cliente_vendedor_asig` (`vendedor_id`),
  CONSTRAINT `fk_cliente_vendedor_asig` FOREIGN KEY (`vendedor_id`) REFERENCES `vendedor` (`id`) ON DELETE SET NULL,
  CONSTRAINT `fk_cliente_zona_rep` FOREIGN KEY (`zona_id`) REFERENCES `zona` (`id`) ON DELETE SET NULL
) ENGINE=InnoDB AUTO_INCREMENT=103 DEFAULT CHARSET=utf8mb4 COLLATE=utf8mb4_unicode_ci;
/*!40101 SET character_set_client = @saved_cs_client */;

--
-- Dumping data for table `cliente`
--

LOCK TABLES `cliente` WRITE;
/*!40000 ALTER TABLE `cliente` DISABLE KEYS */;
INSERT INTO `cliente` VALUES (1,'Consumidor Final','1111111111','DNI',NULL,NULL,NULL,'CONSUMIDOR_FINAL','2026-05-10 11:14:10',1,1,'venta',0.00,NULL,0,NULL,NULL),(2,'CARLA ACUÑA',NULL,'DNI',NULL,'3364176853','ALBERDI 552','CONSUMIDOR_FINAL','2026-05-14 23:58:04',1,1,'venta',0.00,NULL,0,2,NULL),(3,'SASSANO MARIELA','25262580','DNI',NULL,'3364633775','MORENO Y LEON GURUCIAGA','CONSUMIDOR_FINAL','2026-05-14 23:58:59',1,1,'venta',0.00,NULL,0,2,NULL),(4,'QUIROZ GABRIELA',NULL,'DNI',NULL,'3364279197','LEON GURUCIAGA 561','CONSUMIDOR_FINAL','2026-05-14 23:59:45',1,1,'venta',0.00,NULL,0,2,NULL),(5,'MUÑIZ SILVIA',NULL,'DNI',NULL,'3364564728','BELGRANO 681','CONSUMIDOR_FINAL','2026-05-15 00:00:43',1,1,'venta',0.00,NULL,0,2,NULL),(6,'ESTEVANO MARIANA',NULL,'DNI',NULL,'3364272434','LAVALLE 614','CONSUMIDOR_FINAL','2026-05-15 00:01:23',1,1,'venta',0.00,NULL,0,2,NULL),(7,'CARDOZO ROBERTA',NULL,'DNI',NULL,'3364580078','LAVALLE Y OBLIGADO','CONSUMIDOR_FINAL','2026-05-15 00:01:59',1,1,'venta',0.00,NULL,0,2,NULL),(8,'RANELLI AMALIA',NULL,'DNI',NULL,'3364579972','LAVALLE Y OBLIGADO','CONSUMIDOR_FINAL','2026-05-15 00:02:42',1,1,'venta',0.00,NULL,0,2,NULL),(9,'SORRENTINO NATALIA',NULL,'DNI',NULL,'3364510117','LAVALLE 521','CONSUMIDOR_FINAL','2026-05-15 00:03:18',1,1,'venta',0.00,NULL,0,2,NULL),(10,'VOLKER HECTOR',NULL,'DNI',NULL,'3364298626','MITRE 520','CONSUMIDOR_FINAL','2026-05-15 00:03:59',1,1,'venta',0.00,NULL,0,NULL,NULL),(11,'CABRERA NATALIA',NULL,'DNI',NULL,'3364526733','ECHEVERRIA 43','CONSUMIDOR_FINAL','2026-05-15 00:04:33',1,1,'venta',0.00,NULL,0,NULL,NULL),(12,'THE MARKET',NULL,'DNI',NULL,'3364350178','NACION Y ECHEVERRIA','CONSUMIDOR_FINAL','2026-05-15 00:05:08',1,1,'venta',0.00,NULL,0,2,NULL),(13,'MISERE FRANCO',NULL,'DNI',NULL,'3364287301','NACION 546','CONSUMIDOR_FINAL','2026-05-15 00:05:44',1,1,'venta',0.00,NULL,0,2,NULL),(14,'NN',NULL,'DNI',NULL,NULL,'NACION 656','CONSUMIDOR_FINAL','2026-05-15 00:06:18',1,1,'venta',0.00,NULL,0,NULL,NULL),(15,'ESCUELA NORMAL',NULL,'DNI',NULL,NULL,NULL,'CONSUMIDOR_FINAL','2026-05-15 00:06:43',1,1,'venta',0.00,NULL,0,2,NULL),(16,'SCALISE WALTER',NULL,'DNI',NULL,'3364213373','PELLEGRINI 582','CONSUMIDOR_FINAL','2026-05-15 00:07:30',1,1,'venta',0.00,NULL,0,2,NULL),(17,'LOPEZ KARINA',NULL,'DNI',NULL,'3364027632','PELLEGRINI 499 (ESQUINA ROCA)','CONSUMIDOR_FINAL','2026-05-15 00:08:21',1,1,'venta',0.00,NULL,0,2,NULL),(18,'SALINAS VALERIA',NULL,'DNI',NULL,'3364200416','PELLEGRINI 483','CONSUMIDOR_FINAL','2026-05-15 00:09:19',1,1,'venta',0.00,NULL,0,2,NULL),(19,'GUALDONI MARINA',NULL,'DNI',NULL,'3364386328','SAVIO Y PELLEGRINI','CONSUMIDOR_FINAL','2026-05-15 00:10:12',1,1,'venta',0.00,NULL,0,2,NULL),(20,'GEROMINI ROXANA',NULL,'DNI',NULL,'3364646711','SAVIO 54','CONSUMIDOR_FINAL','2026-05-15 00:10:56',1,1,'venta',0.00,NULL,0,2,NULL),(21,'GRAZIANI AGUSTINA',NULL,'DNI',NULL,'3364205308','GARIBALDI 543','CONSUMIDOR_FINAL','2026-05-15 00:11:42',1,1,'venta',0.00,NULL,0,2,NULL),(22,'VERONICA',NULL,'DNI',NULL,'3364526733','BALCARCE 171','CONSUMIDOR_FINAL','2026-05-15 00:12:42',1,1,'venta',0.00,NULL,0,2,NULL),(23,'OZUNA NOELIA',NULL,'DNI',NULL,'3364011077','ESPAÑA 529','CONSUMIDOR_FINAL','2026-05-15 00:13:27',1,1,'venta',0.00,NULL,0,2,NULL),(24,'TATO LO DEL CHIMI',NULL,'DNI',NULL,'3364343177','ROCA 177','CONSUMIDOR_FINAL','2026-05-15 00:14:08',1,1,'venta',0.00,NULL,0,2,NULL),(25,'PARO DAMIAN',NULL,'DNI',NULL,'3364669861','JUAN B JUSTO 512','CONSUMIDOR_FINAL','2026-05-15 00:14:52',1,1,'venta',0.00,NULL,0,2,NULL),(26,'ALEGRETE MARIEL',NULL,'DNI',NULL,'3364568370','FALCON Y ALVEAR','CONSUMIDOR_FINAL','2026-05-15 00:15:34',1,1,'venta',0.00,NULL,0,2,NULL),(27,'PAOLA',NULL,'DNI',NULL,'3364544851','SAVIO Y AMEGHINO','CONSUMIDOR_FINAL','2026-05-15 00:16:07',1,1,'venta',0.00,NULL,0,2,NULL),(28,'BORDA YASMIN',NULL,'DNI',NULL,'3364544851','ALEM Y GARIBALDI','CONSUMIDOR_FINAL','2026-05-15 00:18:05',1,1,'venta',0.00,NULL,0,2,NULL),(29,'GONZALEZ RAMON',NULL,'DNI',NULL,'3364661952','NECOCHEA 559','CONSUMIDOR_FINAL','2026-05-15 00:18:53',1,1,'venta',0.00,NULL,0,2,NULL),(30,'RAMIREZ PATRICIA',NULL,'DNI',NULL,'3364255260','NECOCHEA 578','CONSUMIDOR_FINAL','2026-05-15 00:19:26',1,1,'venta',0.00,NULL,0,2,NULL),(31,'DIAZ VICTOR',NULL,'DNI',NULL,'3364275914','NECOCHEA 654','CONSUMIDOR_FINAL','2026-05-15 00:20:08',1,1,'venta',0.00,NULL,0,2,NULL),(32,'FUGLINI ALICIA',NULL,'DNI',NULL,'3364670049','PRINGLES 614','CONSUMIDOR_FINAL','2026-05-15 00:20:48',1,1,'venta',0.00,NULL,0,2,NULL),(33,'GONZALEZ CELESTE',NULL,'DNI',NULL,'3364259530','SAN JOSE 578','CONSUMIDOR_FINAL','2026-05-15 00:21:27',1,1,'venta',0.00,NULL,0,NULL,NULL),(34,'FRESART CARLOS',NULL,'DNI',NULL,'3364669223','MORTEO 272','CONSUMIDOR_FINAL','2026-05-15 00:22:01',1,1,'venta',0.00,NULL,0,2,NULL),(35,'CINTIA',NULL,'DNI',NULL,'3364307989','SAVIO','CONSUMIDOR_FINAL','2026-05-15 00:23:09',1,1,'venta',0.00,NULL,0,2,NULL),(36,'ORTOLANI CAROLINA',NULL,'DNI',NULL,'3364025906','COCHABAMBA 598','CONSUMIDOR_FINAL','2026-05-15 00:24:03',1,1,'venta',0.00,NULL,0,2,NULL),(37,'SCARINZI MARTA',NULL,'DNI',NULL,'3364320853','ALVEAR 643','CONSUMIDOR_FINAL','2026-05-15 00:24:38',1,1,'venta',0.00,NULL,0,2,NULL),(38,'PEDOTTO GABRIELA',NULL,'DNI',NULL,'3364010298','BENITEZ 578','CONSUMIDOR_FINAL','2026-05-15 00:25:15',1,1,'venta',0.00,NULL,0,2,NULL),(39,'FLORENTIN MARIEL',NULL,'DNI',NULL,'3364376016','SAN LORENZO 573','CONSUMIDOR_FINAL','2026-05-15 00:25:53',1,1,'venta',0.00,NULL,0,2,NULL),(40,'CASAS AZUCENA',NULL,'DNI',NULL,'3364619294','TERRAZON Y BALCARCE','CONSUMIDOR_FINAL','2026-05-15 00:26:44',1,1,'venta',0.00,NULL,0,2,NULL),(41,'TROTTA MIRTA',NULL,'DNI',NULL,'3364381175','COCHABAMBA 750','CONSUMIDOR_FINAL','2026-05-15 00:27:17',1,1,'venta',0.00,NULL,0,2,NULL),(42,'TOTRO LUCIANA',NULL,'DNI',NULL,'3364582190','MONTEVIDEO 672','CONSUMIDOR_FINAL','2026-05-15 00:28:07',1,1,'venta',0.00,NULL,0,2,NULL),(43,'WEISS URIEL',NULL,'DNI',NULL,'3364676814','COCHABAMBA 648','CONSUMIDOR_FINAL','2026-05-15 00:29:53',1,1,'venta',0.00,NULL,0,2,NULL),(44,'JAIME CRISTIAN',NULL,'DNI',NULL,'3364185780','LAS HERAS 677','CONSUMIDOR_FINAL','2026-05-15 00:30:30',1,1,'venta',0.00,NULL,0,2,NULL),(45,'MUÑOZ BARBARA',NULL,'DNI',NULL,'3364297352','ROCA 714','CONSUMIDOR_FINAL','2026-05-15 00:31:03',1,1,'venta',0.00,NULL,0,2,NULL),(46,'EUCALYPTUS FUSION SAN NICOLAS S.A','30718983343','CUIT',NULL,NULL,'SANTIAGO DERQUI 967','IVA_RESPONSABLE_INSCRIPTO','2026-05-29 20:32:52',1,1,'venta',0.00,NULL,0,1,NULL),(47,'LEGUIZAMON MARIELA',NULL,'DNI',NULL,'3364312586','BOGADO 616','CONSUMIDOR_FINAL','2026-05-30 16:19:27',1,2,'venta',0.00,NULL,0,1,NULL),(48,'VELAZQUEZ MICAELA',NULL,'DNI',NULL,'3364312586','BROWN 1675','CONSUMIDOR_FINAL','2026-06-01 14:45:16',1,1,'venta',0.00,NULL,0,1,NULL),(49,'CORDOBA NORA',NULL,'DNI',NULL,'3364697750','PALERMO 1332','CONSUMIDOR_FINAL','2026-06-01 14:58:34',1,1,'venta',0.00,NULL,0,1,NULL),(50,'ACOSTA MARIELA',NULL,'DNI',NULL,'3364289079','MONTIEL 1514','CONSUMIDOR_FINAL','2026-06-01 15:06:40',1,1,'venta',0.00,NULL,0,1,2),(51,'START UP ORUE VANESA','28770501','DNI',NULL,'3364201698','MORENO 6','CONSUMIDOR_FINAL','2026-06-01 15:34:22',1,1,'venta',0.00,NULL,0,1,NULL),(52,'ASOCIACION MUTUAL ALBOR','30707754075','CUIT',NULL,'3364597066','PELLEGRINI 750','IVA_SUJETO_EXENTO','2026-06-01 15:52:47',1,1,'venta',0.00,NULL,0,NULL,NULL),(53,'DAVIDT LUCIANA',NULL,'DNI',NULL,'3364315669','ALVEAR 1704','CONSUMIDOR_FINAL','2026-06-01 15:55:05',1,1,'venta',0.00,NULL,0,1,NULL),(54,'FERNANDEZ EMILIA','35893373','DNI',NULL,NULL,'BV.ITURBURU 297 . GRAL ROJO','CONSUMIDOR_FINAL','2026-06-01 16:00:52',1,1,'venta',0.00,NULL,0,1,NULL),(55,'RODRIGUEZ SOLEDAD',NULL,'DNI',NULL,'3364615254','DEL POZO 993','CONSUMIDOR_FINAL','2026-06-01 16:03:57',1,1,'venta',0.00,NULL,0,1,NULL),(56,'GARCIA SUSANA',NULL,'DNI',NULL,'3364650126','DEL POZO 2384','CONSUMIDOR_FINAL','2026-06-01 16:06:08',1,1,'venta',0.00,NULL,0,1,NULL),(57,'JOURDAN PABLO',NULL,'DNI',NULL,'3416935811','ARAMBURU 1190','CONSUMIDOR_FINAL','2026-06-01 16:08:09',1,1,'venta',0.00,NULL,0,1,NULL),(58,'MEZZERA MARIANA',NULL,'DNI',NULL,NULL,'MORENO 406 (FRAY LUIS BELTRAN)','CONSUMIDOR_FINAL','2026-06-01 16:22:56',1,1,'venta',0.00,NULL,0,1,NULL),(59,'PIEDRA ANABELLA',NULL,'DNI',NULL,'3364582680','ACEVEDO 2397','CONSUMIDOR_FINAL','2026-06-01 16:24:23',1,1,'venta',0.00,NULL,0,1,NULL),(60,'BASUALDO PATRICIA',NULL,'DNI',NULL,'3364185029','DEL POZO 943','CONSUMIDOR_FINAL','2026-06-01 16:26:21',1,1,'venta',0.00,NULL,0,1,NULL),(61,'GUTIERREZ MILAGROS',NULL,'DNI',NULL,'3364031382','JUJUY 1335','CONSUMIDOR_FINAL','2026-06-01 16:30:57',1,1,'venta',0.00,NULL,0,1,NULL),(62,'SOTO ADELINA',NULL,'DNI',NULL,'3364330864','BERNARDINO DEL POZO 1079','CONSUMIDOR_FINAL','2026-06-01 16:31:58',1,1,'venta',0.00,NULL,0,1,NULL),(63,'MARIA ROSA (EP N2)',NULL,'DNI',NULL,NULL,NULL,'CONSUMIDOR_FINAL','2026-06-01 16:33:41',1,1,'venta',0.00,NULL,0,1,NULL),(64,'ALMADA MELINA',NULL,'DNI',NULL,'3364356760','ALVEAR 1672','CONSUMIDOR_FINAL','2026-06-01 16:34:44',1,1,'venta',0.00,NULL,0,1,3),(65,'SADOUX FABIANA',NULL,'DNI',NULL,'3364667842','LA PLATA 1382','CONSUMIDOR_FINAL','2026-06-01 16:43:08',1,1,'venta',0.00,NULL,0,1,NULL),(66,'BIERMANN GLENDA (EP 34)',NULL,'DNI',NULL,NULL,NULL,'CONSUMIDOR_FINAL','2026-06-01 16:44:59',1,1,'venta',0.00,NULL,0,1,NULL),(67,'CONTRERAS NATALIA',NULL,'DNI',NULL,'3364278186','DEL ACUERDO 1394','CONSUMIDOR_FINAL','2026-06-01 16:47:28',1,1,'venta',0.00,NULL,0,1,NULL),(68,'MOSQUERA CESAR',NULL,'DNI',NULL,'3364666134','AUTOPISTA TTE. GRAL ARAMBURU (RN9) KM 223 Y ARROYO RAMALLO (CAMPING)','CONSUMIDOR_FINAL','2026-06-01 17:03:43',1,1,'venta',0.00,NULL,0,1,NULL),(69,'SANGASIS CAROLINA',NULL,'DNI',NULL,'3364034729','AV.HIPOLITO IRIGOYEN 402','CONSUMIDOR_FINAL','2026-06-01 17:05:00',1,1,'venta',0.00,NULL,0,1,NULL),(70,'RODRIGUEZ ABRIL',NULL,'DNI',NULL,'3364018286','POMBO 911','CONSUMIDOR_FINAL','2026-06-01 17:05:52',1,1,'venta',0.00,NULL,0,1,NULL),(71,'MONTALDO MONICA',NULL,'DNI',NULL,'3364656915','RIVADAVIA Y CAVALLI','CONSUMIDOR_FINAL','2026-06-01 17:12:52',1,1,'venta',0.00,NULL,0,2,NULL),(72,'MARIANELLI MONICA',NULL,'DNI',NULL,'3364278899','BROWN 1760','CONSUMIDOR_FINAL','2026-06-04 11:38:39',1,1,'venta',0.00,NULL,0,1,NULL),(73,'UBAL CLAUDIA',NULL,'DNI',NULL,'3364352304','GENDARMERIA NACIONA 668','CONSUMIDOR_FINAL','2026-06-04 11:40:20',1,1,'venta',0.00,NULL,0,1,NULL),(74,'RIGALI MAIRA ALEJANDRA',NULL,'DNI',NULL,'3364182191','HOWARD 1571','CONSUMIDOR_FINAL','2026-06-04 12:48:40',1,1,'venta',0.00,NULL,0,1,NULL),(75,'SOLOAGA ALEJO',NULL,'DNI',NULL,'3364285537',NULL,'CONSUMIDOR_FINAL','2026-06-04 15:43:57',1,1,'venta',0.00,NULL,0,2,NULL),(76,'SUSTO MIRIAM',NULL,'DNI',NULL,'3364332465','25 DE MAYO 477','CONSUMIDOR_FINAL','2026-06-04 15:53:53',1,1,'venta',0.00,NULL,0,2,NULL),(77,'HERRERA MIRTA',NULL,'DNI',NULL,'3364374164','PAOLINI 137','CONSUMIDOR_FINAL','2026-06-04 15:58:52',1,1,'venta',0.00,NULL,0,2,NULL),(78,'ENGELBRECHT ULISES',NULL,'DNI',NULL,'3364290508','ALVEAR 470','CONSUMIDOR_FINAL','2026-06-04 16:04:50',1,1,'venta',0.00,NULL,0,1,NULL),(79,'RABO ALICIA',NULL,'DNI',NULL,'3364214154','TERRAZON 302','CONSUMIDOR_FINAL','2026-06-04 16:08:30',1,1,'venta',0.00,NULL,0,2,NULL),(80,'KERPS GIMENA ( EP31 )',NULL,'DNI',NULL,NULL,'URQUIZA 529','CONSUMIDOR_FINAL','2026-06-04 22:19:45',1,1,'venta',0.00,NULL,0,1,NULL),(81,'BERTI JUAN CRUZ',NULL,'DNI',NULL,'3364549778','REYNOSO 319','CONSUMIDOR_FINAL','2026-06-05 13:20:28',1,1,'venta',0.00,NULL,0,1,NULL),(82,'FERREYRA MARIA',NULL,'DNI',NULL,'3364635372','LA PLATA 1333','CONSUMIDOR_FINAL','2026-06-05 22:48:06',1,1,'venta',0.00,NULL,0,1,NULL),(83,'PELLIERINO SERGIO',NULL,'DNI',NULL,'3364657960','SAN JOSE 578','CONSUMIDOR_FINAL','2026-06-07 22:15:51',1,1,'venta',0.00,NULL,0,2,NULL),(84,'NAVARRO HECTOR',NULL,'DNI',NULL,'3364564163','VARELA 731','CONSUMIDOR_FINAL','2026-06-07 22:19:31',1,1,'venta',0.00,NULL,0,2,NULL),(85,'SIVORI MARIA SOL',NULL,'DNI',NULL,'3364196448','AV.FALCON 242','CONSUMIDOR_FINAL','2026-06-07 22:21:31',1,1,'venta',0.00,NULL,0,2,NULL),(86,'CLERICI ALICIA',NULL,'DNI',NULL,'3364206994','RIVADAVIA Y NECOCHEA','CONSUMIDOR_FINAL','2026-06-07 22:22:12',1,1,'venta',0.00,NULL,0,2,NULL),(87,'IMAZ CARLOS',NULL,'DNI',NULL,'3364006775','DON BOSCO 478','CONSUMIDOR_FINAL','2026-06-07 22:23:08',1,1,'venta',0.00,NULL,0,2,NULL),(88,'VICTORIA MARKET 275',NULL,'DNI',NULL,'3364272119','SAVIO 275','CONSUMIDOR_FINAL','2026-06-07 22:23:55',1,1,'venta',0.00,NULL,0,2,NULL),(89,'DIAZ DAIANA',NULL,'DNI',NULL,'3364670208','POMBO 941','CONSUMIDOR_FINAL','2026-06-07 22:28:19',1,1,'venta',0.00,NULL,0,1,NULL),(90,'AREVALO SANDRA',NULL,'DNI',NULL,'3364185783','PALERMO 1337','CONSUMIDOR_FINAL','2026-06-07 22:29:42',1,1,'venta',0.00,NULL,0,1,NULL),(91,'RICHARD PATRICIA',NULL,'DNI',NULL,'3364645260','PALERMO 1368','CONSUMIDOR_FINAL','2026-06-07 22:30:21',1,1,'venta',0.00,NULL,0,1,NULL),(92,'YACUZZI PAOLA',NULL,'DNI',NULL,'3364317961','MALVINAS ARGENTINAS 1045','CONSUMIDOR_FINAL','2026-06-07 22:32:53',1,1,'venta',0.00,NULL,0,1,NULL),(93,'SOSA MAURICIO',NULL,'DNI',NULL,'3364319760','SECTOR N CASA 4','CONSUMIDOR_FINAL','2026-06-07 22:34:21',1,1,'venta',0.00,NULL,0,1,NULL),(94,'MONTES NATALIA',NULL,'DNI',NULL,'3364617107','DEL POZO 2335','CONSUMIDOR_FINAL','2026-06-07 22:35:13',1,1,'venta',0.00,NULL,0,1,NULL),(95,'BAR EL FAROLITO',NULL,'DNI',NULL,'3364 32-0084','MORTEO 24','CONSUMIDOR_FINAL','2026-06-11 20:38:19',1,1,'venta',0.00,NULL,0,1,NULL),(96,'AUTOMOVIL CLUB SAN NICOLAS',NULL,'DNI',NULL,'3364284909','PRESIDENTE ILLIA 975','CONSUMIDOR_FINAL','2026-06-13 21:17:31',1,1,'venta',0.00,NULL,0,NULL,NULL),(97,'ANGI PAGLIUCA',NULL,'DNI',NULL,'3364546976','ALEM 782','CONSUMIDOR_FINAL','2026-06-14 13:09:06',1,1,'venta',0.00,NULL,0,NULL,NULL),(98,'ALEJANDRA BANDE',NULL,'DNI',NULL,'3364564251','ALVAREZ 600','CONSUMIDOR_FINAL','2026-06-17 11:52:14',1,1,'venta',0.00,NULL,0,NULL,NULL),(99,'DENEGRI FERNANDO','27652706','DNI',NULL,'3364215002','VICTORIA 1470','CONSUMIDOR_FINAL','2026-06-17 15:24:33',1,1,'venta',0.00,NULL,0,NULL,NULL),(100,'GALLEGOS ROSANA',NULL,'DNI',NULL,'3364206466','DON BOSCO Y SAN LORENZO','CONSUMIDOR_FINAL','2026-06-19 13:05:37',1,1,'venta',0.00,NULL,0,NULL,NULL),(101,'JUAN MARTIN TORAL','48135477','DNI',NULL,'3415691148','PRINGLES 523','CONSUMIDOR_FINAL','2026-06-23 12:23:03',1,1,'venta',0.00,NULL,0,NULL,NULL),(102,'BEX FIAMBRERIA',NULL,'DNI',NULL,NULL,'PELLEGRINI 700','CONSUMIDOR_FINAL','2026-06-24 12:45:10',1,1,'venta',0.00,NULL,0,NULL,NULL);
/*!40000 ALTER TABLE `cliente` ENABLE KEYS */;
UNLOCK TABLES;

--
-- Table structure for table `configuracion`
--

DROP TABLE IF EXISTS `configuracion`;
/*!40101 SET @saved_cs_client     = @@character_set_client */;
/*!50503 SET character_set_client = utf8mb4 */;
CREATE TABLE `configuracion` (
  `id` int(11) NOT NULL AUTO_INCREMENT,
  `clave` varchar(100) NOT NULL,
  `valor` text DEFAULT NULL,
  `descripcion` varchar(255) DEFAULT NULL,
  `fecha_modificacion` timestamp NOT NULL DEFAULT current_timestamp() ON UPDATE current_timestamp(),
  PRIMARY KEY (`id`),
  UNIQUE KEY `clave` (`clave`)
) ENGINE=InnoDB AUTO_INCREMENT=11 DEFAULT CHARSET=utf8mb4 COLLATE=utf8mb4_unicode_ci;
/*!40101 SET character_set_client = @saved_cs_client */;

--
-- Dumping data for table `configuracion`
--

LOCK TABLES `configuracion` WRITE;
/*!40000 ALTER TABLE `configuracion` DISABLE KEYS */;
INSERT INTO `configuracion` VALUES (1,'empresa_razon_social','DISTRIBUIDORA DEMO SRL','Razón social de la empresa','2026-05-09 23:58:19'),(2,'empresa_cuit','20000000000','CUIT de la empresa','2026-05-09 23:58:19'),(3,'empresa_direccion','Sin definir','Dirección de la empresa','2026-05-09 23:58:19'),(4,'empresa_telefono','Sin definir','Teléfono de la empresa','2026-05-09 23:58:19'),(5,'empresa_email','demo@distribuidora.com','Email de la empresa','2026-05-09 23:58:19'),(6,'punto_venta','1','Número de punto de venta AFIP','2025-08-09 18:39:16'),(7,'usa_afip','true','Si usa integración con AFIP','2025-08-09 18:39:16'),(8,'ambiente_afip','homologacion','Ambiente AFIP: homologacion o produccion','2025-08-09 18:39:16'),(9,'redondear_precios','false','Si es true, redondea precios de venta al entero más cercano (10.58 → 11)','2026-05-07 21:56:32'),(10,'qr_escaner_url','https://distri.factufacil.ar/escaner','URL pública del escáner para QR de góndola','2026-06-19 16:04:27');
/*!40000 ALTER TABLE `configuracion` ENABLE KEYS */;
UNLOCK TABLES;

--
-- Table structure for table `configuracion_pedidos`
--

DROP TABLE IF EXISTS `configuracion_pedidos`;
/*!40101 SET @saved_cs_client     = @@character_set_client */;
/*!50503 SET character_set_client = utf8mb4 */;
CREATE TABLE `configuracion_pedidos` (
  `id` int(11) NOT NULL DEFAULT 1,
  `lista_retiro` int(11) DEFAULT 1,
  `lista_envio` int(11) DEFAULT 2,
  `updated_at` timestamp NOT NULL DEFAULT current_timestamp() ON UPDATE current_timestamp(),
  PRIMARY KEY (`id`)
) ENGINE=InnoDB DEFAULT CHARSET=utf8mb4 COLLATE=utf8mb4_unicode_ci;
/*!40101 SET character_set_client = @saved_cs_client */;

--
-- Dumping data for table `configuracion_pedidos`
--

LOCK TABLES `configuracion_pedidos` WRITE;
/*!40000 ALTER TABLE `configuracion_pedidos` DISABLE KEYS */;
INSERT INTO `configuracion_pedidos` VALUES (1,1,1,'2026-05-09 01:42:13');
/*!40000 ALTER TABLE `configuracion_pedidos` ENABLE KEYS */;
UNLOCK TABLES;

--
-- Table structure for table `cta_cte_detalle`
--

DROP TABLE IF EXISTS `cta_cte_detalle`;
/*!40101 SET @saved_cs_client     = @@character_set_client */;
/*!50503 SET character_set_client = utf8mb4 */;
CREATE TABLE `cta_cte_detalle` (
  `id` int(11) NOT NULL AUTO_INCREMENT,
  `movimiento_id` int(11) NOT NULL,
  `producto_id` int(11) NOT NULL,
  `descripcion` varchar(200) DEFAULT NULL,
  `cantidad` decimal(10,3) NOT NULL,
  `precio_unitario` decimal(10,2) NOT NULL,
  `subtotal` decimal(12,2) NOT NULL,
  `porcentaje_iva` decimal(5,2) DEFAULT 21.00,
  `importe_iva` decimal(10,2) DEFAULT 0.00,
  `estado` varchar(20) DEFAULT 'pendiente',
  `factura_id` int(11) DEFAULT NULL,
  PRIMARY KEY (`id`),
  KEY `idx_movimiento_id` (`movimiento_id`),
  CONSTRAINT `fk_ctacte_movimiento` FOREIGN KEY (`movimiento_id`) REFERENCES `cta_cte_movimiento` (`id`) ON DELETE CASCADE
) ENGINE=InnoDB DEFAULT CHARSET=utf8mb4 COLLATE=utf8mb4_general_ci;
/*!40101 SET character_set_client = @saved_cs_client */;

--
-- Dumping data for table `cta_cte_detalle`
--

LOCK TABLES `cta_cte_detalle` WRITE;
/*!40000 ALTER TABLE `cta_cte_detalle` DISABLE KEYS */;
/*!40000 ALTER TABLE `cta_cte_detalle` ENABLE KEYS */;
UNLOCK TABLES;

--
-- Table structure for table `cta_cte_movimiento`
--

DROP TABLE IF EXISTS `cta_cte_movimiento`;
/*!40101 SET @saved_cs_client     = @@character_set_client */;
/*!50503 SET character_set_client = utf8mb4 */;
CREATE TABLE `cta_cte_movimiento` (
  `id` int(11) NOT NULL AUTO_INCREMENT,
  `cliente_id` int(11) NOT NULL,
  `fecha` datetime DEFAULT current_timestamp(),
  `tipo` enum('venta_fiada','pago','nota_credito','ajuste') NOT NULL DEFAULT 'venta_fiada',
  `estado` enum('pendiente','pagado','cancelado','anulado','anulada') DEFAULT 'pendiente',
  `monto_total` decimal(10,2) NOT NULL,
  `factura_id` int(11) DEFAULT NULL,
  `usuario_id` int(11) NOT NULL,
  `observaciones` text DEFAULT NULL,
  `numero_comprobante` varchar(30) DEFAULT NULL,
  `saldo_pendiente` decimal(12,2) DEFAULT 0.00,
  `tipo_mov` enum('venta','pago','ajuste') DEFAULT 'venta',
  PRIMARY KEY (`id`),
  KEY `idx_cliente` (`cliente_id`),
  KEY `idx_estado` (`estado`),
  KEY `idx_fecha` (`fecha`),
  KEY `fk_cta_cte_factura` (`factura_id`),
  KEY `fk_cta_cte_usuario` (`usuario_id`),
  CONSTRAINT `fk_cta_cte_cliente` FOREIGN KEY (`cliente_id`) REFERENCES `cliente` (`id`),
  CONSTRAINT `fk_cta_cte_factura` FOREIGN KEY (`factura_id`) REFERENCES `factura` (`id`),
  CONSTRAINT `fk_cta_cte_usuario` FOREIGN KEY (`usuario_id`) REFERENCES `usuario` (`id`)
) ENGINE=InnoDB AUTO_INCREMENT=236 DEFAULT CHARSET=utf8mb4 COLLATE=utf8mb4_unicode_ci;
/*!40101 SET character_set_client = @saved_cs_client */;

--
-- Dumping data for table `cta_cte_movimiento`
--

LOCK TABLES `cta_cte_movimiento` WRITE;
/*!40000 ALTER TABLE `cta_cte_movimiento` DISABLE KEYS */;
INSERT INTO `cta_cte_movimiento` VALUES (1,47,'2026-05-30 14:28:55','venta_fiada','pagado',133323.37,7,3,'Comprobante 0006-X0000003','0006-X0000003',0.00,'venta'),(2,48,'2026-06-01 11:55:23','venta_fiada','pendiente',78549.87,8,3,'Comprobante 0006-X0000004','0006-X0000004',39549.87,'venta'),(3,49,'2026-06-01 12:00:09','venta_fiada','pagado',45142.00,9,3,'Comprobante 0006-X0000005','0006-X0000005',0.00,'venta'),(5,50,'2026-06-01 12:26:33','venta_fiada','pagado',31115.00,NULL,3,'Saldo inicial: Migrado desde sistema anterior',NULL,0.00,'venta'),(6,19,'2026-06-01 12:29:23','venta_fiada','pagado',26761.00,NULL,3,'Saldo inicial: Migrado desde sistema anterior',NULL,0.00,'venta'),(7,51,'2026-06-01 12:46:29','venta_fiada','pagado',119317.50,NULL,3,'Saldo inicial: Migrado desde sistema anterior',NULL,0.00,'venta'),(8,17,'2026-06-01 12:47:26','venta_fiada','pagado',36152.00,NULL,3,'Saldo inicial: Migrado desde sistema anterior',NULL,0.00,'venta'),(9,36,'2026-06-01 12:47:54','venta_fiada','pendiente',47760.00,NULL,3,'Saldo inicial: Migrado desde sistema anterior',NULL,3310.00,'venta'),(10,52,'2026-06-01 12:53:48','venta_fiada','pagado',68750.00,NULL,3,'Saldo inicial: Migrado desde sistema anterior',NULL,0.00,'venta'),(11,53,'2026-06-01 12:57:20','venta_fiada','pendiente',87880.00,NULL,3,'Saldo inicial: Migrado desde sistema anterior',NULL,19080.00,'venta'),(12,54,'2026-06-01 13:01:24','venta_fiada','pendiente',1075892.00,NULL,3,'Saldo inicial: Migrado desde sistema anterior',NULL,205892.00,'venta'),(13,55,'2026-06-01 13:04:29','venta_fiada','pagado',106143.00,NULL,3,'Saldo inicial: Migrado desde sistema anterior',NULL,0.00,'venta'),(14,56,'2026-06-01 13:06:31','venta_fiada','pagado',111678.00,NULL,3,'Saldo inicial: Migrado desde sistema anterior',NULL,0.00,'venta'),(15,57,'2026-06-01 13:11:11','venta_fiada','pagado',400115.00,NULL,3,'Saldo inicial: Migrado desde sistema anterior',NULL,0.00,'venta'),(16,58,'2026-06-01 13:23:27','venta_fiada','pendiente',210780.00,NULL,3,'Saldo inicial: Migrado desde sistema anterior',NULL,110780.00,'venta'),(17,59,'2026-06-01 13:24:54','venta_fiada','pagado',60000.00,NULL,3,'Saldo inicial: Migrado desde sistema anterior',NULL,0.00,'venta'),(18,60,'2026-06-01 13:26:53','venta_fiada','pagado',57348.00,NULL,3,'Saldo inicial: Migrado desde sistema anterior',NULL,0.00,'venta'),(19,61,'2026-06-01 13:31:14','venta_fiada','pagado',33155.00,NULL,3,'Saldo inicial: Migrado desde sistema anterior',NULL,0.00,'venta'),(20,62,'2026-06-01 13:32:18','venta_fiada','pagado',30046.00,NULL,3,'Saldo inicial: Migrado desde sistema anterior',NULL,0.00,'venta'),(21,63,'2026-06-01 13:34:01','venta_fiada','pagado',134544.00,NULL,3,'Saldo inicial: Migrado desde sistema anterior',NULL,0.00,'venta'),(22,64,'2026-06-01 13:35:01','venta_fiada','pagado',52014.00,NULL,3,'Saldo inicial: Migrado desde sistema anterior',NULL,0.00,'venta'),(23,65,'2026-06-01 13:43:23','venta_fiada','pagado',181669.00,NULL,3,'Saldo inicial: Migrado desde sistema anterior',NULL,0.00,'venta'),(24,66,'2026-06-01 13:45:17','venta_fiada','pagado',98836.00,NULL,3,'Saldo inicial: Migrado desde sistema anterior',NULL,0.00,'venta'),(25,67,'2026-06-01 13:47:46','venta_fiada','pagado',15000.00,NULL,3,'Saldo inicial: Migrado desde sistema anterior',NULL,0.00,'venta'),(26,46,'2026-06-01 14:01:54','venta_fiada','pendiente',669110.60,NULL,3,'Saldo inicial: Migrado desde sistema anterior',NULL,316901.00,'venta'),(27,68,'2026-06-01 14:04:04','venta_fiada','pagado',358324.00,NULL,3,'Saldo inicial: Migrado desde sistema anterior',NULL,0.00,'venta'),(28,69,'2026-06-01 14:05:18','venta_fiada','pagado',45914.00,NULL,3,'Saldo inicial: Migrado desde sistema anterior',NULL,0.00,'venta'),(29,70,'2026-06-01 14:06:23','venta_fiada','pagado',26796.00,NULL,3,'Saldo inicial: Migrado desde sistema anterior',NULL,0.00,'venta'),(30,63,'2026-06-01 14:10:04','venta_fiada','pagado',37964.08,10,3,'Comprobante 0006-X0000006','0006-X0000006',0.00,'venta'),(31,71,'2026-06-01 14:13:28','venta_fiada','pendiente',192927.00,NULL,3,'Saldo inicial: Migrado desde sistema anterior',NULL,72927.00,'venta'),(32,62,'2026-06-01 20:04:43','venta_fiada','pagado',56818.00,11,3,'Comprobante 0006-X0000007','0006-X0000007',0.00,'venta'),(33,46,'2026-06-02 14:55:03','venta_fiada','pendiente',145741.50,12,3,'Comprobante 0006-00000005','0006-00000005',145741.50,'venta'),(34,52,'2026-06-02 17:24:10','pago','pagado',68750.00,NULL,3,'Recibo de cobro R00000001','R00000001',0.00,'pago'),(35,46,'2026-06-02 18:13:17','pago','pagado',352209.60,NULL,3,'Recibo de cobro R00000002','R00000002',0.00,'pago'),(36,66,'2026-06-02 18:14:29','pago','pagado',38600.00,NULL,3,'Recibo de cobro R00000003','R00000003',0.00,'pago'),(37,63,'2026-06-02 18:30:06','pago','pagado',40000.00,NULL,3,'Recibo de cobro R00000004','R00000004',0.00,'pago'),(38,70,'2026-06-02 18:30:43','pago','pagado',26796.00,NULL,3,'Recibo de cobro R00000005','R00000005',0.00,'pago'),(39,62,'2026-06-02 18:31:55','pago','pagado',30046.00,NULL,3,'Recibo de cobro R00000006','R00000006',0.00,'pago'),(40,66,'2026-06-02 18:33:07','pago','pagado',40100.00,NULL,3,'Recibo de cobro R00000007','R00000007',0.00,'pago'),(41,64,'2026-06-03 20:27:55','venta_fiada','pagado',92129.43,13,3,'Comprobante 0006-X0000008','0006-X0000008',0.00,'venta'),(42,60,'2026-06-04 08:30:07','venta_fiada','pendiente',68528.76,14,3,'Comprobante 0006-X0000009','0006-X0000009',38528.76,'venta'),(43,71,'2026-06-04 08:34:44','venta_fiada','anulado',36511.70,15,3,'Comprobante 0006-X0000010','0006-X0000010',0.00,'venta'),(44,73,'2026-06-04 08:52:12','venta_fiada','pagado',23242.46,16,3,'Comprobante 0006-X0000011','0006-X0000011',0.00,'venta'),(45,72,'2026-06-04 08:57:08','venta_fiada','pagado',36511.70,17,3,'Comprobante 0006-X0000012','0006-X0000012',0.00,'venta'),(46,55,'2026-06-04 09:07:01','venta_fiada','pagado',89395.12,18,3,'Comprobante 0006-X0000013','0006-X0000013',0.00,'venta'),(47,65,'2026-06-04 09:11:20','venta_fiada','pendiente',98369.93,19,3,'Comprobante 0006-X0000014','0006-X0000014',69038.93,'venta'),(48,51,'2026-06-04 09:43:48','venta_fiada','pagado',118922.29,20,3,'Comprobante 0006-X0000015','0006-X0000015',0.00,'venta'),(49,74,'2026-06-04 10:05:27','venta_fiada','pagado',121730.94,21,3,'Comprobante 0006-X0000016','0006-X0000016',0.00,'venta'),(50,66,'2026-06-04 10:34:35','venta_fiada','pagado',249441.65,22,3,'Comprobante 0006-X0000017','0006-X0000017',0.00,'venta'),(51,4,'2026-06-04 11:03:57','venta_fiada','pendiente',79416.96,23,3,'Comprobante 0006-X0000018','0006-X0000018',7416.96,'venta'),(52,19,'2026-06-04 12:34:40','venta_fiada','pagado',20362.00,24,3,'Comprobante 0006-X0000019','0006-X0000019',0.00,'venta'),(53,30,'2026-06-04 12:36:59','venta_fiada','pagado',87201.38,25,3,'Comprobante 0006-X0000020','0006-X0000020',0.00,'venta'),(54,39,'2026-06-04 12:38:56','venta_fiada','pagado',32095.80,26,3,'Comprobante 0006-X0000021','0006-X0000021',0.00,'venta'),(55,38,'2026-06-04 12:41:34','venta_fiada','pagado',39571.46,27,3,'Comprobante 0006-X0000022','0006-X0000022',0.00,'venta'),(56,75,'2026-06-04 12:46:13','venta_fiada','pagado',46999.78,28,3,'Comprobante 0006-X0000023','0006-X0000023',0.00,'venta'),(57,52,'2026-06-04 19:17:18','venta_fiada','pagado',110782.30,34,3,'Comprobante 0006-X0000029','0006-X0000029',0.00,'venta'),(58,80,'2026-06-04 19:26:48','venta_fiada','pendiente',40633.00,35,3,'Comprobante 0006-X0000030','0006-X0000030',40633.00,'venta'),(59,80,'2026-06-04 19:55:59','venta_fiada','anulado',280427.82,36,3,'Comprobante 0006-X0000031','0006-X0000031',0.00,'venta'),(60,81,'2026-06-05 10:22:47','venta_fiada','pendiente',60800.00,38,3,'Comprobante 0006-X0000033','0006-X0000033',30800.00,'venta'),(61,61,'2026-06-05 19:30:13','venta_fiada','pagado',51832.91,39,3,'Comprobante 0006-X0000034','0006-X0000034',0.00,'venta'),(62,50,'2026-06-05 19:37:41','venta_fiada','anulado',53203.52,40,3,'Comprobante 0006-X0000035','0006-X0000035',0.00,'venta'),(63,50,'2026-06-05 19:40:31','venta_fiada','pendiente',43968.96,41,3,'Comprobante 0006-X0000036','0006-X0000036',8968.96,'venta'),(64,82,'2026-06-05 19:52:12','venta_fiada','pagado',31256.00,42,3,'Comprobante 0006-X0000037','0006-X0000037',0.00,'venta'),(65,59,'2026-06-06 13:44:30','venta_fiada','pendiente',152710.04,43,3,'Comprobante 0006-X0000038','0006-X0000038',84000.00,'venta'),(66,69,'2026-06-07 19:56:36','pago','pagado',45914.00,NULL,3,'Recibo de cobro R00000008','R00000008',0.00,'pago'),(67,64,'2026-06-07 19:57:47','pago','pagado',52014.00,NULL,3,'Recibo de cobro R00000009','R00000009',0.00,'pago'),(68,60,'2026-06-07 19:58:29','pago','pagado',57348.00,NULL,3,'Recibo de cobro R00000010','R00000010',0.00,'pago'),(69,68,'2026-06-07 20:11:12','pago','pagado',122000.00,NULL,3,'Recibo de cobro R00000011','R00000011',0.00,'pago'),(70,55,'2026-06-07 20:12:33','pago','pagado',106143.00,NULL,3,'Recibo de cobro R00000012','R00000012',0.00,'pago'),(71,49,'2026-06-07 20:13:05','pago','pagado',45142.00,NULL,3,'Recibo de cobro R00000013','R00000013',0.00,'pago'),(72,38,'2026-06-07 20:13:37','pago','pagado',39571.46,NULL,3,'Recibo de cobro R00000014','R00000014',0.00,'pago'),(73,17,'2026-06-07 20:18:45','pago','pagado',8152.00,NULL,3,'Recibo de cobro R00000015','R00000015',0.00,'pago'),(74,59,'2026-06-07 20:19:20','pago','pagado',60000.00,NULL,3,'Recibo de cobro R00000016','R00000016',0.00,'pago'),(75,72,'2026-06-07 20:21:29','pago','pagado',36511.70,NULL,3,'Recibo de cobro R00000017','R00000017',0.00,'pago'),(76,39,'2026-06-07 20:22:50','pago','pagado',32095.80,NULL,3,'Recibo de cobro R00000018','R00000018',0.00,'pago'),(77,66,'2026-06-07 20:24:55','pago','pagado',64186.00,NULL,3,'Recibo de cobro R00000019','R00000019',0.00,'pago'),(78,36,'2026-06-07 20:35:51','pago','pagado',44450.00,NULL,3,'Recibo de cobro R00000020','R00000020',0.00,'pago'),(79,19,'2026-06-07 20:36:34','pago','pagado',26761.00,NULL,3,'Recibo de cobro R00000021','R00000021',0.00,'pago'),(80,71,'2026-06-07 20:37:30','pago','pagado',50000.00,NULL,3,'Recibo de cobro R00000022','R00000022',0.00,'pago'),(81,17,'2026-06-07 20:38:12','pago','pagado',28000.00,NULL,3,'Recibo de cobro R00000023','R00000023',0.00,'pago'),(82,63,'2026-06-08 07:34:46','venta_fiada','pendiente',14194.28,44,3,'Comprobante 0006-X0000039','0006-X0000039',10202.36,'venta'),(83,50,'2026-06-08 11:03:36','pago','pagado',15000.00,NULL,3,'Recibo de cobro R00000024','R00000024',0.00,'pago'),(84,57,'2026-06-08 16:41:58','venta_fiada','pendiente',239195.74,45,3,'Comprobante 0006-X0000040','0006-X0000040',139310.74,'venta'),(85,57,'2026-06-08 20:35:20','venta_fiada','pendiente',39196.76,46,3,'Comprobante 0006-X0000041','0006-X0000041',39196.76,'venta'),(86,52,'2026-06-09 09:55:04','venta_fiada','pagado',252679.66,47,3,'Comprobante 0006-00000006','0006-00000006',0.00,'venta'),(87,92,'2026-06-09 10:11:36','venta_fiada','pagado',71615.06,48,3,'Comprobante 0006-X0000042','0006-X0000042',0.00,'venta'),(88,80,'2026-06-09 11:17:04','venta_fiada','pagado',136090.91,49,3,'Comprobante 0006-X0000043','0006-X0000043',0.00,'venta'),(89,63,'2026-06-11 09:21:40','venta_fiada','pendiente',18584.80,52,3,'Comprobante 0006-X0000046','0006-X0000046',18584.80,'venta'),(90,46,'2026-06-11 11:38:13','venta_fiada','pendiente',422545.50,53,3,'Comprobante 0006-00000007','0006-00000007',422545.50,'venta'),(91,46,'2026-06-11 11:42:27','venta_fiada','pendiente',10400.00,54,3,'Comprobante 0006-00000008','0006-00000008',10400.00,'venta'),(92,55,'2026-06-11 12:04:54','venta_fiada','pagado',80986.86,55,3,'Comprobante 0006-X0000047','0006-X0000047',0.00,'venta'),(93,49,'2026-06-11 12:09:38','venta_fiada','anulado',46506.20,56,3,'Comprobante 0006-X0000048','0006-X0000048',0.00,'venta'),(94,49,'2026-06-11 12:10:53','venta_fiada','pagado',26780.00,57,3,'Comprobante 0006-X0000049','0006-X0000049',0.00,'venta'),(95,64,'2026-06-11 12:16:26','venta_fiada','pendiente',45177.60,58,3,'Comprobante 0006-X0000050','0006-X0000050',37307.03,'venta'),(96,49,'2026-06-11 12:21:11','venta_fiada','pagado',39143.00,59,3,'Comprobante 0006-X0000051','0006-X0000051',0.00,'venta'),(97,62,'2026-06-11 12:28:21','venta_fiada','pagado',48103.30,60,3,'Comprobante 0006-X0000052','0006-X0000052',0.00,'venta'),(98,52,'2026-06-11 16:42:03','pago','pagado',110782.30,NULL,3,'Recibo de cobro R00000025','R00000025',0.00,'pago'),(99,50,'2026-06-11 20:33:14','venta_fiada','pendiente',42452.80,63,3,'Comprobante 0006-X0000055','0006-X0000055',42452.80,'venta'),(100,66,'2026-06-11 20:40:32','venta_fiada','pendiente',167618.40,64,3,'Comprobante 0006-X0000056','0006-X0000056',35010.05,'venta'),(101,65,'2026-06-12 12:10:15','venta_fiada','pendiente',25896.00,67,3,'Comprobante 0006-X0000059','0006-X0000059',25896.00,'venta'),(102,75,'2026-06-12 12:55:00','venta_fiada','pendiente',46306.00,69,3,'Comprobante 0006-X0000061','0006-X0000061',46306.00,'venta'),(103,19,'2026-06-12 13:04:22','venta_fiada','pagado',30825.06,71,3,'Comprobante 0006-X0000063','0006-X0000063',0.00,'venta'),(104,53,'2026-06-12 19:15:17','pago','pagado',25000.00,NULL,3,'Recibo de cobro R00000026','R00000026',0.00,'pago'),(105,65,'2026-06-12 19:16:17','pago','pagado',51000.00,NULL,3,'Recibo de cobro R00000027','R00000027',0.00,'pago'),(106,50,'2026-06-12 19:17:36','pago','pagado',20500.00,NULL,3,'Recibo de cobro R00000028','R00000028',0.00,'pago'),(107,62,'2026-06-12 19:18:15','pago','pagado',30000.00,NULL,3,'Recibo de cobro R00000029','R00000029',0.00,'pago'),(108,63,'2026-06-12 19:19:20','pago','pagado',61500.00,NULL,3,'Recibo de cobro R00000030','R00000030',0.00,'pago'),(109,66,'2026-06-12 19:22:24','pago','pagado',47900.00,NULL,3,'Recibo de cobro R00000031','R00000031',0.00,'pago'),(110,66,'2026-06-12 19:26:12','pago','pagado',37700.00,NULL,3,'Recibo de cobro R00000032','R00000032',0.00,'pago'),(111,80,'2026-06-12 19:27:05','pago','pagado',136090.91,NULL,3,'Recibo de cobro R00000033','R00000033',0.00,'pago'),(112,57,'2026-06-12 19:27:44','pago','pagado',350000.00,NULL,3,'Recibo de cobro R00000034','R00000034',0.00,'pago'),(113,67,'2026-06-12 19:28:12','pago','pagado',15000.00,NULL,3,'Recibo de cobro R00000035','R00000035',0.00,'pago'),(114,50,'2026-06-12 19:28:47','pago','pagado',10000.00,NULL,3,'Recibo de cobro R00000036','R00000036',0.00,'pago'),(115,55,'2026-06-12 19:29:40','pago','pagado',89395.12,NULL,3,'Recibo de cobro R00000037','R00000037',0.00,'pago'),(116,51,'2026-06-12 19:30:06','pago','pagado',119317.50,NULL,3,'Recibo de cobro R00000038','R00000038',0.00,'pago'),(117,82,'2026-06-12 19:30:30','pago','pagado',31256.00,NULL,3,'Recibo de cobro R00000039','R00000039',0.00,'pago'),(118,66,'2026-06-12 19:31:08','pago','pagado',18100.00,NULL,3,'Recibo de cobro R00000040','R00000040',0.00,'pago'),(119,75,'2026-06-12 19:31:35','pago','pagado',46999.78,NULL,3,'Recibo de cobro R00000041','R00000041',0.00,'pago'),(120,62,'2026-06-12 19:53:53','pago','pagado',20000.00,NULL,3,'Recibo de cobro R00000042','R00000042',0.00,'pago'),(121,66,'2026-06-12 19:54:34','pago','pagado',24050.00,NULL,3,'Recibo de cobro R00000043','R00000043',0.00,'pago'),(122,65,'2026-06-12 19:55:13','pago','pagado',80000.00,NULL,3,'Recibo de cobro R00000044','R00000044',0.00,'pago'),(123,19,'2026-06-12 19:56:25','pago','pagado',51187.06,NULL,3,'Recibo de cobro R00000045','R00000045',0.00,'pago'),(124,64,'2026-06-12 20:16:24','pago','pagado',50000.00,NULL,3,'Recibo de cobro R00000046','R00000046',0.00,'pago'),(125,49,'2026-06-12 20:17:43','pago','pagado',39143.00,NULL,3,'Recibo de cobro R00000047','R00000047',0.00,'pago'),(126,71,'2026-06-12 20:18:25','pago','pagado',30000.00,NULL,3,'Recibo de cobro R00000048','R00000048',0.00,'pago'),(127,63,'2026-06-12 20:18:59','pago','pagado',30000.00,NULL,3,'Recibo de cobro R00000049','R00000049',0.00,'pago'),(128,66,'2026-06-12 20:20:03','pago','pagado',40700.00,NULL,3,'Recibo de cobro R00000050','R00000050',0.00,'pago'),(129,61,'2026-06-12 21:41:44','pago','pagado',33155.00,NULL,3,'Recibo de cobro R00000051','R00000051',0.00,'pago'),(130,68,'2026-06-12 21:54:53','pago','pagado',236324.00,NULL,3,'Recibo de cobro R00000052','R00000052',0.00,'pago'),(131,62,'2026-06-12 22:20:38','pago','pagado',26818.00,NULL,3,'Recibo de cobro R00000053','R00000053',0.00,'pago'),(132,4,'2026-06-12 22:22:01','pago','pagado',30000.00,NULL,3,'Recibo de cobro R00000054','R00000054',0.00,'pago'),(133,48,'2026-06-12 22:25:55','venta_fiada','pendiente',20000.00,NULL,3,'Saldo inicial: Migrado desde sistema anterior',NULL,20000.00,'venta'),(134,92,'2026-06-12 22:27:34','pago','pagado',71615.06,NULL,3,'Recibo de cobro R00000055','R00000055',0.00,'pago'),(135,89,'2026-06-13 18:07:50','venta_fiada','pendiente',265560.40,72,3,'Comprobante 0006-X0000064','0006-X0000064',105560.40,'venta'),(136,36,'2026-06-13 18:13:54','venta_fiada','pendiente',38217.40,73,3,'Comprobante 0006-X0000065','0006-X0000065',38217.40,'venta'),(137,96,'2026-06-13 18:38:16','venta_fiada','pendiente',24403.20,74,3,'Comprobante 0006-X0000066','0006-X0000066',24403.20,'venta'),(138,97,'2026-06-14 10:09:51','venta_fiada','pendiente',6500.00,75,3,'Comprobante 0006-X0000067','0006-X0000067',6500.00,'venta'),(139,30,'2026-06-14 10:13:23','venta_fiada','pendiente',17700.80,76,3,'Comprobante 0006-X0000068','0006-X0000068',17700.80,'venta'),(140,89,'2026-06-14 11:09:34','venta_fiada','pendiente',58497.40,77,3,'Comprobante 0006-X0000069','0006-X0000069',58497.40,'venta'),(141,89,'2026-06-14 11:15:24','venta_fiada','pendiente',18302.40,78,3,'Comprobante 0006-X0000070','0006-X0000070',18302.40,'venta'),(142,49,'2026-06-15 10:13:37','venta_fiada','pagado',22198.80,79,3,'Comprobante 0006-X0000071','0006-X0000071',0.00,'venta'),(143,52,'2026-06-15 11:29:44','venta_fiada','pagado',159130.20,80,3,'Comprobante 0006-X0000072','0006-X0000072',0.00,'venta'),(144,92,'2026-06-16 08:33:42','venta_fiada','pendiente',61755.20,81,3,'Comprobante 0006-X0000073','0006-X0000073',61755.20,'venta'),(146,50,'2026-06-16 15:59:58','pago','pagado',14385.00,NULL,3,'Saldo a favor por anulacion interno 0006-X0000035 (pagado en R00000028 y R00000036, recibos no anulados)','A_CUENTA',14385.00,'pago'),(147,50,'2026-06-16 16:30:49','venta_fiada','pendiente',18302.40,82,3,'Comprobante 0006-X0000074','0006-X0000074',18302.40,'venta'),(148,67,'2026-06-16 17:57:26','venta_fiada','pendiente',96878.40,83,3,'Comprobante 0006-X0000075','0006-X0000075',20000.00,'venta'),(149,98,'2026-06-17 08:53:06','venta_fiada','pagado',6492.20,84,3,'Comprobante 0006-X0000076','0006-X0000076',0.00,'venta'),(150,55,'2026-06-17 08:57:33','venta_fiada','pendiente',70608.00,85,3,'Comprobante 0006-X0000077','0006-X0000077',70608.00,'venta'),(151,19,'2026-06-17 09:48:56','venta_fiada','pendiente',76939.20,86,3,'Comprobante 0006-X0000078','0006-X0000078',76939.20,'venta'),(152,78,'2026-06-17 09:50:22','venta_fiada','pendiente',31418.40,87,3,'Comprobante 0006-X0000079','0006-X0000079',13718.14,'venta'),(153,17,'2026-06-17 09:51:39','venta_fiada','pendiente',35445.80,88,3,'Comprobante 0006-X0000080','0006-X0000080',10045.80,'venta'),(154,9,'2026-06-17 09:53:28','venta_fiada','pendiente',79838.20,89,3,'Comprobante 0006-X0000081','0006-X0000081',79838.20,'venta'),(155,29,'2026-06-17 09:55:15','venta_fiada','pagado',58608.70,90,3,'Comprobante 0006-X0000082','0006-X0000082',0.00,'venta'),(156,16,'2026-06-17 09:56:22','venta_fiada','pagado',14768.00,91,3,'Comprobante 0006-X0000083','0006-X0000083',0.00,'venta'),(157,30,'2026-06-17 09:57:49','venta_fiada','pendiente',70849.50,92,3,'Comprobante 0006-X0000084','0006-X0000084',70849.50,'venta'),(158,38,'2026-06-17 10:01:26','venta_fiada','pendiente',62524.60,93,3,'Comprobante 0006-X0000085','0006-X0000085',62524.60,'venta'),(159,4,'2026-06-17 10:03:29','venta_fiada','pendiente',56487.40,94,3,'Comprobante 0006-X0000086','0006-X0000086',56487.40,'venta'),(160,99,'2026-06-17 12:27:20','venta_fiada','pendiente',12774.40,95,3,'Comprobante 0006-X0000087','0006-X0000087',12774.40,'venta'),(161,74,'2026-06-17 12:30:26','venta_fiada','pagado',53941.40,96,3,'Comprobante 0006-X0000088','0006-X0000088',0.00,'venta'),(162,51,'2026-06-17 12:43:41','venta_fiada','pendiente',77287.60,97,3,'Comprobante 0006-X0000089','0006-X0000089',77287.60,'venta'),(163,53,'2026-06-17 15:21:23','venta_fiada','pendiente',58686.80,98,3,'Comprobante 0006-X0000090','0006-X0000090',58686.80,'venta'),(164,52,'2026-06-17 16:25:15','venta_fiada','pendiente',24596.00,99,3,'Comprobante 0006-X0000091','0006-X0000091',24596.00,'venta'),(165,66,'2026-06-18 10:01:59','venta_fiada','pendiente',175842.70,100,3,'Comprobante 0006-X0000092','0006-X0000092',175842.70,'venta'),(166,79,'2026-06-18 10:06:34','venta_fiada','pendiente',22419.00,101,3,'Comprobante 0006-X0000093','0006-X0000093',22419.00,'venta'),(167,77,'2026-06-18 10:09:07','venta_fiada','pendiente',39742.80,102,3,'Comprobante 0006-X0000094','0006-X0000094',39742.80,'venta'),(168,63,'2026-06-18 11:09:20','venta_fiada','pendiente',18747.30,103,3,'Comprobante 0006-X0000095','0006-X0000095',18747.30,'venta'),(169,52,'2026-06-18 18:21:54','pago','pagado',252679.66,NULL,3,'Recibo de cobro R00000056','R00000056',0.00,'pago'),(170,60,'2026-06-18 18:53:50','pago','pagado',30000.00,NULL,3,'Recibo de cobro R00000057','R00000057',0.00,'pago'),(171,61,'2026-06-18 18:54:23','pago','pagado',51832.91,NULL,3,'Recibo de cobro R00000058','R00000058',0.00,'pago'),(172,66,'2026-06-18 18:55:34','pago','pagado',32900.00,NULL,3,'Recibo de cobro R00000059','R00000059',0.00,'pago'),(173,62,'2026-06-18 19:00:30','pago','pagado',28103.30,NULL,3,'Recibo de cobro R00000060','R00000060',0.00,'pago'),(174,89,'2026-06-18 19:01:03','pago','pagado',160000.00,NULL,3,'Recibo de cobro R00000061','R00000061',0.00,'pago'),(175,58,'2026-06-18 19:02:09','pago','pagado',100000.00,NULL,3,'Recibo de cobro R00000062','R00000062',0.00,'pago'),(176,30,'2026-06-18 19:02:36','pago','pagado',87201.38,NULL,3,'Recibo de cobro R00000063','R00000063',0.00,'pago'),(177,78,'2026-06-18 19:05:31','pago','pagado',17700.26,NULL,3,'Recibo de cobro R00000064','R00000064',0.00,'pago'),(178,74,'2026-06-18 19:05:56','pago','pagado',121730.94,NULL,3,'Recibo de cobro R00000065','R00000065',0.00,'pago'),(179,50,'2026-06-18 19:07:30','pago','pagado',25000.00,NULL,3,'Recibo de cobro R00000066','R00000066',0.00,'pago'),(180,49,'2026-06-18 19:07:55','pago','pagado',26780.00,NULL,3,'Recibo de cobro R00000067','R00000067',0.00,'pago'),(181,54,'2026-06-18 19:08:29','pago','pagado',870000.00,NULL,3,'Recibo de cobro R00000068','R00000068',0.00,'pago'),(182,57,'2026-06-18 19:09:45','pago','pagado',150000.00,NULL,3,'Recibo de cobro R00000069','R00000069',0.00,'pago'),(183,4,'2026-06-18 19:10:18','pago','pagado',28000.00,NULL,3,'Recibo de cobro R00000070','R00000070',0.00,'pago'),(184,30,'2026-06-18 20:11:38','nota_credito','pagado',70849.50,92,3,'NC interna 0006-NCX0000001 s/ 0006-X0000084 (devolución)','0006-NCX0000001',0.00,'pago'),(185,100,'2026-06-19 10:24:01','venta_fiada','pendiente',138533.70,104,3,'Comprobante 0006-X0000096','0006-X0000096',138533.70,'venta'),(186,38,'2026-06-19 17:47:48','venta_fiada','pendiente',7566.00,105,3,'Comprobante 0006-X0000097','0006-X0000097',7566.00,'venta'),(187,67,'2026-06-19 19:14:35','pago','pagado',50000.00,NULL,3,'Recibo de cobro R00000071','R00000071',0.00,'pago'),(188,17,'2026-06-19 19:15:13','pago','pagado',25400.00,NULL,3,'Recibo de cobro R00000072','R00000072',0.00,'pago'),(189,16,'2026-06-19 19:15:39','pago','pagado',14768.00,NULL,3,'Recibo de cobro R00000073','R00000073',0.00,'pago'),(190,71,'2026-06-19 19:16:25','pago','pagado',40000.00,NULL,3,'Recibo de cobro R00000074','R00000074',0.00,'pago'),(191,66,'2026-06-19 19:17:21','pago','pagado',50700.00,NULL,3,'Recibo de cobro R00000075','R00000075',0.00,'pago'),(192,51,'2026-06-19 19:18:13','pago','pagado',118922.29,NULL,3,'Recibo de cobro R00000076','R00000076',0.00,'pago'),(193,47,'2026-06-19 19:20:42','pago','pagado',133323.37,NULL,3,'Recibo de cobro R00000077','R00000077',0.00,'pago'),(194,74,'2026-06-19 19:21:26','pago','pagado',53941.40,NULL,3,'Recibo de cobro R00000078','R00000078',0.00,'pago'),(195,53,'2026-06-19 19:23:14','pago','pagado',43800.00,NULL,3,'Recibo de cobro R00000079','R00000079',0.00,'pago'),(196,29,'2026-06-19 19:23:47','pago','pagado',58608.70,NULL,3,'Recibo de cobro R00000080','R00000080',0.00,'pago'),(197,73,'2026-06-19 19:24:55','pago','pagado',23242.46,NULL,3,'Recibo de cobro R00000081','R00000081',0.00,'pago'),(198,64,'2026-06-19 19:25:48','pago','pagado',50000.00,NULL,3,'Recibo de cobro R00000082','R00000082',0.00,'pago'),(199,56,'2026-06-19 19:26:34','pago','pagado',111678.00,NULL,3,'Recibo de cobro R00000083','R00000083',0.00,'pago'),(200,55,'2026-06-19 19:28:15','pago','pagado',80986.86,NULL,3,'Recibo de cobro R00000084','R00000084',0.00,'pago'),(201,4,'2026-06-19 19:34:11','pago','pagado',14000.00,NULL,3,'Recibo de cobro R00000085','R00000085',0.00,'pago'),(202,4,'2026-06-19 19:35:42','nota_credito','pagado',6400.00,23,3,'NC interna 0006-NCX0000002 s/ 0006-X0000018 (devolución)','0006-NCX0000002',0.00,'pago'),(204,50,'2026-06-19 19:37:49','pago','pagado',10000.00,NULL,3,'Recibo de cobro R00000087','R00000087',0.00,'pago'),(205,48,'2026-06-20 11:48:18','venta_fiada','pendiente',88026.26,106,3,'Comprobante 0006-X0000098','0006-X0000098',88026.26,'venta'),(206,49,'2026-06-20 17:52:54','venta_fiada','pendiente',18720.00,107,3,'Comprobante 0006-X0000099','0006-X0000099',18720.00,'venta'),(207,57,'2026-06-20 18:22:00','venta_fiada','pendiente',271984.04,108,3,'Comprobante 0006-X0000100','0006-X0000100',271984.04,'venta'),(208,63,'2026-06-22 07:47:40','venta_fiada','pendiente',24416.36,109,3,'Comprobante 0006-X0000101','0006-X0000101',24416.36,'venta'),(209,81,'2026-06-22 10:17:56','pago','pagado',30000.00,NULL,3,'Recibo de cobro R00000088','R00000088',0.00,'pago'),(210,48,'2026-06-22 10:22:33','pago','pagado',39000.00,NULL,3,'Recibo de cobro R00000089','R00000089',0.00,'pago'),(211,59,'2026-06-22 10:23:52','pago','pagado',68710.04,NULL,3,'Recibo de cobro R00000090','R00000090',0.00,'pago'),(212,98,'2026-06-22 10:27:13','pago','pagado',6492.20,NULL,3,'Recibo de cobro R00000091','R00000091',0.00,'pago'),(213,65,'2026-06-22 10:28:45','pago','pagado',80000.00,NULL,3,'Recibo de cobro R00000092','R00000092',0.00,'pago'),(214,67,'2026-06-22 10:29:36','pago','pagado',26878.40,NULL,3,'Recibo de cobro R00000093','R00000093',0.00,'pago'),(215,49,'2026-06-22 10:30:02','pago','pagado',22198.80,NULL,3,'Recibo de cobro R00000094','R00000094',0.00,'pago'),(216,66,'2026-06-22 10:33:19','pago','pagado',85950.00,NULL,3,'Recibo de cobro R00000095','R00000095',0.00,'pago'),(217,63,'2026-06-22 10:34:14','pago','pagado',45000.00,NULL,3,'Recibo de cobro R00000096','R00000096',0.00,'pago'),(218,91,'2026-06-22 18:38:54','venta_fiada','pendiente',107967.91,110,3,'Comprobante 0006-X0000102','0006-X0000102',107967.91,'venta'),(219,70,'2026-06-22 18:42:20','venta_fiada','pendiente',61167.05,111,3,'Comprobante 0006-X0000103','0006-X0000103',61167.05,'venta'),(220,52,'2026-06-23 09:39:44','venta_fiada','pendiente',121620.61,112,3,'Comprobante 0006-X0000104','0006-X0000104',121620.61,'venta'),(221,51,'2026-06-23 12:57:06','venta_fiada','pendiente',99808.20,113,3,'Comprobante 0006-X0000105','0006-X0000105',99808.20,'venta'),(222,52,'2026-06-23 17:30:33','pago','pagado',159130.20,NULL,3,'Recibo de cobro R00000097','R00000097',0.00,'pago'),(223,55,'2026-06-23 17:57:23','venta_fiada','pendiente',85890.10,114,3,'Comprobante 0006-X0000106','0006-X0000106',85890.10,'venta'),(224,54,'2026-06-23 18:13:05','venta_fiada','pendiente',1436734.82,115,3,'Comprobante 0006-X0000107','0006-X0000107',1436734.82,'venta'),(225,54,'2026-06-23 20:22:59','venta_fiada','pendiente',110520.58,116,3,'Comprobante 0006-X0000108','0006-X0000108',110520.58,'venta'),(226,60,'2026-06-24 08:35:22','venta_fiada','pendiente',31654.28,117,3,'Comprobante 0006-X0000109','0006-X0000109',31654.28,'venta'),(227,46,'2026-06-24 08:51:33','venta_fiada','pendiente',685451.88,118,3,'Comprobante 0006-00000009','0006-00000009',685451.88,'venta'),(228,3,'2026-06-24 09:57:35','venta_fiada','pendiente',39716.21,119,3,'Comprobante 0006-X0000110','0006-X0000110',39716.21,'venta'),(229,8,'2026-06-24 10:01:42','venta_fiada','pendiente',11169.60,120,3,'Comprobante 0006-X0000111','0006-X0000111',11169.60,'venta'),(230,102,'2026-06-24 10:05:49','venta_fiada','pendiente',28978.80,121,3,'Comprobante 0006-X0000112','0006-X0000112',28978.80,'venta'),(231,20,'2026-06-24 10:07:04','venta_fiada','pendiente',9151.20,122,3,'Comprobante 0006-X0000113','0006-X0000113',9151.20,'venta'),(232,30,'2026-06-24 10:22:16','venta_fiada','pendiente',78932.89,123,3,'Comprobante 0006-X0000114','0006-X0000114',78932.89,'venta'),(233,19,'2026-06-24 10:26:03','venta_fiada','pendiente',93290.60,124,3,'Comprobante 0006-X0000115','0006-X0000115',93290.60,'venta'),(234,74,'2026-06-24 10:38:22','venta_fiada','pendiente',58345.34,125,3,'Comprobante 0006-X0000116','0006-X0000116',58345.34,'venta'),(235,57,'2026-06-24 10:43:03','venta_fiada','pendiente',40819.64,126,3,'Comprobante 0006-X0000117','0006-X0000117',40819.64,'venta');
/*!40000 ALTER TABLE `cta_cte_movimiento` ENABLE KEYS */;
UNLOCK TABLES;

--
-- Table structure for table `descuentos_factura`
--

DROP TABLE IF EXISTS `descuentos_factura`;
/*!40101 SET @saved_cs_client     = @@character_set_client */;
/*!50503 SET character_set_client = utf8mb4 */;
CREATE TABLE `descuentos_factura` (
  `id` int(11) NOT NULL AUTO_INCREMENT,
  `factura_id` int(11) NOT NULL,
  `porcentaje_descuento` decimal(5,2) NOT NULL,
  `monto_descuento` decimal(10,2) NOT NULL,
  `total_original` decimal(10,2) NOT NULL,
  `fecha_aplicacion` datetime DEFAULT NULL,
  `usuario_id` int(11) NOT NULL,
  PRIMARY KEY (`id`),
  UNIQUE KEY `factura_id` (`factura_id`),
  KEY `usuario_id` (`usuario_id`),
  CONSTRAINT `descuentos_factura_ibfk_1` FOREIGN KEY (`factura_id`) REFERENCES `factura` (`id`),
  CONSTRAINT `descuentos_factura_ibfk_2` FOREIGN KEY (`usuario_id`) REFERENCES `usuario` (`id`)
) ENGINE=InnoDB AUTO_INCREMENT=6 DEFAULT CHARSET=utf8mb4 COLLATE=utf8mb4_unicode_ci;
/*!40101 SET character_set_client = @saved_cs_client */;

--
-- Dumping data for table `descuentos_factura`
--

LOCK TABLES `descuentos_factura` WRITE;
/*!40000 ALTER TABLE `descuentos_factura` DISABLE KEYS */;
INSERT INTO `descuentos_factura` VALUES (1,6,7.00,20882.96,298328.00,'2026-05-29 17:56:29',3),(2,108,7.00,20471.92,292455.95,'2026-06-20 18:22:00',3),(3,112,20.00,30405.15,152025.76,'2026-06-23 09:39:44',3),(4,113,10.00,11089.80,110898.00,'2026-06-23 12:57:06',3),(5,119,7.00,2989.39,42705.60,'2026-06-24 09:57:35',3);
/*!40000 ALTER TABLE `descuentos_factura` ENABLE KEYS */;
UNLOCK TABLES;

--
-- Table structure for table `detalle_factura`
--

DROP TABLE IF EXISTS `detalle_factura`;
/*!40101 SET @saved_cs_client     = @@character_set_client */;
/*!50503 SET character_set_client = utf8mb4 */;
CREATE TABLE `detalle_factura` (
  `id` int(11) NOT NULL AUTO_INCREMENT,
  `factura_id` int(11) NOT NULL,
  `producto_id` int(11) NOT NULL,
  `cantidad` decimal(10,3) NOT NULL,
  `precio_unitario` decimal(10,2) NOT NULL,
  `subtotal` decimal(10,2) NOT NULL,
  `porcentaje_iva` decimal(5,2) DEFAULT 21.00,
  `importe_iva` decimal(10,2) DEFAULT 0.00,
  `costo_unitario` decimal(10,2) DEFAULT 0.00,
  PRIMARY KEY (`id`),
  KEY `idx_factura` (`factura_id`),
  KEY `idx_producto` (`producto_id`),
  CONSTRAINT `detalle_factura_ibfk_1` FOREIGN KEY (`factura_id`) REFERENCES `factura` (`id`) ON DELETE CASCADE,
  CONSTRAINT `detalle_factura_ibfk_2` FOREIGN KEY (`producto_id`) REFERENCES `producto` (`id`)
) ENGINE=InnoDB AUTO_INCREMENT=1176 DEFAULT CHARSET=utf8mb4 COLLATE=utf8mb4_unicode_ci;
/*!40101 SET character_set_client = @saved_cs_client */;

--
-- Dumping data for table `detalle_factura`
--

LOCK TABLES `detalle_factura` WRITE;
/*!40000 ALTER TABLE `detalle_factura` DISABLE KEYS */;
INSERT INTO `detalle_factura` VALUES (1,1,10,1.000,82.64,82.64,21.00,17.36,4091.02),(2,2,10,1.000,82.64,82.64,21.00,17.36,4091.02),(3,3,10,1.000,82.64,82.64,21.00,17.36,4091.02),(4,4,10,1.000,82.64,82.64,21.00,17.36,4091.02),(5,5,10,1.000,4033.21,4033.21,21.00,846.97,4091.02),(6,6,61,1.000,8909.09,8909.09,21.00,1870.91,8983.33),(7,6,64,2.000,5322.31,10644.63,21.00,2235.37,5366.67),(8,6,65,2.000,6942.15,13884.30,21.00,2915.70,7000.00),(9,6,66,2.000,5454.55,10909.09,21.00,2290.91,5500.00),(10,6,79,2.000,3388.43,6776.86,21.00,1423.14,3416.67),(11,6,100,40.000,676.03,27041.32,21.00,5678.68,681.67),(12,6,105,24.000,549.59,13190.08,21.00,2769.92,552.50),(13,6,109,48.000,379.34,18208.26,21.00,3823.74,382.50),(14,6,110,48.000,379.34,18208.26,21.00,3823.74,382.50),(15,6,113,48.000,676.86,32489.26,21.00,6822.74,682.50),(16,6,114,48.000,676.86,32489.26,21.00,6822.74,682.50),(17,6,127,24.000,566.12,13586.78,21.00,2853.22,570.83),(18,6,128,24.000,566.12,13586.78,21.00,2853.22,570.83),(19,6,155,10.000,887.60,8876.03,21.00,1863.97,895.00),(20,6,156,10.000,887.60,8876.03,21.00,1863.97,895.00),(21,6,157,10.000,887.60,8876.03,21.00,1863.97,895.00),(22,7,190,1.000,9740.99,9740.99,21.00,2045.61,8419.00),(23,7,27,1.000,7200.56,7200.56,21.00,1512.12,7417.57),(24,7,30,1.000,4231.30,4231.30,21.00,888.57,4370.73),(25,7,34,1.000,2842.98,2842.98,21.00,597.02,2741.74),(26,7,38,1.000,4996.05,4996.05,21.00,1049.17,5198.40),(27,7,43,1.000,5619.83,5619.83,21.00,1180.17,5874.73),(28,7,47,1.000,5619.83,5619.83,21.00,1180.17,5896.56),(29,7,53,1.000,4049.59,4049.59,21.00,850.41,4083.33),(30,7,55,1.000,4049.59,4049.59,21.00,850.41,4083.33),(31,7,63,1.000,5454.55,5454.55,21.00,1145.45,5408.33),(32,7,65,1.000,7107.44,7107.44,21.00,1492.56,7000.00),(33,7,96,1.000,14016.53,14016.53,21.00,2943.47,14133.33),(34,7,99,1.000,7107.44,7107.44,21.00,1492.56,7058.33),(35,7,150,2.000,1727.27,3454.55,21.00,725.45,1741.67),(36,7,151,3.000,1727.27,5181.82,21.00,1088.18,1741.67),(37,7,152,3.000,1727.27,5181.82,21.00,1088.18,1741.67),(38,7,154,3.000,1727.27,5181.82,21.00,1088.18,1741.67),(39,7,170,3.000,1176.03,3528.10,21.00,740.90,1185.83),(40,7,40,1.000,5619.83,5619.83,21.00,1180.17,5858.46),(41,8,39,2.000,4995.87,9991.74,21.00,2098.26,5203.20),(42,8,30,1.000,4231.30,4231.30,21.00,888.57,4370.73),(43,8,52,3.000,2644.63,7933.88,21.00,1666.12,2500.00),(44,8,60,1.000,8181.82,8181.82,21.00,1718.18,8250.00),(45,8,71,2.000,1768.60,3537.19,21.00,742.81,1783.33),(46,8,100,3.000,676.03,2028.10,21.00,425.90,681.67),(47,8,111,10.000,238.02,2380.17,21.00,499.83,240.00),(48,8,112,10.000,238.02,2380.17,21.00,499.83,240.00),(49,8,120,8.000,811.57,6492.56,21.00,1363.44,779.17),(50,8,131,1.000,6000.00,6000.00,21.00,1260.00,6000.00),(51,8,170,3.000,1176.03,3528.10,21.00,740.90,1185.83),(52,8,171,3.000,1176.03,3528.10,21.00,740.90,1185.83),(53,8,175,2.000,1176.03,2352.07,21.00,493.93,1185.83),(54,8,177,2.000,1176.03,2352.07,21.00,493.93,1185.83),(55,9,166,10.000,2214.88,22148.76,21.00,4651.24,2108.33),(56,9,114,12.000,676.86,8122.31,21.00,1705.69,682.50),(57,9,129,43.000,163.64,7036.36,21.00,1477.64,165.00),(58,10,35,1.000,2644.69,2644.69,21.00,555.39,2744.26),(59,10,63,1.000,5363.64,5363.64,21.00,1126.36,5408.33),(60,10,64,1.000,5322.31,5322.31,21.00,1117.69,5366.67),(61,10,88,1.000,3471.07,3471.07,21.00,728.93,3500.00),(62,10,128,12.000,566.12,6793.39,21.00,1426.61,570.83),(63,10,148,18.000,432.23,7780.17,21.00,1633.83,435.83),(64,11,131,1.000,5950.41,5950.41,21.00,1249.59,6000.00),(65,11,94,16.000,641.32,10261.16,21.00,2154.84,646.67),(66,11,52,1.000,2644.63,2644.63,21.00,555.37,2500.00),(67,11,56,1.000,5454.55,5454.55,21.00,1145.45,5500.00),(68,11,109,6.000,379.34,2276.03,21.00,477.97,382.50),(69,11,110,3.000,379.34,1138.02,21.00,238.98,382.50),(70,11,113,6.000,676.86,4061.16,21.00,852.84,682.50),(71,11,114,3.000,676.86,2030.58,21.00,426.42,682.50),(72,11,127,4.000,566.12,2264.46,21.00,475.54,570.83),(73,11,128,4.000,566.12,2264.46,21.00,475.54,570.83),(74,11,126,4.000,1380.17,5520.66,21.00,1159.34,1391.67),(75,11,120,4.000,772.73,3090.91,21.00,649.09,779.17),(76,12,130,4.000,6033.06,24132.23,21.00,5067.77,6083.33),(77,12,145,36.000,432.23,15560.33,21.00,3267.67,435.83),(78,12,146,36.000,432.23,15560.33,21.00,3267.67,435.83),(79,12,147,18.000,432.23,7780.17,21.00,1633.83,435.83),(80,12,148,36.000,432.23,15560.33,21.00,3267.67,435.83),(81,12,204,40.000,697.57,27902.81,21.00,5859.59,766.91),(82,12,203,10.000,697.56,6975.62,21.00,1464.88,766.90),(83,12,202,10.000,697.57,6975.70,21.00,1464.90,766.91),(84,13,13,1.000,4110.48,4110.48,21.00,863.20,3829.15),(85,13,34,1.000,2644.53,2644.53,21.00,555.35,2741.74),(86,13,52,1.000,2641.50,2641.50,21.00,554.71,2461.46),(87,13,54,1.000,4049.59,4049.59,21.00,850.41,4083.33),(88,13,135,2.000,3884.30,7768.60,21.00,1631.40,3916.67),(89,13,138,1.000,3646.35,3646.35,21.00,765.73,3676.73),(90,13,38,1.000,4501.35,4501.35,21.00,945.28,4683.66),(91,13,43,2.000,5619.83,11239.67,21.00,2360.33,5874.73),(92,13,21,1.000,4305.89,4305.89,21.00,904.24,4411.25),(93,13,190,1.000,9740.99,9740.99,21.00,2045.61,8419.00),(94,13,65,1.000,6942.15,6942.15,21.00,1457.85,7000.00),(95,13,27,1.000,7347.93,7347.93,21.00,1543.07,6839.76),(96,13,28,1.000,7201.01,7201.01,21.00,1512.21,7424.35),(97,14,130,1.000,6033.06,6033.06,21.00,1266.94,6083.33),(98,14,155,10.000,1017.55,10175.45,21.00,2136.85,947.10),(99,14,156,10.000,1017.55,10175.45,21.00,2136.85,947.10),(100,14,157,10.000,1017.55,10175.45,21.00,2136.85,947.10),(101,14,197,14.000,1056.19,14786.66,21.00,3105.20,907.15),(102,14,188,1.000,5289.26,5289.26,21.00,1110.74,5333.33),(103,15,13,1.000,4110.48,4110.48,21.00,863.20,3829.15),(104,15,14,1.000,4033.16,4033.16,21.00,846.96,4105.77),(105,15,37,1.000,3173.47,3173.47,21.00,666.43,3299.17),(106,15,117,4.000,983.47,3933.88,21.00,826.12,991.67),(107,15,118,4.000,983.47,3933.88,21.00,826.12,991.67),(108,15,119,4.000,983.47,3933.88,21.00,826.12,991.67),(109,15,175,3.000,1176.03,3528.10,21.00,740.90,1185.83),(110,15,176,3.000,1176.03,3528.10,21.00,740.90,1185.83),(111,16,21,1.000,4305.89,4305.89,21.00,904.24,4411.25),(112,16,24,1.000,4305.94,4305.94,21.00,904.25,4423.29),(113,16,25,1.000,4305.83,4305.83,21.00,904.23,4427.31),(114,16,132,1.000,3646.35,3646.35,21.00,765.73,3676.73),(115,16,184,1.000,2644.63,2644.63,21.00,555.37,2666.67),(116,17,13,1.000,4110.48,4110.48,21.00,863.20,3829.15),(117,17,14,1.000,4033.16,4033.16,21.00,846.96,4105.77),(118,17,37,1.000,3173.47,3173.47,21.00,666.43,3299.17),(119,17,117,4.000,983.47,3933.88,21.00,826.12,991.67),(120,17,118,4.000,983.47,3933.88,21.00,826.12,991.67),(121,17,119,4.000,983.47,3933.88,21.00,826.12,991.67),(122,17,175,3.000,1176.03,3528.10,21.00,740.90,1185.83),(123,17,176,3.000,1176.03,3528.10,21.00,740.90,1185.83),(124,18,17,2.000,4110.80,8221.60,21.00,1726.54,3829.15),(125,18,18,2.000,4110.17,8220.33,21.00,1726.27,3829.15),(126,18,27,1.000,7347.93,7347.93,21.00,1543.07,6839.76),(127,18,38,1.000,4501.35,4501.35,21.00,945.28,4683.66),(128,18,98,1.000,2975.21,2975.21,21.00,624.79,3000.00),(129,18,100,10.000,608.88,6088.84,21.00,1278.66,613.96),(130,18,102,6.000,247.11,1482.64,21.00,311.36,249.17),(131,18,113,8.000,687.31,5498.51,21.00,1154.69,639.73),(132,18,114,4.000,676.86,2707.44,21.00,568.56,682.50),(133,18,122,6.000,953.98,5723.90,21.00,1202.02,961.93),(134,18,148,6.000,438.03,2628.20,21.00,551.92,407.83),(135,18,155,4.000,1017.55,4070.18,21.00,854.74,947.10),(136,18,162,4.000,988.17,3952.66,21.00,830.06,919.26),(137,18,163,5.000,988.17,4940.83,21.00,1037.57,919.26),(138,18,197,3.000,1056.19,3168.57,21.00,665.40,907.15),(139,18,170,2.000,1176.03,2352.07,21.00,493.93,1185.83),(140,19,16,1.000,4032.96,4032.96,21.00,846.92,4113.18),(141,19,27,1.000,7347.93,7347.93,21.00,1543.07,6839.76),(142,19,38,1.000,4501.35,4501.35,21.00,945.28,4683.66),(143,19,39,1.000,4497.09,4497.09,21.00,944.39,4683.66),(144,19,42,1.000,5619.83,5619.83,21.00,1180.17,5869.30),(145,19,43,1.000,5619.83,5619.83,21.00,1180.17,5874.73),(146,19,94,6.000,653.93,3923.55,21.00,823.95,608.65),(147,19,95,6.000,653.93,3923.55,21.00,823.95,608.65),(148,19,98,1.000,2975.21,2975.21,21.00,624.79,3000.00),(149,19,113,6.000,687.31,4123.88,21.00,866.02,639.73),(150,19,114,6.000,676.86,4061.16,21.00,852.84,682.50),(151,19,121,6.000,953.98,5723.90,21.00,1202.02,961.93),(152,19,123,6.000,953.98,5723.90,21.00,1202.02,961.93),(153,19,195,6.000,1112.98,6677.85,21.00,1402.35,961.93),(154,19,166,6.000,2090.91,12545.45,21.00,2634.55,2108.33),(155,20,12,1.000,4094.70,4094.70,21.00,859.89,3811.22),(156,20,13,1.000,4094.70,4094.70,21.00,859.89,3811.22),(157,20,15,1.000,4094.70,4094.70,21.00,859.89,3811.22),(158,20,16,1.000,4094.70,4094.70,21.00,859.89,3811.22),(159,20,17,2.000,4094.70,8189.40,21.00,1719.78,3811.22),(160,20,27,1.000,7314.16,7314.16,21.00,1535.97,6807.79),(161,20,28,1.000,7314.16,7314.16,21.00,1535.97,6807.79),(162,20,29,1.000,7314.16,7314.16,21.00,1535.97,6807.79),(163,20,32,1.000,2644.66,2644.66,21.00,555.38,2736.71),(164,20,33,1.000,2644.60,2644.60,21.00,555.36,2739.22),(165,20,34,1.000,2644.53,2644.53,21.00,555.35,2741.74),(166,20,35,1.000,2644.69,2644.69,21.00,555.39,2744.26),(167,20,109,12.000,379.34,4552.07,21.00,955.93,382.50),(168,20,110,12.000,379.34,4552.07,21.00,955.93,382.50),(169,20,111,12.000,238.02,2856.20,21.00,599.80,240.00),(170,20,112,12.000,238.02,2856.20,21.00,599.80,240.00),(171,20,113,12.000,687.31,8247.77,21.00,1732.03,639.73),(172,20,114,12.000,687.31,8247.77,21.00,1732.03,639.73),(173,20,162,10.000,988.17,9881.65,21.00,2075.15,919.26),(174,21,7,1.000,10123.83,10123.83,21.00,2126.01,9449.85),(175,21,60,1.000,8181.82,8181.82,21.00,1718.18,8250.00),(176,21,113,12.000,687.31,8247.77,21.00,1732.03,639.73),(177,21,114,12.000,687.31,8247.77,21.00,1732.03,639.73),(178,21,195,5.000,1112.98,5564.88,21.00,1168.62,961.93),(179,21,158,8.000,938.02,7504.13,21.00,1575.87,945.83),(180,21,159,5.000,1026.45,5132.23,21.00,1077.77,1035.00),(181,21,160,5.000,1026.45,5132.23,21.00,1077.77,1035.00),(182,21,161,5.000,1026.45,5132.23,21.00,1077.77,1035.00),(183,21,166,6.000,2090.91,12545.45,21.00,2634.55,2108.33),(184,21,167,6.000,1950.41,11702.48,21.00,2457.52,1966.67),(185,21,170,2.000,1176.03,2352.07,21.00,493.93,1185.83),(186,21,171,2.000,1176.03,2352.07,21.00,493.93,1185.83),(187,21,172,2.000,1176.03,2352.07,21.00,493.93,1185.83),(188,21,181,1.000,6033.06,6033.06,21.00,1266.94,6083.33),(189,22,30,3.000,4231.30,12693.89,21.00,2665.72,4370.73),(190,22,48,1.000,4628.10,4628.10,21.00,971.90,4860.51),(191,22,199,2.000,2644.63,5289.26,21.00,1110.74,2500.00),(192,22,68,3.000,4297.52,12892.56,21.00,2707.44,4333.33),(193,22,72,1.000,3553.72,3553.72,21.00,746.28,3583.33),(194,22,74,1.000,3553.72,3553.72,21.00,746.28,3583.33),(195,22,75,1.000,3553.72,3553.72,21.00,746.28,3583.33),(196,22,76,1.000,3553.72,3553.72,21.00,746.28,3583.33),(197,22,80,2.000,3388.43,6776.86,21.00,1423.14,3416.67),(198,22,81,3.000,3388.43,10165.29,21.00,2134.71,3416.67),(199,22,82,3.000,3388.43,10165.29,21.00,2134.71,3416.67),(200,22,94,30.000,653.93,19617.77,21.00,4119.73,608.65),(201,22,95,30.000,653.93,19617.77,21.00,4119.73,608.65),(202,22,96,1.000,14016.53,14016.53,21.00,2943.47,14133.33),(203,22,98,1.000,2975.21,2975.21,21.00,624.79,3000.00),(204,22,99,1.000,7000.00,7000.00,21.00,1470.00,7058.33),(205,22,102,48.000,247.11,11861.16,21.00,2490.84,249.17),(206,22,103,1.000,5363.64,5363.64,21.00,1126.36,5408.33),(207,22,109,24.000,379.34,9104.13,21.00,1911.87,382.50),(208,22,111,20.000,238.02,4760.33,21.00,999.67,240.00),(209,22,112,20.000,238.02,4760.33,21.00,999.67,240.00),(210,22,113,12.000,687.31,8247.77,21.00,1732.03,639.73),(211,22,114,12.000,687.31,8247.77,21.00,1732.03,639.73),(212,22,127,24.000,572.98,13751.60,21.00,2887.84,537.20),(213,23,190,1.000,9740.99,9740.99,21.00,2045.61,8419.00),(214,23,109,24.000,379.34,9104.13,21.00,1911.87,382.50),(215,23,113,12.000,687.31,8247.77,21.00,1732.03,639.73),(216,23,115,4.000,917.36,3669.42,21.00,770.58,925.00),(217,23,116,4.000,917.36,3669.42,21.00,770.58,925.00),(218,23,117,4.000,983.47,3933.88,21.00,826.12,991.67),(219,23,118,4.000,983.47,3933.88,21.00,826.12,991.67),(220,23,122,4.000,953.98,3815.93,21.00,801.35,961.93),(221,23,123,4.000,953.98,3815.93,21.00,801.35,961.93),(222,23,188,1.000,5289.26,5289.26,21.00,1110.74,5333.33),(223,23,189,1.000,10413.22,10413.22,21.00,2186.78,10500.00),(224,24,166,3.000,2090.91,6272.73,21.00,1317.27,2108.33),(225,24,167,3.000,1950.41,5851.24,21.00,1228.76,1966.67),(226,24,170,2.000,1176.03,2352.07,21.00,493.93,1185.83),(227,24,172,2.000,1176.03,2352.07,21.00,493.93,1185.83),(228,25,2,1.000,2495.87,2495.87,21.00,524.13,2516.67),(229,25,3,1.000,2363.64,2363.64,21.00,496.36,2383.33),(230,25,7,1.000,10123.83,10123.83,21.00,2126.01,9449.85),(231,25,27,2.000,7314.16,14628.31,21.00,3071.95,6807.79),(232,25,56,1.000,5454.55,5454.55,21.00,1145.45,5500.00),(233,25,67,1.000,3578.51,3578.51,21.00,751.49,3608.33),(234,25,104,1.000,9911.67,9911.67,21.00,2081.45,9994.27),(235,25,122,6.000,953.98,5723.90,21.00,1202.02,961.93),(236,25,162,6.000,988.17,5928.99,21.00,1245.09,919.26),(237,25,163,6.000,988.17,5928.99,21.00,1245.09,919.26),(238,25,164,6.000,988.17,5928.99,21.00,1245.09,919.26),(239,26,109,12.000,379.34,4552.07,21.00,955.93,382.50),(240,26,110,12.000,379.34,4552.07,21.00,955.93,382.50),(241,26,114,12.000,687.31,8247.77,21.00,1732.03,639.73),(242,26,115,5.000,917.36,4586.78,21.00,963.22,925.00),(243,26,116,5.000,917.36,4586.78,21.00,963.22,925.00),(244,27,61,1.000,8909.09,8909.09,21.00,1870.91,8983.33),(245,27,156,6.000,1017.55,6105.27,21.00,1282.11,947.10),(246,27,163,6.000,988.17,5928.99,21.00,1245.09,919.26),(247,27,170,2.000,1176.03,2352.07,21.00,493.93,1185.83),(248,27,172,2.000,1176.03,2352.07,21.00,493.93,1185.83),(249,27,174,2.000,1176.03,2352.07,21.00,493.93,1185.83),(250,27,175,2.000,1176.03,2352.07,21.00,493.93,1185.83),(251,27,176,2.000,1176.03,2352.07,21.00,493.93,1185.83),(252,28,29,1.000,7314.16,7314.16,21.00,1535.97,6807.79),(253,28,87,1.000,4496.20,4496.20,21.00,944.20,4533.67),(254,28,121,3.000,953.98,2861.95,21.00,601.01,961.93),(255,28,131,1.000,6198.58,6198.58,21.00,1301.70,5769.45),(256,28,148,9.000,438.03,3942.30,21.00,827.88,407.83),(257,28,145,9.000,438.03,3942.30,21.00,827.88,407.83),(258,28,155,3.000,1017.55,3052.64,21.00,641.05,947.10),(259,28,156,3.000,1017.55,3052.64,21.00,641.05,947.10),(260,28,157,1.000,1017.55,1017.55,21.00,213.68,947.10),(261,28,162,3.000,988.17,2964.50,21.00,622.54,919.26),(262,29,173,2.000,1176.03,2352.07,21.00,493.93,1185.83),(263,29,174,2.000,1176.03,2352.07,21.00,493.93,1185.83),(264,29,175,4.000,1176.03,4704.13,21.00,987.87,1185.83),(265,30,113,12.000,687.31,8247.77,21.00,1732.03,639.73),(266,31,6,1.000,9415.84,9415.84,21.00,1977.33,9494.31),(267,31,7,1.000,10123.83,10123.83,21.00,2126.01,9449.85),(268,31,190,1.000,9740.99,9740.99,21.00,2045.61,8419.00),(269,31,52,1.000,2641.50,2641.50,21.00,554.71,2461.46),(270,31,199,1.000,2644.63,2644.63,21.00,555.37,2500.00),(271,31,200,1.000,2644.63,2644.63,21.00,555.37,2500.00),(272,31,109,12.000,379.34,4552.07,21.00,955.93,382.50),(273,31,110,12.000,379.34,4552.07,21.00,955.93,382.50),(274,32,84,1.000,4496.20,4496.20,21.00,944.20,4533.67),(275,32,87,1.000,4496.20,4496.20,21.00,944.20,4533.67),(276,32,115,9.000,917.36,8256.20,21.00,1733.80,925.00),(277,33,115,6.000,917.36,5504.13,21.00,1155.87,925.00),(278,33,116,6.000,917.36,5504.13,21.00,1155.87,925.00),(279,33,117,6.000,983.47,5900.83,21.00,1239.17,991.67),(280,33,118,6.000,983.47,5900.83,21.00,1239.17,991.67),(281,33,161,6.000,1026.45,6158.68,21.00,1293.32,1035.00),(282,34,94,10.000,653.93,6539.26,21.00,1373.24,608.65),(283,34,95,10.000,653.93,6539.26,21.00,1373.24,608.65),(284,34,136,1.000,3646.35,3646.35,21.00,765.73,3676.73),(285,34,156,30.000,1017.55,30526.36,21.00,6410.54,947.10),(286,34,162,24.000,988.17,23715.97,21.00,4980.35,919.26),(287,34,198,16.000,1286.78,20588.43,21.00,4323.57,1112.14),(288,35,16,2.000,4429.75,8859.50,21.00,1860.50,3811.22),(289,35,113,10.000,687.31,6873.14,21.00,1443.36,639.73),(290,35,114,10.000,687.31,6873.14,21.00,1443.36,639.73),(291,35,122,5.000,1097.52,5487.60,21.00,1152.40,961.93),(292,35,123,5.000,1097.52,5487.60,21.00,1152.40,961.93),(293,36,17,2.000,4094.70,8189.40,21.00,1719.78,3811.22),(294,36,18,1.000,4094.70,4094.70,21.00,859.89,3811.22),(295,36,33,2.000,2842.98,5685.95,21.00,1194.05,2739.22),(296,36,35,2.000,2842.98,5685.95,21.00,1194.05,2744.26),(297,36,66,1.000,5454.55,5454.55,21.00,1145.45,5500.00),(298,36,69,2.000,4297.52,8595.04,21.00,1804.96,4333.33),(299,36,72,2.000,3801.65,7603.31,21.00,1596.69,3583.33),(300,36,76,2.000,3801.65,7603.31,21.00,1596.69,3583.33),(301,36,80,2.000,3388.43,6776.86,21.00,1423.14,3416.67),(302,36,81,2.000,3388.43,6776.86,21.00,1423.14,3416.67),(303,36,82,2.000,3388.43,6776.86,21.00,1423.14,3416.67),(304,36,89,20.000,309.09,6181.82,21.00,1298.18,311.67),(305,36,90,20.000,309.09,6181.82,21.00,1298.18,311.67),(306,36,92,6.000,1537.19,9223.14,21.00,1936.86,1550.00),(307,36,93,6.000,1537.19,9223.14,21.00,1936.86,1550.00),(308,36,94,20.000,653.93,13078.51,21.00,2746.49,608.65),(309,36,95,15.000,653.93,9808.88,21.00,2059.87,608.65),(310,36,96,2.000,14016.53,28033.06,21.00,5886.94,14133.33),(311,36,97,6.000,1223.14,7338.84,21.00,1541.16,1029.17),(312,36,99,2.000,7107.44,14214.88,21.00,2985.12,7058.33),(313,36,100,15.000,700.83,10512.40,21.00,2207.60,613.96),(314,36,109,15.000,700.83,10512.40,21.00,2207.60,382.50),(315,36,106,6.000,596.69,3580.17,21.00,751.83,600.83),(316,36,148,15.000,438.03,6570.50,21.00,1379.80,407.83),(317,36,180,6.000,527.27,3163.64,21.00,664.36,531.67),(318,36,34,2.000,2842.98,5685.95,21.00,1194.05,2741.74),(319,36,73,2.000,3801.65,7603.31,21.00,1596.69,3583.33),(320,36,74,2.000,3801.65,7603.31,21.00,1596.69,3583.33),(321,37,17,2.000,4094.70,8189.40,21.00,1719.78,3811.22),(322,37,18,1.000,4094.70,4094.70,21.00,859.89,3811.22),(323,37,33,2.000,2644.60,5289.19,21.00,1110.73,2739.22),(324,37,35,2.000,2644.69,5289.39,21.00,1110.77,2744.26),(325,37,66,1.000,5454.55,5454.55,21.00,1145.45,5500.00),(326,37,69,2.000,4297.52,8595.04,21.00,1804.96,4333.33),(327,37,72,2.000,3553.72,7107.44,21.00,1492.56,3583.33),(328,37,76,2.000,3553.72,7107.44,21.00,1492.56,3583.33),(329,37,80,2.000,3388.43,6776.86,21.00,1423.14,3416.67),(330,37,81,2.000,3388.43,6776.86,21.00,1423.14,3416.67),(331,37,82,2.000,3388.43,6776.86,21.00,1423.14,3416.67),(332,37,89,20.000,309.09,6181.82,21.00,1298.18,311.67),(333,37,90,20.000,309.09,6181.82,21.00,1298.18,311.67),(334,37,92,6.000,1537.19,9223.14,21.00,1936.86,1550.00),(335,37,93,6.000,1537.19,9223.14,21.00,1936.86,1550.00),(336,37,94,20.000,653.93,13078.51,21.00,2746.49,608.65),(337,37,95,15.000,653.93,9808.88,21.00,2059.87,608.65),(338,37,96,2.000,14016.53,28033.06,21.00,5886.94,14133.33),(339,37,97,6.000,1020.66,6123.97,21.00,1286.03,1029.17),(340,37,99,2.000,7000.00,14000.00,21.00,2940.00,7058.33),(341,37,100,15.000,608.88,9133.26,21.00,1917.99,613.96),(342,37,109,15.000,379.34,5690.08,21.00,1194.92,382.50),(343,37,106,6.000,595.87,3575.21,21.00,750.79,600.83),(344,37,148,15.000,438.03,6570.50,21.00,1379.80,407.83),(345,37,34,2.000,2644.53,5289.06,21.00,1110.70,2741.74),(346,37,73,2.000,3553.72,7107.44,21.00,1492.56,3583.33),(347,37,74,2.000,3553.72,7107.44,21.00,1492.56,3583.33),(348,38,172,10.000,1256.20,12561.98,21.00,2638.02,1013.33),(349,38,173,10.000,1256.20,12561.98,21.00,2638.02,1013.33),(350,38,174,10.000,1256.20,12561.98,21.00,2638.02,1013.33),(351,38,175,5.000,1256.20,6280.99,21.00,1319.01,1013.33),(352,38,176,5.000,1256.20,6280.99,21.00,1319.01,1013.33),(353,39,4,1.000,2363.64,2363.64,21.00,496.36,2383.33),(354,39,92,1.000,1537.19,1537.19,21.00,322.81,1550.00),(355,39,93,1.000,1537.19,1537.19,21.00,322.81,1550.00),(356,39,94,4.000,653.93,2615.70,21.00,549.30,608.65),(357,39,95,4.000,653.93,2615.70,21.00,549.30,608.65),(358,39,109,4.000,379.34,1517.36,21.00,318.64,382.50),(359,39,110,4.000,379.34,1517.36,21.00,318.64,382.50),(360,39,111,6.000,238.02,1428.10,21.00,299.90,240.00),(361,39,112,6.000,238.02,1428.10,21.00,299.90,240.00),(362,39,113,3.000,687.31,2061.94,21.00,433.01,639.73),(363,39,114,3.000,687.31,2061.94,21.00,433.01,639.73),(364,39,115,2.000,917.36,1834.71,21.00,385.29,925.00),(365,39,121,2.000,953.98,1907.97,21.00,400.67,961.93),(366,39,122,2.000,953.98,1907.97,21.00,400.67,961.93),(367,39,123,2.000,953.98,1907.97,21.00,400.67,961.93),(368,39,125,2.000,1121.49,2242.98,21.00,471.02,1130.83),(369,39,127,4.000,572.98,2291.93,21.00,481.31,537.20),(370,39,128,4.000,534.04,2136.17,21.00,448.59,500.73),(371,39,194,2.000,1112.98,2225.95,21.00,467.45,961.93),(372,39,155,3.000,1017.55,3052.64,21.00,641.05,947.10),(373,39,184,1.000,2644.63,2644.63,21.00,555.37,2666.67),(374,40,10,1.000,4094.70,4094.70,21.00,859.89,3811.22),(375,40,14,1.000,4094.70,4094.70,21.00,859.89,3811.22),(376,40,16,1.000,4094.70,4094.70,21.00,859.89,3811.22),(377,40,27,1.000,7314.16,7314.16,21.00,1535.97,6807.79),(378,40,56,1.000,5454.55,5454.55,21.00,1145.45,5500.00),(379,40,100,6.000,608.88,3653.31,21.00,767.19,613.96),(380,40,121,4.000,953.98,3815.93,21.00,801.35,961.93),(381,40,122,12.000,953.98,11447.80,21.00,2404.04,961.93),(382,41,10,1.000,4094.70,4094.70,21.00,859.89,3811.22),(383,41,14,1.000,4094.70,4094.70,21.00,859.89,3811.22),(384,41,16,1.000,4094.70,4094.70,21.00,859.89,3811.22),(385,41,27,1.000,7314.16,7314.16,21.00,1535.97,6807.79),(386,41,56,1.000,5454.55,5454.55,21.00,1145.45,5500.00),(387,41,100,6.000,608.88,3653.31,21.00,767.19,613.96),(388,41,121,4.000,953.98,3815.93,21.00,801.35,961.93),(389,41,122,4.000,953.98,3815.93,21.00,801.35,961.93),(390,42,159,6.000,1026.45,6158.68,21.00,1293.32,1035.00),(391,42,160,12.000,1026.45,12317.36,21.00,2586.64,1035.00),(392,42,179,1.000,7355.37,7355.37,21.00,1544.63,7416.67),(393,43,53,1.000,4049.59,4049.59,21.00,850.41,4083.33),(394,43,63,1.000,5363.64,5363.64,21.00,1126.36,5408.33),(395,43,94,10.000,653.93,6539.26,21.00,1373.24,608.65),(396,43,95,10.000,653.93,6539.26,21.00,1373.24,608.65),(397,43,109,10.000,379.34,3793.39,21.00,796.61,382.50),(398,43,110,10.000,379.34,3793.39,21.00,796.61,382.50),(399,43,111,10.000,238.02,2380.17,21.00,499.83,240.00),(400,43,113,12.000,687.31,8247.77,21.00,1732.03,639.73),(401,43,114,12.000,687.31,8247.77,21.00,1732.03,639.73),(402,43,131,1.000,6198.58,6198.58,21.00,1301.70,5769.45),(403,43,132,1.000,3646.35,3646.35,21.00,765.73,3676.73),(404,43,136,1.000,3646.35,3646.35,21.00,765.73,3676.73),(405,43,151,2.000,1727.27,3454.55,21.00,725.45,1741.67),(406,43,152,3.000,1727.27,5181.82,21.00,1088.18,1741.67),(407,43,153,3.000,1727.27,5181.82,21.00,1088.18,1741.67),(408,43,155,10.000,1017.55,10175.45,21.00,2136.85,947.10),(409,43,158,6.000,938.02,5628.10,21.00,1181.90,945.83),(410,43,160,6.000,1026.45,6158.68,21.00,1293.32,1035.00),(411,43,162,10.000,988.17,9881.65,21.00,2075.15,919.26),(412,43,197,10.000,1056.19,10561.90,21.00,2218.00,907.15),(413,43,172,4.000,1256.20,5024.79,21.00,1055.21,1013.33),(414,43,173,2.000,1256.20,2512.40,21.00,527.60,1013.33),(415,44,64,1.000,5322.31,5322.31,21.00,1117.69,5366.67),(416,44,128,12.000,534.04,6408.50,21.00,1345.78,500.73),(417,45,10,1.000,4094.70,4094.70,21.00,859.89,3811.22),(418,45,11,1.000,4094.70,4094.70,21.00,859.89,3811.22),(419,45,12,1.000,4094.70,4094.70,21.00,859.89,3811.22),(420,45,14,1.000,4094.70,4094.70,21.00,859.89,3811.22),(421,45,16,1.000,4094.70,4094.70,21.00,859.89,3811.22),(422,45,17,1.000,4094.70,4094.70,21.00,859.89,3811.22),(423,45,19,1.000,4094.70,4094.70,21.00,859.89,3811.22),(424,45,24,1.000,4305.94,4305.94,21.00,904.25,4423.29),(425,45,26,1.000,4305.74,4305.74,21.00,904.20,4431.35),(426,45,27,2.000,7314.16,14628.31,21.00,3071.95,6807.79),(427,45,29,1.000,7314.16,7314.16,21.00,1535.97,6807.79),(428,45,31,1.000,4231.55,4231.55,21.00,888.63,4374.73),(429,45,42,1.000,5619.83,5619.83,21.00,1180.17,5869.30),(430,45,43,1.000,5619.83,5619.83,21.00,1180.17,5874.73),(431,45,44,1.000,5619.83,5619.83,21.00,1180.17,5880.17),(432,45,45,1.000,5619.83,5619.83,21.00,1180.17,5885.63),(433,45,52,1.000,2641.50,2641.50,21.00,554.71,2461.46),(434,45,199,1.000,2644.63,2644.63,21.00,555.37,2500.00),(435,45,200,2.000,2644.63,5289.26,21.00,1110.74,2500.00),(436,45,98,1.000,2975.21,2975.21,21.00,624.79,3000.00),(437,45,113,12.000,687.31,8247.77,21.00,1732.03,639.73),(438,45,114,12.000,687.31,8247.77,21.00,1732.03,639.73),(439,45,117,6.000,983.47,5900.83,21.00,1239.17,991.67),(440,45,120,12.000,637.43,7649.16,21.00,1606.32,642.74),(441,45,122,4.000,953.98,3815.93,21.00,801.35,961.93),(442,45,123,4.000,953.98,3815.93,21.00,801.35,961.93),(443,45,127,8.000,572.98,4583.87,21.00,962.61,537.20),(444,45,128,8.000,534.04,4272.33,21.00,897.19,500.73),(445,45,144,12.000,1295.31,15543.77,21.00,3264.19,1205.64),(446,45,155,10.000,1017.55,10175.45,21.00,2136.85,947.10),(447,45,158,4.000,938.02,3752.07,21.00,787.93,945.83),(448,45,159,4.000,1026.45,4105.79,21.00,862.21,1035.00),(449,45,160,4.000,1026.45,4105.79,21.00,862.21,1035.00),(450,45,161,4.000,1026.45,4105.79,21.00,862.21,1035.00),(451,45,162,10.000,988.17,9881.65,21.00,2075.15,919.26),(452,46,193,1.000,6521.11,6521.11,21.00,1369.43,6164.00),(453,46,170,4.000,1176.04,4704.17,21.00,987.87,540.00),(454,46,171,4.000,1176.04,4704.17,21.00,987.87,540.00),(455,46,172,4.000,1176.04,4704.17,21.00,987.87,540.00),(456,46,174,4.000,1176.04,4704.17,21.00,987.87,540.00),(457,46,177,6.000,1176.04,7056.25,21.00,1481.81,540.00),(458,47,28,1.000,7314.16,7314.16,21.00,1535.97,6807.79),(459,47,34,1.000,2644.53,2644.53,21.00,555.35,2741.74),(460,47,54,1.000,4049.59,4049.59,21.00,850.41,4083.33),(461,47,87,1.000,4496.20,4496.20,21.00,944.20,4533.67),(462,47,100,10.000,608.88,6088.84,21.00,1278.66,613.96),(463,47,106,10.000,595.87,5958.68,21.00,1251.32,600.83),(464,47,111,40.000,238.02,9520.66,21.00,1999.34,240.00),(465,47,112,40.000,238.02,9520.66,21.00,1999.34,240.00),(466,47,122,10.000,953.98,9539.83,21.00,2003.37,961.93),(467,47,127,6.000,572.98,3437.90,21.00,721.96,537.20),(468,47,129,50.000,165.24,8261.98,21.00,1735.02,154.10),(469,47,144,12.000,1295.31,15543.77,21.00,3264.19,1205.64),(470,47,155,30.000,1017.55,30526.36,21.00,6410.54,947.10),(471,47,157,30.000,1017.55,30526.36,21.00,6410.54,947.10),(472,47,197,28.000,1056.19,29573.32,21.00,6210.40,907.15),(473,47,170,3.000,1176.04,3528.12,21.00,740.91,540.00),(474,47,171,3.000,1176.04,3528.12,21.00,740.91,540.00),(475,47,172,3.000,1176.04,3528.12,21.00,740.91,540.00),(476,47,174,3.000,1176.04,3528.12,21.00,740.91,540.00),(477,47,179,1.000,5950.40,5950.40,21.00,1249.59,5999.99),(478,47,177,10.000,1176.04,11760.41,21.00,2469.69,540.00),(479,48,87,1.000,4496.20,4496.20,21.00,944.20,4533.67),(480,48,94,15.000,653.93,9808.88,21.00,2059.87,608.65),(481,48,95,15.000,653.93,9808.88,21.00,2059.87,608.65),(482,48,201,10.000,700.21,7002.15,21.00,1470.45,613.96),(483,48,121,5.000,953.98,4769.92,21.00,1001.68,961.93),(484,48,131,3.000,6198.58,18595.74,21.00,3905.10,5769.45),(485,48,175,4.000,1176.06,4704.23,21.00,987.89,479.99),(486,49,20,1.000,4305.63,4305.63,21.00,904.18,4407.25),(487,49,21,1.000,4305.89,4305.89,21.00,904.24,4411.25),(488,49,23,1.000,4305.69,4305.69,21.00,904.19,4419.27),(489,49,24,1.000,4305.94,4305.94,21.00,904.25,4423.29),(490,49,25,1.000,4305.83,4305.83,21.00,904.23,4427.31),(491,49,26,1.000,4305.74,4305.74,21.00,904.20,4431.35),(492,49,33,1.000,2644.60,2644.60,21.00,555.36,2739.22),(493,49,34,1.000,2644.53,2644.53,21.00,555.35,2741.74),(494,49,35,2.000,2644.69,5289.39,21.00,1110.77,2744.26),(495,49,37,1.000,3173.47,3173.47,21.00,666.43,3299.17),(496,49,63,1.000,5363.64,5363.64,21.00,1126.36,5408.33),(497,49,64,1.000,5322.31,5322.31,21.00,1117.69,5366.67),(498,49,72,1.000,3553.72,3553.72,21.00,746.28,3583.33),(499,49,73,1.000,3553.72,3553.72,21.00,746.28,3583.33),(500,49,74,1.000,3553.72,3553.72,21.00,746.28,3583.33),(501,49,75,1.000,3553.72,3553.72,21.00,746.28,3583.33),(502,49,76,1.000,3553.72,3553.72,21.00,746.28,3583.33),(503,49,80,1.000,3388.43,3388.43,21.00,711.57,3416.67),(504,49,81,1.000,3388.43,3388.43,21.00,711.57,3416.67),(505,49,82,1.000,3388.43,3388.43,21.00,711.57,3416.67),(506,49,88,1.000,3471.07,3471.07,21.00,728.93,3500.00),(507,49,89,10.000,309.09,3090.91,21.00,649.09,311.67),(508,49,90,10.000,309.09,3090.91,21.00,649.09,311.67),(509,49,91,10.000,309.09,3090.91,21.00,649.09,311.67),(510,49,97,5.000,1020.66,5103.31,21.00,1071.69,1029.17),(511,49,98,2.000,2975.21,5950.41,21.00,1249.59,3000.00),(512,49,101,2.000,3998.35,7996.69,21.00,1679.31,4031.67),(513,49,102,10.000,247.11,2471.07,21.00,518.93,249.17),(514,50,171,1.000,1260.50,1260.50,21.00,264.70,820.00),(515,50,173,1.000,1260.50,1260.50,21.00,264.70,820.00),(516,50,172,1.000,1260.50,1260.50,21.00,264.70,820.00),(517,51,71,1.000,1768.60,1768.60,21.00,371.40,1783.33),(518,52,113,12.000,687.60,8251.24,21.00,1732.76,640.00),(519,52,99,1.000,7108.10,7108.10,21.00,1492.70,6616.00),(520,53,6,2.000,10124.96,20249.92,21.00,4252.48,9424.00),(521,53,7,2.000,10124.96,20249.92,21.00,4252.48,9424.00),(522,53,9,2.000,10124.96,20249.92,21.00,4252.48,9424.00),(523,53,23,3.000,4297.52,12892.56,21.00,2707.44,4000.00),(524,53,65,3.000,7112.40,21337.19,21.00,4480.81,6620.00),(525,53,66,3.000,5454.63,16363.88,21.00,3436.42,5077.00),(526,53,100,20.000,702.64,14052.89,21.00,2951.11,654.00),(527,53,201,20.000,702.64,14052.89,21.00,2951.11,654.00),(528,53,105,24.000,550.08,13201.98,21.00,2772.42,512.00),(529,53,109,48.000,380.33,18255.87,21.00,3833.73,354.00),(530,53,110,48.000,380.33,18255.87,21.00,3833.73,354.00),(531,53,113,48.000,687.60,33004.96,21.00,6931.04,640.00),(532,53,114,48.000,687.60,33004.96,21.00,6931.04,640.00),(533,53,127,36.000,570.50,20537.85,21.00,4312.95,531.00),(534,53,128,48.000,570.50,27383.80,21.00,5750.60,531.00),(535,53,194,21.000,1098.02,23058.35,21.00,4842.25,1022.00),(536,53,121,21.000,1098.02,23058.35,21.00,4842.25,1022.00),(537,54,208,2.000,4297.52,8595.04,21.00,1804.96,4000.00),(538,55,16,1.000,4091.24,4091.24,21.00,859.16,3808.00),(539,55,27,1.000,7314.16,7314.16,21.00,1535.97,6807.79),(540,55,29,1.000,7314.16,7314.16,21.00,1535.97,6807.79),(541,55,56,1.000,5457.85,5457.85,21.00,1146.15,5080.00),(542,55,100,10.000,702.64,7026.45,21.00,1475.55,654.00),(543,55,102,10.000,247.11,2471.07,21.00,518.93,230.00),(544,55,131,1.000,6199.17,6199.17,21.00,1301.83,5770.00),(545,55,155,6.000,1016.36,6098.18,21.00,1280.62,946.00),(546,55,160,4.000,1020.66,4082.64,21.00,857.36,950.00),(547,55,161,4.000,1020.66,4082.64,21.00,857.36,950.00),(548,55,162,3.000,984.13,2952.40,21.00,620.00,916.00),(549,55,167,4.000,1933.88,7735.54,21.00,1624.46,1800.00),(550,55,197,2.000,1052.89,2105.79,21.00,442.21,980.00),(551,56,189,1.000,10421.49,10421.49,21.00,2188.51,9700.00),(552,56,109,6.000,380.33,2281.98,21.00,479.22,354.00),(553,56,110,10.000,380.33,3803.31,21.00,798.69,354.00),(554,56,113,6.000,687.60,4125.62,21.00,866.38,640.00),(555,56,132,1.000,3867.77,3867.77,21.00,812.23,3600.00),(556,56,141,1.000,3867.77,3867.77,21.00,812.23,3600.00),(557,56,136,1.000,3867.77,3867.77,21.00,812.23,3600.00),(558,56,130,1.000,6199.17,6199.17,21.00,1301.83,5770.00),(559,57,166,10.000,2213.22,22132.23,21.00,4647.77,2060.00),(560,58,109,24.000,380.33,9127.93,21.00,1916.87,354.00),(561,58,110,24.000,380.33,9127.93,21.00,1916.87,354.00),(562,58,111,40.000,238.51,9540.50,21.00,2003.50,222.00),(563,58,112,40.000,238.51,9540.50,21.00,2003.50,222.00),(564,59,189,1.000,10421.49,10421.49,21.00,2188.51,9700.00),(565,59,113,6.000,687.60,4125.62,21.00,866.38,640.00),(566,59,132,1.000,3867.77,3867.77,21.00,812.23,3600.00),(567,59,141,1.000,3867.77,3867.77,21.00,812.23,3600.00),(568,59,136,1.000,3867.77,3867.77,21.00,812.23,3600.00),(569,59,130,1.000,6199.17,6199.17,21.00,1301.83,5770.00),(570,60,130,1.000,6199.17,6199.17,21.00,1301.83,5770.00),(571,60,59,1.000,3438.02,3438.02,21.00,721.98,3200.00),(572,60,56,1.000,5457.85,5457.85,21.00,1146.15,5080.00),(573,60,177,4.000,1260.50,5041.98,21.00,1058.82,820.00),(574,60,94,15.000,653.93,9808.88,21.00,2059.87,608.65),(575,60,95,15.000,653.93,9808.88,21.00,2059.87,608.65),(576,61,169,3.000,1260.50,3781.49,21.00,794.11,820.00),(577,61,170,3.000,1260.50,3781.49,21.00,794.11,820.00),(578,61,171,3.000,1260.50,3781.49,21.00,794.11,820.00),(579,61,172,3.000,1260.50,3781.49,21.00,794.11,820.00),(580,61,173,6.000,1260.50,7562.98,21.00,1588.22,820.00),(581,61,174,3.000,1260.50,3781.49,21.00,794.11,820.00),(582,61,175,2.000,1260.50,2520.99,21.00,529.41,820.00),(583,61,176,2.000,1260.50,2520.99,21.00,529.41,820.00),(584,61,177,5.000,1260.50,6302.48,21.00,1323.52,820.00),(585,62,171,2.000,1260.50,2520.99,21.00,529.41,820.00),(586,62,170,1.000,1260.50,1260.50,21.00,264.70,820.00),(587,62,6,1.000,10124.96,10124.96,21.00,2126.24,9424.00),(588,62,9,1.000,10124.96,10124.96,21.00,2126.24,9424.00),(589,63,113,12.000,687.60,8251.24,21.00,1732.76,640.00),(590,63,155,7.000,1016.36,7114.55,21.00,1494.05,946.00),(591,63,129,15.000,165.45,2481.82,21.00,521.18,154.00),(592,63,158,6.000,939.01,5634.05,21.00,1183.15,874.00),(593,63,167,6.000,1933.88,11603.31,21.00,2436.69,1800.00),(594,64,34,1.000,2844.96,2844.96,21.00,597.44,2648.00),(595,64,52,2.000,2664.46,5328.93,21.00,1119.07,2480.00),(596,64,199,2.000,2664.46,5328.93,21.00,1119.07,2480.00),(597,64,200,2.000,2664.46,5328.93,21.00,1119.07,2480.00),(598,64,69,2.000,4297.52,8595.04,21.00,1804.96,4000.00),(599,64,72,1.000,3803.31,3803.31,21.00,798.69,3540.00),(600,64,196,2.000,3803.31,7606.61,21.00,1597.39,3540.00),(601,64,75,1.000,3803.31,3803.31,21.00,798.69,3540.00),(602,64,89,20.000,309.42,6188.43,21.00,1299.57,288.00),(603,64,90,20.000,309.42,6188.43,21.00,1299.57,288.00),(604,64,91,20.000,309.42,6188.43,21.00,1299.57,288.00),(605,64,94,30.000,653.93,19617.77,21.00,4119.73,608.65),(606,64,95,30.000,653.93,19617.77,21.00,4119.73,608.65),(607,64,99,1.000,7108.10,7108.10,21.00,1492.70,6616.00),(608,64,102,48.000,247.11,11861.16,21.00,2490.84,230.00),(609,64,103,1.000,5365.45,5365.45,21.00,1126.75,4994.00),(610,64,113,20.000,687.60,13752.07,21.00,2887.93,640.00),(611,65,170,2.000,1260.50,2520.99,21.00,529.41,820.00),(612,65,171,2.000,1260.50,2520.99,21.00,529.41,820.00),(613,65,172,2.000,1260.50,2520.99,21.00,529.41,820.00),(614,65,173,2.000,1260.50,2520.99,21.00,529.41,820.00),(615,66,31,1.000,4233.06,4233.06,21.00,888.94,3940.00),(616,66,34,1.000,2844.96,2844.96,21.00,597.44,2648.00),(617,66,152,2.000,1719.01,3438.02,21.00,721.98,1600.00),(618,66,166,3.000,2213.22,6639.67,21.00,1394.33,2060.00),(619,67,44,1.000,5350.41,5350.41,21.00,1123.59,4980.00),(620,67,45,1.000,5350.41,5350.41,21.00,1123.59,4980.00),(621,67,42,1.000,5350.41,5350.41,21.00,1123.59,4980.00),(622,67,43,1.000,5350.41,5350.41,21.00,1123.59,4980.00),(623,68,27,2.000,7314.16,14628.31,21.00,3071.95,6807.79),(624,69,38,1.000,5350.41,5350.41,21.00,1123.59,4980.00),(625,69,40,1.000,5350.41,5350.41,21.00,1123.59,4980.00),(626,69,43,1.000,5350.41,5350.41,21.00,1123.59,4980.00),(627,69,120,6.000,816.53,4899.17,21.00,1028.83,760.00),(628,69,131,2.000,6199.17,12398.35,21.00,2603.65,5770.00),(629,69,162,2.000,984.13,1968.26,21.00,413.34,916.00),(630,69,163,3.000,984.13,2952.40,21.00,620.00,916.00),(631,70,62,1.000,4793.88,4793.88,21.00,1006.72,4462.00),(632,70,87,1.000,5157.02,5157.02,21.00,1082.98,4800.00),(633,70,131,1.000,6199.17,6199.17,21.00,1301.83,5770.00),(634,70,189,1.000,10421.49,10421.49,21.00,2188.51,9700.00),(635,71,29,1.000,7314.16,7314.16,21.00,1535.97,6807.79),(636,71,28,1.000,7314.16,7314.16,21.00,1535.97,6807.79),(637,71,17,2.000,4091.24,8182.48,21.00,1718.32,3808.00),(638,71,52,1.000,2664.46,2664.46,21.00,559.54,2480.00),(639,72,3,1.000,2449.59,2449.59,21.00,514.41,2280.00),(640,72,63,1.000,5457.85,5457.85,21.00,1146.15,5080.00),(641,72,94,30.000,653.93,19617.77,21.00,4119.73,608.65),(642,72,95,30.000,653.93,19617.77,21.00,4119.73,608.65),(643,72,109,6.000,384.63,2307.77,21.00,484.63,358.00),(644,72,110,6.000,384.63,2307.77,21.00,484.63,358.00),(645,72,111,6.000,238.51,1431.07,21.00,300.53,222.00),(646,72,112,6.000,238.51,1431.07,21.00,300.53,222.00),(647,72,130,1.000,6252.89,6252.89,21.00,1313.11,5820.00),(648,72,131,1.000,6252.89,6252.89,21.00,1313.11,5820.00),(649,72,144,12.000,1375.21,16502.48,21.00,3465.52,1280.00),(650,72,152,2.000,1719.01,3438.02,21.00,721.98,1600.00),(651,72,154,5.000,1719.01,8595.04,21.00,1804.96,1600.00),(652,72,155,6.000,1018.51,6111.07,21.00,1283.33,948.00),(653,72,156,6.000,1018.51,6111.07,21.00,1283.33,948.00),(654,72,158,5.000,939.01,4695.04,21.00,985.96,874.00),(655,72,159,5.000,1020.66,5103.31,21.00,1071.69,950.00),(656,72,160,5.000,1020.66,5103.31,21.00,1071.69,950.00),(657,72,162,5.000,984.13,4920.66,21.00,1033.34,916.00),(658,72,163,5.000,984.13,4920.66,21.00,1033.34,916.00),(659,72,164,5.000,984.13,4920.66,21.00,1033.34,916.00),(660,72,165,4.000,2127.27,8509.09,21.00,1786.91,1980.00),(661,72,166,4.000,2213.22,8852.89,21.00,1859.11,2060.00),(662,72,167,4.000,1933.88,7735.54,21.00,1624.46,1800.00),(663,72,197,6.000,1052.89,6317.36,21.00,1326.64,980.00),(664,72,180,10.000,526.45,5264.46,21.00,1105.54,490.00),(665,72,181,1.000,6016.53,6016.53,21.00,1263.47,5600.00),(666,72,56,1.000,5457.85,5457.85,21.00,1146.15,5080.00),(667,72,121,4.000,1098.02,4392.07,21.00,922.33,1022.00),(668,72,123,4.000,1098.02,4392.07,21.00,922.33,1022.00),(669,72,122,4.000,1098.02,4392.07,21.00,922.33,1022.00),(670,72,194,4.000,1098.02,4392.07,21.00,922.33,1022.00),(671,72,195,4.000,1098.02,4392.07,21.00,922.33,1022.00),(672,72,117,4.000,984.13,3936.53,21.00,826.67,916.00),(673,72,118,4.000,984.13,3936.53,21.00,826.67,916.00),(674,72,119,4.000,984.13,3936.53,21.00,826.67,916.00),(675,73,63,1.000,5457.85,5457.85,21.00,1146.15,5080.00),(676,73,64,1.000,5833.88,5833.88,21.00,1225.12,5430.00),(677,73,65,1.000,7112.40,7112.40,21.00,1493.60,6620.00),(678,73,66,1.000,5454.63,5454.63,21.00,1145.47,5077.00),(679,73,67,1.000,3578.76,3578.76,21.00,751.54,3331.00),(680,73,185,1.000,4147.11,4147.11,21.00,870.89,3860.00),(681,74,170,3.000,1260.50,3781.49,21.00,794.11,820.00),(682,74,171,3.000,1260.50,3781.49,21.00,794.11,820.00),(683,74,169,2.000,1260.50,2520.99,21.00,529.41,820.00),(684,74,172,2.000,1260.50,2520.99,21.00,529.41,820.00),(685,74,173,2.000,1260.50,2520.99,21.00,529.41,820.00),(686,74,177,4.000,1260.50,5041.98,21.00,1058.82,820.00),(687,75,207,1.000,5371.90,5371.90,21.00,1128.10,5000.00),(688,76,27,2.000,7314.38,14628.76,21.00,3072.04,6808.00),(689,77,59,1.000,3438.02,3438.02,21.00,721.98,3200.00),(690,77,58,1.000,5221.49,5221.49,21.00,1096.51,4860.00),(691,77,53,1.000,4050.41,4050.41,21.00,850.59,3770.00),(692,77,54,1.000,4050.41,4050.41,21.00,850.59,3770.00),(693,77,196,1.000,3803.31,3803.31,21.00,798.69,3540.00),(694,77,35,1.000,2868.60,2868.60,21.00,602.40,2670.00),(695,77,33,1.000,2868.60,2868.60,21.00,602.40,2670.00),(696,77,193,1.000,6521.49,6521.49,21.00,1369.51,6070.00),(697,77,27,1.000,7314.38,7314.38,21.00,1536.02,6808.00),(698,77,16,1.000,4104.13,4104.13,21.00,861.87,3820.00),(699,77,17,1.000,4104.13,4104.13,21.00,861.87,3820.00),(700,78,169,2.000,1260.50,2520.99,21.00,529.41,820.00),(701,78,170,2.000,1260.50,2520.99,21.00,529.41,820.00),(702,78,171,2.000,1260.50,2520.99,21.00,529.41,820.00),(703,78,172,2.000,1260.50,2520.99,21.00,529.41,820.00),(704,78,173,2.000,1260.50,2520.99,21.00,529.41,820.00),(705,78,174,2.000,1260.50,2520.99,21.00,529.41,820.00),(706,79,131,1.000,6252.89,6252.89,21.00,1313.11,5820.00),(707,79,109,12.000,384.63,4615.54,21.00,969.26,358.00),(708,79,110,12.000,384.63,4615.54,21.00,969.26,358.00),(709,79,111,12.000,238.51,2862.15,21.00,601.05,222.00),(710,80,94,10.000,653.93,6539.26,21.00,1373.24,608.65),(711,80,95,10.000,653.93,6539.26,21.00,1373.24,608.65),(712,80,105,10.000,550.08,5500.83,21.00,1155.17,512.00),(713,80,121,10.000,1098.02,10980.17,21.00,2305.83,1022.00),(714,80,123,6.000,1098.02,6588.10,21.00,1383.50,1022.00),(715,80,132,1.000,3867.77,3867.77,21.00,812.23,3600.00),(716,80,148,18.000,438.35,7890.25,21.00,1656.95,408.00),(717,80,155,30.000,1018.51,30555.37,21.00,6416.63,948.00),(718,80,156,30.000,1018.51,30555.37,21.00,6416.63,948.00),(719,80,197,7.000,1052.89,7370.25,21.00,1547.75,980.00),(720,80,169,4.000,1260.50,5041.98,21.00,1058.82,820.00),(721,80,171,4.000,1260.50,5041.98,21.00,1058.82,820.00),(722,80,173,4.000,1260.50,5041.98,21.00,1058.82,820.00),(723,81,190,1.000,9604.96,9604.96,21.00,2017.04,8940.00),(724,81,65,1.000,7112.40,7112.40,21.00,1493.60,6620.00),(725,81,112,10.000,238.51,2385.12,21.00,500.88,222.00),(726,81,122,4.000,1098.02,4392.07,21.00,922.33,1022.00),(727,81,123,4.000,1098.02,4392.07,21.00,922.33,1022.00),(728,81,194,4.000,1098.02,4392.07,21.00,922.33,1022.00),(729,81,131,3.000,6252.89,18758.68,21.00,3939.32,5820.00),(730,82,172,2.000,1260.50,2520.99,21.00,529.41,820.00),(731,82,173,2.000,1260.50,2520.99,21.00,529.41,820.00),(732,82,170,3.000,1260.50,3781.49,21.00,794.11,820.00),(733,82,171,3.000,1260.50,3781.49,21.00,794.11,820.00),(734,82,169,2.000,1260.50,2520.99,21.00,529.41,820.00),(735,83,30,1.000,4297.52,4297.52,21.00,902.48,4000.00),(736,83,31,1.000,4297.52,4297.52,21.00,902.48,4000.00),(737,83,39,1.000,5350.41,5350.41,21.00,1123.59,4980.00),(738,83,45,1.000,5350.41,5350.41,21.00,1123.59,4980.00),(739,83,111,8.000,238.51,1908.10,21.00,400.70,222.00),(740,83,112,8.000,238.51,1908.10,21.00,400.70,222.00),(741,83,120,4.000,816.53,3266.12,21.00,685.88,760.00),(742,83,115,3.000,1010.99,3032.98,21.00,636.92,941.00),(743,83,116,3.000,1010.99,3032.98,21.00,636.92,941.00),(744,83,121,3.000,1098.02,3294.05,21.00,691.75,1022.00),(745,83,122,3.000,1098.02,3294.05,21.00,691.75,1022.00),(746,83,123,3.000,1098.02,3294.05,21.00,691.75,1022.00),(747,83,194,5.000,1098.02,5490.08,21.00,1152.92,1022.00),(748,83,195,5.000,1098.02,5490.08,21.00,1152.92,1022.00),(749,83,131,1.000,6252.89,6252.89,21.00,1313.11,5820.00),(750,83,170,2.000,1260.50,2520.99,21.00,529.41,820.00),(751,83,171,2.000,1260.50,2520.99,21.00,529.41,820.00),(752,83,172,2.000,1260.50,2520.99,21.00,529.41,820.00),(753,83,173,2.000,1260.50,2520.99,21.00,529.41,820.00),(754,83,189,1.000,10421.49,10421.49,21.00,2188.51,9700.00),(755,84,103,1.000,5365.45,5365.45,21.00,1126.75,4994.00),(756,85,16,1.000,4104.13,4104.13,21.00,861.87,3820.00),(757,85,17,1.000,4104.13,4104.13,21.00,861.87,3820.00),(758,85,18,2.000,4104.13,8208.26,21.00,1723.74,3820.00),(759,85,19,1.000,4104.13,4104.13,21.00,861.87,3820.00),(760,85,100,12.000,702.64,8431.74,21.00,1770.66,654.00),(761,85,120,6.000,816.53,4899.17,21.00,1028.83,760.00),(762,85,160,6.000,1020.66,6123.97,21.00,1286.03,950.00),(763,85,166,2.000,2213.22,4426.45,21.00,929.55,2060.00),(764,85,167,2.000,1933.88,3867.77,21.00,812.23,1800.00),(765,85,169,2.000,1260.50,2520.99,21.00,529.41,820.00),(766,85,170,2.000,1260.50,2520.99,21.00,529.41,820.00),(767,85,171,2.000,1260.50,2520.99,21.00,529.41,820.00),(768,85,172,2.000,1260.50,2520.99,21.00,529.41,820.00),(769,86,27,1.000,7314.38,7314.38,21.00,1536.02,6808.00),(770,86,29,1.000,7314.38,7314.38,21.00,1536.02,6808.00),(771,86,84,1.000,5157.02,5157.02,21.00,1082.98,4800.00),(772,86,86,1.000,5157.02,5157.02,21.00,1082.98,4800.00),(773,86,87,1.000,5157.02,5157.02,21.00,1082.98,4800.00),(774,86,96,1.000,14018.51,14018.51,21.00,2943.89,13048.00),(775,86,97,10.000,1224.79,12247.93,21.00,2572.07,1140.00),(776,86,111,10.000,238.51,2385.12,21.00,500.88,222.00),(777,86,112,10.000,238.51,2385.12,21.00,500.88,222.00),(778,86,120,3.000,816.53,2449.59,21.00,514.41,760.00),(779,87,27,1.000,7314.38,7314.38,21.00,1536.02,6808.00),(780,87,63,1.000,5457.85,5457.85,21.00,1146.15,5080.00),(781,87,79,1.000,3395.04,3395.04,21.00,712.96,3160.00),(782,87,120,12.000,816.53,9798.35,21.00,2057.65,760.00),(783,88,53,1.000,4050.41,4050.41,21.00,850.59,3770.00),(784,88,111,20.000,238.51,4770.25,21.00,1001.75,222.00),(785,88,112,20.000,238.51,4770.25,21.00,1001.75,222.00),(786,88,120,12.000,816.53,9798.35,21.00,2057.65,760.00),(787,88,162,3.000,984.13,2952.40,21.00,620.00,916.00),(788,88,163,3.000,984.13,2952.40,21.00,620.00,916.00),(789,89,53,1.000,4050.41,4050.41,21.00,850.59,3770.00),(790,89,54,1.000,4050.41,4050.41,21.00,850.59,3770.00),(791,89,115,9.000,1010.99,9098.93,21.00,1910.77,941.00),(792,89,116,9.000,1010.99,9098.93,21.00,1910.77,941.00),(793,89,123,6.000,1098.02,6588.10,21.00,1383.50,1022.00),(794,89,121,6.000,1098.02,6588.10,21.00,1383.50,1022.00),(795,89,131,2.000,6252.89,12505.79,21.00,2626.21,5820.00),(796,89,148,9.000,438.35,3945.12,21.00,828.48,408.00),(797,89,146,9.000,438.35,3945.12,21.00,828.48,408.00),(798,89,155,6.000,1018.51,6111.07,21.00,1283.33,948.00),(799,90,31,1.000,4297.52,4297.52,21.00,902.48,4000.00),(800,90,93,6.000,1538.51,9231.07,21.00,1938.53,1432.00),(801,90,94,15.000,653.93,9808.88,21.00,2059.87,608.65),(802,90,95,15.000,653.93,9808.88,21.00,2059.87,608.65),(803,90,97,6.000,1224.79,7348.76,21.00,1543.24,1140.00),(804,90,98,1.000,3042.64,3042.64,21.00,638.96,2832.00),(805,90,120,6.000,816.53,4899.17,21.00,1028.83,760.00),(806,91,20,1.000,4512.40,4512.40,21.00,947.60,4200.00),(807,91,30,1.000,4297.52,4297.52,21.00,902.48,4000.00),(808,91,82,1.000,3395.04,3395.04,21.00,712.96,3160.00),(809,92,94,15.000,653.93,9808.88,21.00,2059.87,608.65),(810,92,95,15.000,653.93,9808.88,21.00,2059.87,608.65),(811,92,100,20.000,702.64,14052.89,21.00,2951.11,654.00),(812,92,166,6.000,2213.22,13279.34,21.00,2788.66,2060.00),(813,92,167,6.000,1933.88,11603.31,21.00,2436.69,1800.00),(814,93,28,1.000,7314.38,7314.38,21.00,1536.02,6808.00),(815,93,161,6.000,1020.66,6123.97,21.00,1286.03,950.00),(816,93,160,6.000,1020.66,6123.97,21.00,1286.03,950.00),(817,93,158,3.000,939.01,2817.02,21.00,591.58,874.00),(818,93,165,6.000,2127.27,12763.64,21.00,2680.36,1980.00),(819,93,173,2.000,1260.50,2520.99,21.00,529.41,820.00),(820,93,175,4.000,1260.50,5041.98,21.00,1058.82,820.00),(821,93,176,2.000,1260.50,2520.99,21.00,529.41,820.00),(822,93,179,1.000,6446.28,6446.28,21.00,1353.72,6000.00),(823,94,122,4.000,1098.02,4392.07,21.00,922.33,1022.00),(824,94,123,4.000,1098.02,4392.07,21.00,922.33,1022.00),(825,94,194,4.000,1098.02,4392.07,21.00,922.33,1022.00),(826,94,195,4.000,1098.02,4392.07,21.00,922.33,1022.00),(827,94,125,4.000,1185.04,4740.17,21.00,995.43,1103.00),(828,94,127,4.000,570.50,2281.98,21.00,479.22,531.00),(829,94,128,4.000,570.50,2281.98,21.00,479.22,531.00),(830,94,93,3.000,1538.51,4615.54,21.00,969.26,1432.00),(831,94,97,6.000,1224.79,7348.76,21.00,1543.24,1140.00),(832,94,94,6.000,653.93,3923.55,21.00,823.95,608.65),(833,94,95,6.000,653.93,3923.55,21.00,823.95,608.65),(834,95,207,1.000,5371.90,5371.90,21.00,1128.10,5000.00),(835,95,199,1.000,2664.46,2664.46,21.00,559.54,2480.00),(836,95,176,2.000,1260.50,2520.99,21.00,529.41,820.00),(837,96,62,1.000,4793.88,4793.88,21.00,1006.72,4462.00),(838,96,130,1.000,6252.89,6252.89,21.00,1313.11,5820.00),(839,96,169,3.000,1260.50,3781.49,21.00,794.11,820.00),(840,96,170,3.000,1260.50,3781.49,21.00,794.11,820.00),(841,96,171,3.000,1260.50,3781.49,21.00,794.11,820.00),(842,96,172,4.000,1260.50,5041.98,21.00,1058.82,820.00),(843,96,173,3.000,1260.50,3781.49,21.00,794.11,820.00),(844,96,174,3.000,1260.50,3781.49,21.00,794.11,820.00),(845,96,181,1.000,6016.53,6016.53,21.00,1263.47,5600.00),(846,96,183,1.000,3566.94,3566.94,21.00,749.06,3320.00),(847,97,16,2.000,4104.13,8208.26,21.00,1723.74,3820.00),(848,97,17,2.000,4104.13,8208.26,21.00,1723.74,3820.00),(849,97,27,1.000,7314.38,7314.38,21.00,1536.02,6808.00),(850,97,28,1.000,7314.38,7314.38,21.00,1536.02,6808.00),(851,97,30,1.000,4297.52,4297.52,21.00,902.48,4000.00),(852,97,109,12.000,384.63,4615.54,21.00,969.26,358.00),(853,97,110,12.000,384.63,4615.54,21.00,969.26,358.00),(854,97,131,1.000,6252.89,6252.89,21.00,1313.11,5820.00),(855,97,155,8.000,1018.51,8148.10,21.00,1711.10,948.00),(856,97,120,6.000,816.53,4899.17,21.00,1028.83,760.00),(857,98,169,6.000,1260.50,7562.98,21.00,1588.22,820.00),(858,98,170,3.000,1260.50,3781.49,21.00,794.11,820.00),(859,98,171,3.000,1260.50,3781.49,21.00,794.11,820.00),(860,98,172,3.000,1260.50,3781.49,21.00,794.11,820.00),(861,98,175,4.000,1260.50,5041.98,21.00,1058.82,820.00),(862,98,177,10.000,1260.50,12604.96,21.00,2647.04,820.00),(863,98,187,1.000,3416.53,3416.53,21.00,717.47,3180.00),(864,98,129,10.000,165.45,1654.55,21.00,347.45,154.00),(865,98,59,2.000,3438.02,6876.03,21.00,1443.97,3200.00),(866,99,6,1.000,10163.64,10163.64,21.00,2134.36,9460.00),(867,99,7,1.000,10163.64,10163.64,21.00,2134.36,9460.00),(868,100,52,2.000,2664.46,5328.93,21.00,1119.07,2480.00),(869,100,199,2.000,2664.46,5328.93,21.00,1119.07,2480.00),(870,100,200,2.000,2664.46,5328.93,21.00,1119.07,2480.00),(871,100,196,2.000,3803.31,7606.61,21.00,1597.39,3540.00),(872,100,73,2.000,3803.31,7606.61,21.00,1597.39,3540.00),(873,100,74,1.000,3803.31,3803.31,21.00,798.69,3540.00),(874,100,76,2.000,3803.31,7606.61,21.00,1597.39,3540.00),(875,100,79,1.000,3395.04,3395.04,21.00,712.96,3160.00),(876,100,80,2.000,3395.04,6790.08,21.00,1425.92,3160.00),(877,100,81,4.000,3395.04,13580.17,21.00,2851.83,3160.00),(878,100,82,4.000,3395.04,13580.17,21.00,2851.83,3160.00),(879,100,94,30.000,653.93,19617.77,21.00,4119.73,608.65),(880,100,99,2.000,7108.10,14216.20,21.00,2985.40,6616.00),(881,100,109,24.000,384.63,9231.07,21.00,1938.53,358.00),(882,100,110,12.000,384.63,4615.54,21.00,969.26,358.00),(883,100,120,12.000,816.53,9798.35,21.00,2057.65,760.00),(884,100,148,18.000,438.35,7890.25,21.00,1656.95,408.00),(885,101,115,6.000,1010.99,6065.95,21.00,1273.85,941.00),(886,101,120,6.000,816.53,4899.17,21.00,1028.83,760.00),(887,101,177,6.000,1260.50,7562.98,21.00,1588.22,820.00),(888,102,52,2.000,2664.46,5328.93,21.00,1119.07,2480.00),(889,102,199,2.000,2664.46,5328.93,21.00,1119.07,2480.00),(890,102,200,2.000,2664.46,5328.93,21.00,1119.07,2480.00),(891,102,98,1.000,3042.64,3042.64,21.00,638.96,2832.00),(892,102,130,1.000,6252.89,6252.89,21.00,1313.11,5820.00),(893,102,169,1.000,1260.50,1260.50,21.00,264.70,820.00),(894,102,170,1.000,1260.50,1260.50,21.00,264.70,820.00),(895,102,171,1.000,1260.50,1260.50,21.00,264.70,820.00),(896,102,172,1.000,1260.50,1260.50,21.00,264.70,820.00),(897,102,173,1.000,1260.50,1260.50,21.00,264.70,820.00),(898,102,174,1.000,1260.50,1260.50,21.00,264.70,820.00),(899,103,148,18.000,438.35,7890.25,21.00,1656.95,408.00),(900,103,64,1.000,5833.88,5833.88,21.00,1225.12,5430.00),(901,103,71,1.000,1769.50,1769.50,21.00,371.60,1647.00),(902,104,8,1.000,10163.64,10163.64,21.00,2134.36,9460.00),(903,104,28,1.000,7314.38,7314.38,21.00,1536.02,6808.00),(904,104,29,1.000,7314.38,7314.38,21.00,1536.02,6808.00),(905,104,38,1.000,5350.41,5350.41,21.00,1123.59,4980.00),(906,104,40,1.000,5350.41,5350.41,21.00,1123.59,4980.00),(907,104,42,1.000,5350.41,5350.41,21.00,1123.59,4980.00),(908,104,209,1.000,5350.41,5350.41,21.00,1123.59,4980.00),(909,104,121,4.000,1098.02,4392.07,21.00,922.33,1022.00),(910,104,122,4.000,1098.02,4392.07,21.00,922.33,1022.00),(911,104,125,3.000,1185.04,3555.12,21.00,746.58,1103.00),(912,104,129,10.000,165.45,1654.55,21.00,347.45,154.00),(913,104,144,6.000,1375.21,8251.24,21.00,1732.76,1280.00),(914,104,153,3.000,1719.01,5157.02,21.00,1082.98,1600.00),(915,104,157,3.000,1018.51,3055.54,21.00,641.66,948.00),(916,104,159,4.000,1020.66,4082.64,21.00,857.36,950.00),(917,104,165,3.000,2127.27,6381.82,21.00,1340.18,1980.00),(918,104,166,4.000,2213.22,8852.89,21.00,1859.11,2060.00),(919,104,167,3.000,1933.88,5801.65,21.00,1218.35,1800.00),(920,104,198,4.000,1289.26,5157.02,21.00,1082.98,1200.00),(921,104,170,3.000,1260.50,3781.49,21.00,794.11,820.00),(922,104,172,3.000,1260.50,3781.49,21.00,794.11,820.00),(923,105,130,1.000,6252.89,6252.89,21.00,1313.11,5820.00),(924,106,71,2.000,1769.50,3539.01,21.00,743.19,1647.00),(925,106,94,8.000,650.87,5206.94,21.00,1093.46,605.81),(926,106,95,8.000,650.87,5206.94,21.00,1093.46,605.81),(927,106,100,3.000,702.64,2107.93,21.00,442.67,654.00),(928,106,201,6.000,702.64,4215.87,21.00,885.33,654.00),(929,106,111,10.000,238.51,2385.12,21.00,500.88,222.00),(930,106,112,10.000,238.51,2385.12,21.00,500.88,222.00),(931,106,113,10.000,687.31,6873.14,21.00,1443.36,639.73),(932,106,114,8.000,687.31,5498.51,21.00,1154.69,639.73),(933,106,115,4.000,1010.99,4043.97,21.00,849.23,941.00),(934,106,116,4.000,1010.74,4042.94,21.00,849.02,940.76),(935,106,121,3.000,1098.02,3294.05,21.00,691.75,1022.00),(936,106,169,3.000,1260.50,3781.49,21.00,794.11,820.00),(937,106,170,3.000,1260.50,3781.49,21.00,794.11,820.00),(938,106,171,3.000,1260.50,3781.49,21.00,794.11,820.00),(939,106,175,4.000,1260.50,5041.98,21.00,1058.82,820.00),(940,106,177,6.000,1260.50,7562.98,21.00,1588.22,820.00),(941,107,139,1.000,3867.77,3867.77,21.00,812.23,3600.00),(942,107,141,1.000,3867.77,3867.77,21.00,812.23,3600.00),(943,107,134,1.000,3867.77,3867.77,21.00,812.23,3600.00),(944,107,140,1.000,3867.77,3867.77,21.00,812.23,3600.00),(945,108,11,1.000,4500.43,4500.43,21.00,945.09,4188.86),(946,108,12,2.000,4104.13,8208.26,21.00,1723.74,3820.00),(947,108,14,1.000,4094.70,4094.70,21.00,859.89,3811.22),(948,108,16,2.000,4094.70,8189.40,21.00,1719.78,3811.22),(949,108,19,1.000,4094.70,4094.70,21.00,859.89,3811.22),(950,108,21,1.000,4512.40,4512.40,21.00,947.60,4200.00),(951,108,26,1.000,4512.40,4512.40,21.00,947.60,4200.00),(952,108,27,2.000,7314.16,14628.31,21.00,3071.95,6807.79),(953,108,30,1.000,4295.74,4295.74,21.00,902.10,3998.34),(954,108,31,1.000,4295.74,4295.74,21.00,902.10,3998.34),(955,108,42,2.000,5350.41,10700.83,21.00,2247.17,4980.00),(956,108,43,2.000,5350.41,10700.83,21.00,2247.17,4980.00),(957,108,44,2.000,5350.41,10700.83,21.00,2247.17,4980.00),(958,108,45,2.000,5350.41,10700.83,21.00,2247.17,4980.00),(959,108,52,2.000,2664.46,5328.93,21.00,1119.07,2480.00),(960,108,199,3.000,2664.46,7993.39,21.00,1678.61,2480.00),(961,108,53,1.000,4050.41,4050.41,21.00,850.59,3770.00),(962,108,54,1.000,4050.41,4050.41,21.00,850.59,3770.00),(963,108,94,15.000,650.87,9763.02,21.00,2050.23,605.81),(964,108,100,10.000,702.64,7026.45,21.00,1475.55,654.00),(965,108,193,2.000,6521.49,13042.98,21.00,2739.02,6070.00),(966,108,201,10.000,702.64,7026.45,21.00,1475.55,654.00),(967,108,113,12.000,687.31,8247.77,21.00,1732.03,639.73),(968,108,120,12.000,816.53,9798.35,21.00,2057.65,760.00),(969,108,127,12.000,570.50,6845.95,21.00,1437.65,531.00),(970,108,128,12.000,570.50,6845.95,21.00,1437.65,531.00),(971,108,155,12.000,948.92,11387.01,21.00,2391.27,883.22),(972,108,163,6.000,984.13,5904.79,21.00,1240.01,916.00),(973,108,169,3.000,1260.50,3781.49,21.00,794.11,820.00),(974,108,171,4.000,1260.50,5041.98,21.00,1058.82,820.00),(975,108,172,6.000,1260.50,7562.98,21.00,1588.22,820.00),(976,108,173,6.000,1260.50,7562.98,21.00,1588.22,820.00),(977,108,174,3.000,1260.50,3781.49,21.00,794.11,820.00),(978,108,175,2.000,1260.50,2520.99,21.00,529.41,820.00),(979,109,148,18.000,438.17,7886.98,21.00,1656.26,407.83),(980,109,127,12.000,570.50,6845.95,21.00,1437.65,531.00),(981,109,63,1.000,5445.88,5445.88,21.00,1143.64,5068.86),(982,110,27,1.000,7314.16,7314.16,21.00,1535.97,6807.79),(983,110,53,1.000,4050.41,4050.41,21.00,850.59,3770.00),(984,110,95,30.000,650.87,19526.03,21.00,4100.47,605.81),(985,110,131,1.000,6198.58,6198.58,21.00,1301.70,5769.45),(986,110,198,16.000,1289.26,20628.10,21.00,4331.90,1200.00),(987,110,170,5.000,1260.50,6302.48,21.00,1323.52,820.00),(988,110,171,5.000,1260.50,6302.48,21.00,1323.52,820.00),(989,110,172,5.000,1260.50,6302.48,21.00,1323.52,820.00),(990,110,175,10.000,1260.50,12604.96,21.00,2647.04,820.00),(991,111,1,1.000,2612.89,2612.89,21.00,548.71,2432.00),(992,111,2,1.000,2612.89,2612.89,21.00,548.71,2432.00),(993,111,27,1.000,7314.16,7314.16,21.00,1535.97,6807.79),(994,111,56,1.000,5457.85,5457.85,21.00,1146.15,5080.00),(995,111,59,1.000,3438.02,3438.02,21.00,721.98,3200.00),(996,111,63,1.000,5445.88,5445.88,21.00,1143.64,5068.86),(997,111,98,1.000,3042.64,3042.64,21.00,638.96,2832.00),(998,111,109,4.000,384.63,1538.51,21.00,323.09,358.00),(999,111,110,4.000,384.63,1538.51,21.00,323.09,358.00),(1000,111,111,4.000,238.51,954.05,21.00,200.35,222.00),(1001,111,112,4.000,238.51,954.05,21.00,200.35,222.00),(1002,111,114,4.000,687.31,2749.26,21.00,577.34,639.73),(1003,111,140,1.000,3867.77,3867.77,21.00,812.23,3600.00),(1004,111,141,1.000,3867.77,3867.77,21.00,812.23,3600.00),(1005,111,188,1.000,5157.02,5157.02,21.00,1082.98,4800.00),(1006,112,63,1.000,5445.88,5445.88,21.00,1143.64,5068.86),(1007,112,85,1.000,5157.02,5157.02,21.00,1082.98,4800.00),(1008,112,86,1.000,5157.02,5157.02,21.00,1082.98,4800.00),(1009,112,87,1.000,5157.02,5157.02,21.00,1082.98,4800.00),(1010,112,100,10.000,702.64,7026.45,21.00,1475.55,654.00),(1011,112,193,1.000,6521.49,6521.49,21.00,1369.51,6070.00),(1012,112,105,12.000,550.08,6600.99,21.00,1386.21,512.00),(1013,112,127,12.000,570.50,6845.95,21.00,1437.65,531.00),(1014,112,136,1.000,3867.77,3867.77,21.00,812.23,3600.00),(1015,112,148,18.000,438.17,7886.98,21.00,1656.26,407.83),(1016,112,164,28.000,984.13,27555.70,21.00,5786.70,916.00),(1017,112,198,16.000,1289.26,20628.10,21.00,4331.90,1200.00),(1018,112,170,4.000,1260.50,5041.98,21.00,1058.82,820.00),(1019,112,173,3.000,1260.50,3781.49,21.00,794.11,820.00),(1020,112,174,2.000,1260.50,2520.99,21.00,529.41,820.00),(1021,112,179,1.000,6446.28,6446.28,21.00,1353.72,6000.00),(1022,113,12,3.000,4104.13,12312.40,21.00,2585.60,3820.00),(1023,113,14,4.000,4094.70,16378.81,21.00,3439.55,3811.22),(1024,113,16,3.000,4094.70,12284.11,21.00,2579.66,3811.22),(1025,113,17,3.000,4094.70,12284.11,21.00,2579.66,3811.22),(1026,113,27,2.000,7314.16,14628.31,21.00,3071.95,6807.79),(1027,113,31,1.000,4295.74,4295.74,21.00,902.10,3998.34),(1028,113,32,1.000,2868.60,2868.60,21.00,602.40,2670.00),(1029,113,33,1.000,2868.60,2868.60,21.00,602.40,2670.00),(1030,113,34,1.000,2868.60,2868.60,21.00,602.40,2670.00),(1031,113,35,1.000,2868.60,2868.60,21.00,602.40,2670.00),(1032,113,52,1.000,2664.46,2664.46,21.00,559.54,2480.00),(1033,113,199,1.000,2664.46,2664.46,21.00,559.54,2480.00),(1034,113,200,1.000,2664.46,2664.46,21.00,559.54,2480.00),(1035,114,27,1.000,7314.16,7314.16,21.00,1535.97,6807.79),(1036,114,29,1.000,7314.16,7314.16,21.00,1535.97,6807.79),(1037,114,100,12.000,702.64,8431.74,21.00,1770.66,654.00),(1038,114,114,6.000,687.31,4123.88,21.00,866.02,639.73),(1039,114,120,6.000,816.53,4899.17,21.00,1028.83,760.00),(1040,114,131,1.000,6198.58,6198.58,21.00,1301.70,5769.45),(1041,114,155,10.000,948.92,9489.17,21.00,1992.73,883.22),(1042,114,160,8.000,1126.71,9013.69,21.00,1892.87,1048.71),(1043,114,162,6.000,984.13,5904.79,21.00,1240.01,916.00),(1044,114,166,2.000,2213.22,4426.45,21.00,929.55,2060.00),(1045,114,167,2.000,1933.88,3867.77,21.00,812.23,1800.00),(1046,115,1,1.000,2612.89,2612.89,21.00,548.71,2432.00),(1047,115,2,1.000,2612.89,2612.89,21.00,548.71,2432.00),(1048,115,3,1.000,2449.59,2449.59,21.00,514.41,2280.00),(1049,115,4,1.000,2449.59,2449.59,21.00,514.41,2280.00),(1050,115,6,2.000,10152.74,20305.47,21.00,4264.15,9449.85),(1051,115,8,2.000,10152.74,20305.47,21.00,4264.15,9449.85),(1052,115,9,2.000,10163.64,20327.27,21.00,4268.73,9460.00),(1053,115,190,2.000,9604.96,19209.92,21.00,4034.08,8940.00),(1054,115,10,2.000,4500.43,9000.86,21.00,1890.18,4188.86),(1055,115,12,2.000,4104.13,8208.26,21.00,1723.74,3820.00),(1056,115,13,2.000,4094.70,8189.40,21.00,1719.78,3811.22),(1057,115,14,2.000,4094.70,8189.40,21.00,1719.78,3811.22),(1058,115,15,2.000,4094.70,8189.40,21.00,1719.78,3811.22),(1059,115,16,2.000,4094.70,8189.40,21.00,1719.78,3811.22),(1060,115,17,2.000,4094.70,8189.40,21.00,1719.78,3811.22),(1061,115,18,2.000,4094.70,8189.40,21.00,1719.78,3811.22),(1062,115,27,6.000,7314.16,43884.94,21.00,9215.84,6807.79),(1063,115,28,2.000,7314.16,14628.31,21.00,3071.95,6807.79),(1064,115,29,2.000,7314.16,14628.31,21.00,3071.95,6807.79),(1065,115,30,4.000,4295.74,17182.94,21.00,3608.42,3998.34),(1066,115,31,4.000,4295.74,17182.94,21.00,3608.42,3998.34),(1067,115,39,2.000,5350.41,10700.83,21.00,2247.17,4980.00),(1068,115,40,2.000,5350.41,10700.83,21.00,2247.17,4980.00),(1069,115,42,6.000,5350.41,32102.48,21.00,6741.52,4980.00),(1070,115,43,6.000,5350.06,32100.35,21.00,6741.07,4717.66),(1071,115,44,4.000,5350.41,21401.65,21.00,4494.35,4980.00),(1072,115,45,4.000,5350.41,21401.65,21.00,4494.35,4980.00),(1073,115,191,2.000,5350.41,10700.83,21.00,2247.17,4980.00),(1074,115,52,3.000,2664.46,7993.39,21.00,1678.61,2480.00),(1075,115,200,3.000,2664.46,7993.39,21.00,1678.61,2480.00),(1076,115,60,1.000,8186.78,8186.78,21.00,1719.22,7620.00),(1077,115,65,3.000,7773.26,23319.77,21.00,4897.15,7235.11),(1078,115,72,1.000,3739.33,3739.33,21.00,785.26,3480.45),(1079,115,73,1.000,3739.33,3739.33,21.00,785.26,3480.45),(1080,115,76,1.000,3803.31,3803.31,21.00,798.69,3540.00),(1081,115,85,1.000,5157.02,5157.02,21.00,1082.98,4800.00),(1082,115,93,9.000,1538.51,13846.61,21.00,2907.79,1432.00),(1083,115,94,30.000,650.87,19526.03,21.00,4100.47,605.81),(1084,115,95,30.000,650.87,19526.03,21.00,4100.47,605.81),(1085,115,96,1.000,13511.47,13511.47,21.00,2837.41,12479.11),(1086,115,97,20.000,1224.79,24495.87,21.00,5144.13,1140.00),(1087,115,99,4.000,7108.82,28435.27,21.00,5971.41,6616.67),(1088,115,104,3.000,11495.87,34487.60,21.00,7242.40,10700.00),(1089,115,113,36.000,687.31,24743.31,21.00,5196.09,639.73),(1090,115,114,36.000,687.31,24743.31,21.00,5196.09,639.73),(1091,115,121,63.000,1098.02,69175.04,21.00,14526.76,1022.00),(1092,115,122,21.000,1098.02,23058.35,21.00,4842.25,1022.00),(1093,115,123,21.000,1098.02,23058.35,21.00,4842.25,1022.00),(1094,115,125,36.000,1185.04,42661.49,21.00,8958.91,1103.00),(1095,115,194,42.000,1098.02,46116.69,21.00,9684.51,1022.00),(1096,115,195,42.000,1098.02,46116.69,21.00,9684.51,1022.00),(1097,115,131,7.000,6198.58,43390.05,21.00,9111.91,5769.45),(1098,115,162,24.000,984.13,23619.17,21.00,4960.03,916.00),(1099,115,165,12.000,2127.27,25527.27,21.00,5360.73,1980.00),(1100,115,166,42.000,2213.22,92955.37,21.00,19520.63,2060.00),(1101,115,167,42.000,1933.88,81223.14,21.00,17056.86,1800.00),(1102,116,210,63.000,1136.61,71606.53,21.00,15037.37,1057.92),(1103,116,211,4.000,4933.20,19732.79,21.00,4143.89,4591.67),(1104,117,131,1.000,6198.58,6198.58,21.00,1301.70,5769.45),(1105,117,111,20.000,238.51,4770.25,21.00,1001.75,222.00),(1106,117,112,20.000,238.51,4770.25,21.00,1001.75,222.00),(1107,117,189,1.000,10421.49,10421.49,21.00,2188.51,9700.00),(1108,118,6,2.000,10152.74,20305.47,21.00,4264.15,9449.85),(1109,118,7,2.000,10152.74,20305.47,21.00,4264.15,9449.85),(1110,118,8,2.000,10152.74,20305.47,21.00,4264.15,9449.85),(1111,118,48,3.000,4512.40,13537.19,21.00,2842.81,4200.00),(1112,118,61,2.000,8917.36,17834.71,21.00,3745.29,8300.00),(1113,118,64,3.000,5833.88,17501.65,21.00,3675.35,5430.00),(1114,118,65,3.000,7773.26,23319.77,21.00,4897.15,7235.11),(1115,118,66,2.000,5454.63,10909.26,21.00,2290.94,5077.00),(1116,118,94,30.000,650.87,19526.03,21.00,4100.47,605.81),(1117,118,95,30.000,650.87,19526.03,21.00,4100.47,605.81),(1118,118,100,40.000,702.64,28105.79,21.00,5902.21,654.00),(1119,118,104,1.000,11495.87,11495.87,21.00,2414.13,10700.00),(1120,118,201,40.000,702.64,28105.79,21.00,5902.21,654.00),(1121,118,105,24.000,550.08,13201.98,21.00,2772.42,512.00),(1122,118,109,48.000,384.63,18462.15,21.00,3877.05,358.00),(1123,118,110,48.000,384.63,18462.15,21.00,3877.05,358.00),(1124,118,113,48.000,687.31,32991.07,21.00,6928.13,639.73),(1125,118,114,48.000,687.31,32991.07,21.00,6928.13,639.73),(1126,118,121,21.000,1098.02,23058.35,21.00,4842.25,1022.00),(1127,118,127,48.000,570.50,27383.80,21.00,5750.60,531.00),(1128,118,128,48.000,570.50,27383.80,21.00,5750.60,531.00),(1129,118,194,21.000,1098.02,23058.35,21.00,4842.25,1022.00),(1130,118,195,21.000,1098.02,23058.35,21.00,4842.25,1022.00),(1131,118,129,50.000,164.79,8239.26,21.00,1730.24,153.38),(1132,118,163,20.000,984.13,19682.64,21.00,4133.36,916.00),(1133,118,210,42.000,1136.61,47737.69,21.00,10024.91,1057.92),(1134,119,170,10.000,1260.50,12604.96,21.00,2647.04,820.00),(1135,119,171,10.000,1260.50,12604.96,21.00,2647.04,820.00),(1136,119,176,8.000,1260.50,10083.97,21.00,2117.63,820.00),(1137,120,109,12.000,384.63,4615.54,21.00,969.26,358.00),(1138,120,110,12.000,384.63,4615.54,21.00,969.26,358.00),(1139,121,169,3.000,1260.50,3781.49,21.00,794.11,820.00),(1140,121,170,3.000,1260.50,3781.49,21.00,794.11,820.00),(1141,121,171,3.000,1260.50,3781.49,21.00,794.11,820.00),(1142,121,172,3.000,1260.50,3781.49,21.00,794.11,820.00),(1143,121,173,3.000,1260.50,3781.49,21.00,794.11,820.00),(1144,121,176,4.000,1260.50,5041.98,21.00,1058.82,820.00),(1145,122,177,6.000,1260.50,7562.98,21.00,1588.22,820.00),(1146,123,27,3.000,7314.16,21942.47,21.00,4607.92,6807.79),(1147,123,94,15.000,650.87,9763.02,21.00,2050.23,605.81),(1148,123,95,15.000,650.87,9763.02,21.00,2050.23,605.81),(1149,123,166,2.000,2213.22,4426.45,21.00,929.55,2060.00),(1150,123,167,10.000,1933.88,19338.84,21.00,4061.16,1800.00),(1151,124,27,1.000,7314.16,7314.16,21.00,1535.97,6807.79),(1152,124,38,1.000,5040.17,5040.17,21.00,1058.44,4683.67),(1153,124,41,1.000,5350.41,5350.41,21.00,1123.59,4980.00),(1154,124,53,1.000,4050.41,4050.41,21.00,850.59,3770.00),(1155,124,54,1.000,4050.18,4050.18,21.00,850.54,3736.73),(1156,124,65,1.000,7773.26,7773.26,21.00,1632.38,7235.11),(1157,124,84,1.000,5157.02,5157.02,21.00,1082.98,4800.00),(1158,124,97,6.000,1224.79,7348.76,21.00,1543.24,1140.00),(1159,124,113,6.000,687.31,4123.88,21.00,866.02,639.73),(1160,124,115,6.000,1010.99,6065.95,21.00,1273.85,941.00),(1161,124,121,6.000,1098.02,6588.10,21.00,1383.50,1022.00),(1162,124,123,6.000,1098.02,6588.10,21.00,1383.50,1022.00),(1163,124,167,2.000,1933.88,3867.77,21.00,812.23,1800.00),(1164,124,169,1.000,1260.50,1260.50,21.00,264.70,820.00),(1165,124,170,1.000,1260.50,1260.50,21.00,264.70,820.00),(1166,124,171,1.000,1260.50,1260.50,21.00,264.70,820.00),(1167,125,190,1.000,9604.96,9604.96,21.00,2017.04,8940.00),(1168,125,62,1.000,4793.88,4793.88,21.00,1006.72,4462.00),(1169,125,72,1.000,3739.33,3739.33,21.00,785.26,3480.45),(1170,125,76,1.000,3803.31,3803.31,21.00,798.69,3540.00),(1171,125,81,1.000,3395.04,3395.04,21.00,712.96,3160.00),(1172,125,99,1.000,7108.82,7108.82,21.00,1492.85,6616.67),(1173,125,148,36.000,438.17,15773.95,21.00,3312.53,407.83),(1174,126,210,21.000,1136.61,23868.84,21.00,5012.46,1057.92),(1175,126,211,2.000,4933.20,9866.40,21.00,2071.94,4591.67);
/*!40000 ALTER TABLE `detalle_factura` ENABLE KEYS */;
UNLOCK TABLES;

--
-- Table structure for table `detalle_nota_credito`
--

DROP TABLE IF EXISTS `detalle_nota_credito`;
/*!40101 SET @saved_cs_client     = @@character_set_client */;
/*!50503 SET character_set_client = utf8mb4 */;
CREATE TABLE `detalle_nota_credito` (
  `id` int(11) NOT NULL AUTO_INCREMENT,
  `nota_credito_id` int(11) DEFAULT NULL,
  `producto_id` int(11) DEFAULT NULL,
  `cantidad` decimal(10,3) NOT NULL,
  `precio_unitario` decimal(10,2) NOT NULL,
  `subtotal` decimal(10,2) NOT NULL,
  `porcentaje_iva` decimal(5,2) NOT NULL,
  `importe_iva` decimal(10,2) NOT NULL,
  PRIMARY KEY (`id`),
  KEY `nota_credito_id` (`nota_credito_id`),
  KEY `producto_id` (`producto_id`),
  CONSTRAINT `detalle_nota_credito_ibfk_1` FOREIGN KEY (`nota_credito_id`) REFERENCES `notas_credito` (`id`),
  CONSTRAINT `detalle_nota_credito_ibfk_2` FOREIGN KEY (`producto_id`) REFERENCES `producto` (`id`)
) ENGINE=InnoDB AUTO_INCREMENT=7 DEFAULT CHARSET=utf8mb4 COLLATE=utf8mb4_unicode_ci;
/*!40101 SET character_set_client = @saved_cs_client */;

--
-- Dumping data for table `detalle_nota_credito`
--

LOCK TABLES `detalle_nota_credito` WRITE;
/*!40000 ALTER TABLE `detalle_nota_credito` DISABLE KEYS */;
INSERT INTO `detalle_nota_credito` VALUES (1,1,94,15.000,653.93,9808.95,21.00,2059.88),(2,1,95,15.000,653.93,9808.95,21.00,2059.88),(3,1,100,20.000,702.64,14052.80,21.00,2951.09),(4,1,166,6.000,2213.22,13279.32,21.00,2788.66),(5,1,167,6.000,1933.88,11603.28,21.00,2436.69),(6,2,188,1.000,5289.26,5289.26,21.00,1110.74);
/*!40000 ALTER TABLE `detalle_nota_credito` ENABLE KEYS */;
UNLOCK TABLES;

--
-- Table structure for table `factura`
--

DROP TABLE IF EXISTS `factura`;
/*!40101 SET @saved_cs_client     = @@character_set_client */;
/*!50503 SET character_set_client = utf8mb4 */;
CREATE TABLE `factura` (
  `id` int(11) NOT NULL AUTO_INCREMENT,
  `numero` varchar(50) NOT NULL,
  `tipo_comprobante` varchar(10) DEFAULT '01',
  `punto_venta` int(11) NOT NULL,
  `fecha` datetime DEFAULT current_timestamp(),
  `cliente_id` int(11) NOT NULL,
  `usuario_id` int(11) NOT NULL,
  `subtotal` decimal(10,2) NOT NULL,
  `iva` decimal(10,2) NOT NULL,
  `total` decimal(10,2) NOT NULL,
  `estado` varchar(20) DEFAULT 'pendiente',
  `cae` varchar(50) DEFAULT NULL,
  `vto_cae` date DEFAULT NULL,
  `observaciones` text DEFAULT NULL,
  `fecha_anulacion` datetime DEFAULT NULL,
  `motivo_anulacion` text DEFAULT NULL,
  `interno_origen_id` int(11) DEFAULT NULL COMMENT 'Si esta factura proviene de un Comprobante Interno',
  PRIMARY KEY (`id`),
  UNIQUE KEY `numero` (`numero`),
  UNIQUE KEY `uk_interno_origen` (`interno_origen_id`),
  KEY `idx_numero` (`numero`),
  KEY `idx_fecha` (`fecha`),
  KEY `idx_cliente` (`cliente_id`),
  KEY `idx_estado` (`estado`),
  KEY `usuario_id` (`usuario_id`),
  KEY `idx_interno_origen` (`interno_origen_id`),
  CONSTRAINT `factura_ibfk_1` FOREIGN KEY (`cliente_id`) REFERENCES `cliente` (`id`),
  CONSTRAINT `factura_ibfk_2` FOREIGN KEY (`usuario_id`) REFERENCES `usuario` (`id`)
) ENGINE=InnoDB AUTO_INCREMENT=127 DEFAULT CHARSET=utf8mb4 COLLATE=utf8mb4_unicode_ci;
/*!40101 SET character_set_client = @saved_cs_client */;

--
-- Dumping data for table `factura`
--

LOCK TABLES `factura` WRITE;
/*!40000 ALTER TABLE `factura` DISABLE KEYS */;
INSERT INTO `factura` VALUES (1,'0006-00000001','11',6,'2026-05-28 17:30:50',1,3,82.64,17.36,100.00,'autorizada','86227353286920','2026-06-07',NULL,NULL,NULL,NULL),(2,'0006-00000002','11',6,'2026-05-28 18:14:00',1,3,82.64,17.36,100.00,'autorizada','86227353224873','2026-06-07',NULL,NULL,NULL,NULL),(3,'0006-X0000001','99',6,'2026-05-28 18:33:05',1,3,82.64,17.36,100.00,'anulada',NULL,NULL,NULL,NULL,NULL,NULL),(4,'0006-00000003','11',6,'2026-05-28 18:34:53',1,3,82.64,17.36,100.00,'autorizada','86227353035941','2026-06-07',NULL,NULL,NULL,NULL),(5,'0006-X0000002','99',6,'2026-05-28 20:32:26',1,3,4033.21,846.97,4880.18,'interno',NULL,NULL,NULL,NULL,NULL,NULL),(6,'0006-00000004','11',6,'2026-05-29 17:56:24',46,3,246552.07,51775.93,277445.04,'autorizada','86227506810510','2026-06-08',NULL,NULL,NULL,NULL),(7,'0006-X0000003','99',6,'2026-05-30 14:28:55',47,3,110184.60,23138.77,133323.37,'interno',NULL,NULL,NULL,NULL,NULL,NULL),(8,'0006-X0000004','99',6,'2026-06-01 11:55:23',48,3,64917.25,13632.62,78549.87,'interno',NULL,NULL,NULL,NULL,NULL,NULL),(9,'0006-X0000005','99',6,'2026-06-01 12:00:09',49,3,37307.44,7834.56,45142.00,'anulada',NULL,NULL,NULL,NULL,NULL,NULL),(10,'0006-X0000006','99',6,'2026-06-01 14:10:04',63,3,31375.27,6588.81,37964.08,'interno',NULL,NULL,NULL,NULL,NULL,NULL),(11,'0006-X0000007','99',6,'2026-06-01 20:04:43',62,3,46957.02,9860.98,56818.00,'interno',NULL,NULL,NULL,NULL,NULL,NULL),(12,'0006-00000005','11',6,'2026-06-02 14:54:58',46,3,120447.52,25293.98,145741.50,'autorizada','86228061909817','2026-06-12',NULL,NULL,NULL,NULL),(13,'0006-X0000008','99',6,'2026-06-03 20:27:55',64,3,76140.02,15989.41,92129.43,'interno',NULL,NULL,NULL,NULL,NULL,NULL),(14,'0006-X0000009','99',6,'2026-06-04 08:30:07',60,3,56635.34,11893.42,68528.76,'interno',NULL,NULL,NULL,NULL,NULL,NULL),(15,'0006-X0000010','99',6,'2026-06-04 08:34:44',71,3,30174.96,6336.74,36511.70,'anulada',NULL,NULL,NULL,NULL,NULL,NULL),(16,'0006-X0000011','99',6,'2026-06-04 08:52:12',73,3,19208.64,4033.82,23242.46,'interno',NULL,NULL,NULL,NULL,NULL,NULL),(17,'0006-X0000012','99',6,'2026-06-04 08:57:08',72,3,30174.96,6336.74,36511.70,'interno',NULL,NULL,NULL,NULL,NULL,NULL),(18,'0006-X0000013','99',6,'2026-06-04 09:07:01',55,3,73880.26,15514.86,89395.12,'interno',NULL,NULL,NULL,NULL,NULL,NULL),(19,'0006-X0000014','99',6,'2026-06-04 09:11:20',65,3,81297.46,17072.47,98369.93,'interno',NULL,NULL,NULL,NULL,NULL,NULL),(20,'0006-X0000015','99',6,'2026-06-04 09:43:48',51,3,98282.88,20639.41,118922.29,'interno',NULL,NULL,NULL,NULL,NULL,NULL),(21,'0006-X0000016','99',6,'2026-06-04 10:05:26',74,3,100604.08,21126.86,121730.94,'interno',NULL,NULL,NULL,NULL,NULL,NULL),(22,'0006-X0000017','99',6,'2026-06-04 10:34:35',66,3,206150.12,43291.53,249441.65,'interno',NULL,NULL,NULL,NULL,NULL,NULL),(23,'0006-X0000018','99',6,'2026-06-04 11:03:57',4,3,65633.85,13783.11,79416.96,'interno',NULL,NULL,NULL,NULL,NULL,NULL),(24,'0006-X0000019','99',6,'2026-06-04 12:34:39',19,3,16828.10,3533.90,20362.00,'interno',NULL,NULL,NULL,NULL,NULL,NULL),(25,'0006-X0000020','99',6,'2026-06-04 12:36:59',30,3,72067.26,15134.12,87201.38,'interno',NULL,NULL,NULL,NULL,NULL,NULL),(26,'0006-X0000021','99',6,'2026-06-04 12:38:56',39,3,26525.45,5570.35,32095.80,'interno',NULL,NULL,NULL,NULL,NULL,NULL),(27,'0006-X0000022','99',6,'2026-06-04 12:41:34',38,3,32703.69,6867.77,39571.46,'interno',NULL,NULL,NULL,NULL,NULL,NULL),(28,'0006-X0000023','99',6,'2026-06-04 12:46:13',75,3,38842.79,8156.99,46999.78,'interno',NULL,NULL,NULL,NULL,NULL,NULL),(29,'0006-X0000024','99',6,'2026-06-04 12:50:55',20,3,9408.26,1975.74,11384.00,'interno',NULL,NULL,NULL,NULL,NULL,NULL),(30,'0006-X0000025','99',6,'2026-06-04 12:54:48',76,3,8247.77,1732.03,9979.80,'interno',NULL,NULL,NULL,NULL,NULL,NULL),(31,'0006-X0000026','99',6,'2026-06-04 13:01:13',77,3,46315.55,9726.27,56041.82,'interno',NULL,NULL,NULL,NULL,NULL,NULL),(32,'0006-X0000027','99',6,'2026-06-04 13:06:31',78,3,17248.60,3622.20,20870.80,'interno',NULL,NULL,NULL,NULL,NULL,NULL),(33,'0006-X0000028','99',6,'2026-06-04 13:09:30',79,3,28968.60,6083.40,35052.00,'interno',NULL,NULL,NULL,NULL,NULL,NULL),(34,'0006-X0000029','99',6,'2026-06-04 19:17:18',52,3,91555.62,19226.68,110782.30,'interno',NULL,NULL,NULL,NULL,NULL,NULL),(35,'0006-X0000030','99',6,'2026-06-04 19:26:48',80,3,33580.99,7052.01,40633.00,'interno',NULL,NULL,NULL,NULL,NULL,NULL),(36,'0006-X0000031','99',6,'2026-06-04 19:55:59',80,3,231758.53,48669.29,280427.82,'anulada',NULL,NULL,NULL,NULL,NULL,NULL),(37,'0006-X0000032','99',6,'2026-06-05 09:31:33',80,3,217785.05,45734.86,263519.91,'interno',NULL,NULL,NULL,NULL,NULL,NULL),(38,'0006-X0000033','99',6,'2026-06-05 10:22:46',81,3,50247.93,10552.07,60800.00,'interno',NULL,NULL,NULL,NULL,NULL,NULL),(39,'0006-X0000034','99',6,'2026-06-05 19:30:13',61,3,42837.12,8995.79,51832.91,'interno',NULL,NULL,NULL,NULL,NULL,NULL),(40,'0006-X0000035','99',6,'2026-06-05 19:37:41',50,3,43969.85,9233.67,53203.52,'anulada',NULL,NULL,NULL,NULL,NULL,NULL),(41,'0006-X0000036','99',6,'2026-06-05 19:40:31',50,3,36337.98,7630.98,43968.96,'interno',NULL,NULL,NULL,NULL,NULL,NULL),(42,'0006-X0000037','99',6,'2026-06-05 19:52:12',82,3,25831.40,5424.60,31256.00,'interno',NULL,NULL,NULL,NULL,NULL,NULL),(43,'0006-X0000038','99',6,'2026-06-06 13:44:30',59,3,126206.64,26503.40,152710.04,'interno',NULL,NULL,NULL,NULL,NULL,NULL),(44,'0006-X0000039','99',6,'2026-06-08 07:34:46',63,3,11730.81,2463.47,14194.28,'interno',NULL,NULL,NULL,NULL,NULL,NULL),(45,'0006-X0000040','99',6,'2026-06-08 16:41:58',57,3,197682.43,41513.31,239195.74,'interno',NULL,NULL,NULL,NULL,NULL,NULL),(46,'0006-X0000041','99',6,'2026-06-08 20:35:20',57,3,32394.02,6802.74,39196.76,'interno',NULL,NULL,NULL,NULL,NULL,NULL),(47,'0006-00000006','6',6,'2026-06-09 09:54:59',52,3,208826.17,43853.49,252679.66,'error_afip',NULL,NULL,NULL,NULL,NULL,NULL),(48,'0006-X0000042','99',6,'2026-06-09 10:11:36',92,3,59186.00,12429.06,71615.06,'interno',NULL,NULL,NULL,NULL,NULL,NULL),(49,'0006-X0000043','99',6,'2026-06-09 11:17:04',80,3,112471.83,23619.08,136090.91,'interno',NULL,NULL,NULL,NULL,NULL,NULL),(50,'0006-X0000044','99',6,'2026-06-09 18:59:23',1,3,3781.49,794.11,4575.60,'interno',NULL,NULL,NULL,NULL,NULL,NULL),(51,'0006-X0000045','99',6,'2026-06-09 19:05:00',1,3,1768.60,371.40,2140.00,'interno',NULL,NULL,NULL,NULL,NULL,NULL),(52,'0006-X0000046','99',6,'2026-06-11 09:21:40',63,3,15359.34,3225.46,18584.80,'interno',NULL,NULL,NULL,NULL,NULL,NULL),(53,'0006-00000007','11',6,'2026-06-11 11:38:08',46,3,349211.16,73334.34,422545.50,'autorizada','86249320571210','2026-06-21',NULL,NULL,NULL,NULL),(54,'0006-00000008','11',6,'2026-06-11 11:42:24',46,3,8595.04,1804.96,10400.00,'autorizada','86249321432043','2026-06-21',NULL,NULL,NULL,NULL),(55,'0006-X0000047','99',6,'2026-06-11 12:04:54',55,3,66931.29,14055.57,80986.86,'interno',NULL,NULL,NULL,NULL,NULL,NULL),(56,'0006-X0000048','99',6,'2026-06-11 12:09:38',49,3,38434.88,8071.32,46506.20,'anulada',NULL,NULL,NULL,NULL,NULL,NULL),(57,'0006-X0000049','99',6,'2026-06-11 12:10:53',49,3,22132.23,4647.77,26780.00,'interno',NULL,NULL,NULL,NULL,NULL,NULL),(58,'0006-X0000050','99',6,'2026-06-11 12:16:26',64,3,37336.86,7840.74,45177.60,'interno',NULL,NULL,NULL,NULL,NULL,NULL),(59,'0006-X0000051','99',6,'2026-06-11 12:21:11',49,3,32349.59,6793.41,39143.00,'interno',NULL,NULL,NULL,NULL,NULL,NULL),(60,'0006-X0000052','99',6,'2026-06-11 12:28:21',62,3,39754.79,8348.51,48103.30,'interno',NULL,NULL,NULL,NULL,NULL,NULL),(61,'0006-X0000053','99',6,'2026-06-11 17:40:28',95,3,37814.88,7941.12,45756.00,'interno',NULL,NULL,NULL,NULL,NULL,NULL),(62,'0006-X0000054','99',6,'2026-06-11 19:33:06',1,3,24031.40,5046.60,29078.00,'interno',NULL,NULL,NULL,NULL,NULL,NULL),(63,'0006-X0000055','99',6,'2026-06-11 20:33:14',50,3,35084.96,7367.84,42452.80,'interno',NULL,NULL,NULL,NULL,NULL,NULL),(64,'0006-X0000056','99',6,'2026-06-11 20:40:32',66,3,138527.60,29090.80,167618.40,'interno',NULL,NULL,NULL,NULL,NULL,NULL),(65,'0006-X0000057','99',6,'2026-06-12 09:24:11',1,3,10083.97,2117.63,12201.60,'interno',NULL,NULL,NULL,NULL,NULL,NULL),(66,'0006-X0000058','99',6,'2026-06-12 09:42:36',32,3,17155.70,3602.70,20758.40,'interno',NULL,NULL,NULL,NULL,NULL,NULL),(67,'0006-X0000059','99',6,'2026-06-12 12:10:15',65,3,21401.65,4494.35,25896.00,'interno',NULL,NULL,NULL,NULL,NULL,NULL),(68,'0006-X0000060','99',6,'2026-06-12 12:52:40',78,3,14628.31,3071.95,17700.26,'interno',NULL,NULL,NULL,NULL,NULL,NULL),(69,'0006-X0000061','99',6,'2026-06-12 12:55:00',75,3,38269.42,8036.58,46306.00,'interno',NULL,NULL,NULL,NULL,NULL,NULL),(70,'0006-X0000062','99',6,'2026-06-12 12:57:54',36,3,26571.57,5580.03,32151.60,'interno',NULL,NULL,NULL,NULL,NULL,NULL),(71,'0006-X0000063','99',6,'2026-06-12 13:04:22',19,3,25475.26,5349.80,30825.06,'interno',NULL,NULL,NULL,NULL,NULL,NULL),(72,'0006-X0000064','99',6,'2026-06-13 18:07:50',89,3,219471.40,46089.00,265560.40,'interno',NULL,NULL,NULL,NULL,NULL,NULL),(73,'0006-X0000065','99',6,'2026-06-13 18:13:54',36,3,31584.63,6632.77,38217.40,'interno',NULL,NULL,NULL,NULL,NULL,NULL),(74,'0006-X0000066','99',6,'2026-06-13 18:38:16',96,3,20167.93,4235.27,24403.20,'interno',NULL,NULL,NULL,NULL,NULL,NULL),(75,'0006-X0000067','99',6,'2026-06-14 10:09:51',97,3,5371.90,1128.10,6500.00,'interno',NULL,NULL,NULL,NULL,NULL,NULL),(76,'0006-X0000068','99',6,'2026-06-14 10:13:23',30,3,14628.76,3072.04,17700.80,'interno',NULL,NULL,NULL,NULL,NULL,NULL),(77,'0006-X0000069','99',6,'2026-06-14 11:09:34',89,3,48344.96,10152.44,58497.40,'interno',NULL,NULL,NULL,NULL,NULL,NULL),(78,'0006-X0000070','99',6,'2026-06-14 11:15:24',89,3,15125.95,3176.45,18302.40,'interno',NULL,NULL,NULL,NULL,NULL,NULL),(79,'0006-X0000071','99',6,'2026-06-15 10:13:37',49,3,18346.12,3852.68,22198.80,'interno',NULL,NULL,NULL,NULL,NULL,NULL),(80,'0006-X0000072','99',6,'2026-06-15 11:29:44',52,3,131512.56,27617.64,159130.20,'interno',NULL,NULL,NULL,NULL,NULL,NULL),(81,'0006-X0000073','99',6,'2026-06-16 08:33:42',92,3,51037.36,10717.84,61755.20,'interno',NULL,NULL,NULL,NULL,NULL,NULL),(82,'0006-X0000074','99',6,'2026-06-16 16:30:49',50,3,15125.95,3176.45,18302.40,'interno',NULL,NULL,NULL,NULL,NULL,NULL),(83,'0006-X0000075','99',6,'2026-06-16 17:57:26',67,3,80064.79,16813.61,96878.40,'interno',NULL,NULL,NULL,NULL,NULL,NULL),(84,'0006-X0000076','99',6,'2026-06-17 08:53:06',98,3,5365.45,1126.75,6492.20,'interno',NULL,NULL,NULL,NULL,NULL,NULL),(85,'0006-X0000077','99',6,'2026-06-17 08:57:33',55,3,58353.72,12254.28,70608.00,'interno',NULL,NULL,NULL,NULL,NULL,NULL),(86,'0006-X0000078','99',6,'2026-06-17 09:48:56',19,3,63586.12,13353.08,76939.20,'interno',NULL,NULL,NULL,NULL,NULL,NULL),(87,'0006-X0000079','99',6,'2026-06-17 09:50:22',78,3,25965.62,5452.78,31418.40,'interno',NULL,NULL,NULL,NULL,NULL,NULL),(88,'0006-X0000080','99',6,'2026-06-17 09:51:39',17,3,29294.05,6151.75,35445.80,'interno',NULL,NULL,NULL,NULL,NULL,NULL),(89,'0006-X0000081','99',6,'2026-06-17 09:53:28',9,3,65981.98,13856.22,79838.20,'interno',NULL,NULL,NULL,NULL,NULL,NULL),(90,'0006-X0000082','99',6,'2026-06-17 09:55:15',29,3,48436.94,10171.76,58608.70,'interno',NULL,NULL,NULL,NULL,NULL,NULL),(91,'0006-X0000083','99',6,'2026-06-17 09:56:22',16,3,12204.96,2563.04,14768.00,'interno',NULL,NULL,NULL,NULL,NULL,NULL),(92,'0006-X0000084','99',6,'2026-06-17 09:57:49',30,3,58553.31,12296.19,70849.50,'interno',NULL,NULL,NULL,NULL,NULL,NULL),(93,'0006-X0000085','99',6,'2026-06-17 10:01:26',38,3,51673.22,10851.38,62524.60,'interno',NULL,NULL,NULL,NULL,NULL,NULL),(94,'0006-X0000086','99',6,'2026-06-17 10:03:29',4,3,46683.80,9803.60,56487.40,'interno',NULL,NULL,NULL,NULL,NULL,NULL),(95,'0006-X0000087','99',6,'2026-06-17 12:27:20',99,3,10557.36,2217.04,12774.40,'interno',NULL,NULL,NULL,NULL,NULL,NULL),(96,'0006-X0000088','99',6,'2026-06-17 12:30:26',74,3,44579.67,9361.73,53941.40,'interno',NULL,NULL,NULL,NULL,NULL,NULL),(97,'0006-X0000089','99',6,'2026-06-17 12:43:40',51,3,63874.05,13413.55,77287.60,'interno',NULL,NULL,NULL,NULL,NULL,NULL),(98,'0006-X0000090','99',6,'2026-06-17 15:21:23',53,3,48501.49,10185.31,58686.80,'interno',NULL,NULL,NULL,NULL,NULL,NULL),(99,'0006-X0000091','99',6,'2026-06-17 16:25:15',52,3,20327.27,4268.73,24596.00,'interno',NULL,NULL,NULL,NULL,NULL,NULL),(100,'0006-X0000092','99',6,'2026-06-18 10:01:59',66,3,145324.55,30518.15,175842.70,'interno',NULL,NULL,NULL,NULL,NULL,NULL),(101,'0006-X0000093','99',6,'2026-06-18 10:06:34',79,3,18528.10,3890.90,22419.00,'interno',NULL,NULL,NULL,NULL,NULL,NULL),(102,'0006-X0000094','99',6,'2026-06-18 10:09:07',77,3,32845.29,6897.51,39742.80,'interno',NULL,NULL,NULL,NULL,NULL,NULL),(103,'0006-X0000095','99',6,'2026-06-18 11:09:20',63,3,15493.64,3253.66,18747.30,'interno',NULL,NULL,NULL,NULL,NULL,NULL),(104,'0006-X0000096','99',6,'2026-06-19 10:24:01',100,3,114490.66,24043.04,138533.70,'interno',NULL,NULL,NULL,NULL,NULL,NULL),(105,'0006-X0000097','99',6,'2026-06-19 17:47:47',38,3,6252.89,1313.11,7566.00,'interno',NULL,NULL,NULL,NULL,NULL,NULL),(106,'0006-X0000098','99',6,'2026-06-20 11:48:18',48,3,72748.98,15277.28,88026.26,'interno',NULL,NULL,NULL,NULL,NULL,NULL),(107,'0006-X0000099','99',6,'2026-06-20 17:52:54',49,3,15471.07,3248.93,18720.00,'interno',NULL,NULL,NULL,NULL,NULL,NULL),(108,'0006-X0000100','99',6,'2026-06-20 18:22:00',57,3,241699.13,50756.82,271984.04,'interno',NULL,NULL,NULL,NULL,NULL,NULL),(109,'0006-X0000101','99',6,'2026-06-22 07:47:40',63,3,20178.81,4237.55,24416.36,'interno',NULL,NULL,NULL,NULL,NULL,NULL),(110,'0006-X0000102','99',6,'2026-06-22 18:38:54',91,3,89229.68,18738.23,107967.91,'interno',NULL,NULL,NULL,NULL,NULL,NULL),(111,'0006-X0000103','99',6,'2026-06-22 18:42:20',70,3,50551.28,10615.77,61167.05,'interno',NULL,NULL,NULL,NULL,NULL,NULL),(112,'0006-X0000104','99',6,'2026-06-23 09:39:44',52,3,125641.12,26384.64,121620.61,'interno',NULL,NULL,NULL,NULL,NULL,NULL),(113,'0006-X0000105','99',6,'2026-06-23 12:57:06',51,3,91651.24,19246.76,99808.20,'interno',NULL,NULL,NULL,NULL,NULL,NULL),(114,'0006-X0000106','99',6,'2026-06-23 17:57:23',55,3,70983.55,14906.55,85890.10,'interno',NULL,NULL,NULL,NULL,NULL,NULL),(115,'0006-X0000107','99',6,'2026-06-23 18:13:05',54,3,1187384.15,249350.67,1436734.82,'interno',NULL,NULL,NULL,NULL,NULL,NULL),(116,'0006-X0000108','99',6,'2026-06-23 20:22:59',54,3,91339.32,19181.26,110520.58,'interno',NULL,NULL,NULL,NULL,NULL,NULL),(117,'0006-X0000109','99',6,'2026-06-24 08:35:22',60,3,26160.56,5493.72,31654.28,'interno',NULL,NULL,NULL,NULL,NULL,NULL),(118,'0006-00000009','11',6,'2026-06-24 08:51:29',46,3,566489.16,118962.72,685451.88,'autorizada','86250950812934','2026-07-04',NULL,NULL,NULL,NULL),(119,'0006-X0000110','99',6,'2026-06-24 09:57:35',3,3,35293.88,7411.72,39716.21,'interno',NULL,NULL,NULL,NULL,NULL,NULL),(120,'0006-X0000111','99',6,'2026-06-24 10:01:42',8,3,9231.07,1938.53,11169.60,'interno',NULL,NULL,NULL,NULL,NULL,NULL),(121,'0006-X0000112','99',6,'2026-06-24 10:05:49',102,3,23949.42,5029.38,28978.80,'interno',NULL,NULL,NULL,NULL,NULL,NULL),(122,'0006-X0000113','99',6,'2026-06-24 10:07:04',20,3,7562.98,1588.22,9151.20,'interno',NULL,NULL,NULL,NULL,NULL,NULL),(123,'0006-X0000114','99',6,'2026-06-24 10:22:16',30,3,65233.79,13699.10,78932.89,'interno',NULL,NULL,NULL,NULL,NULL,NULL),(124,'0006-X0000115','99',6,'2026-06-24 10:26:03',19,3,77099.67,16190.93,93290.60,'interno',NULL,NULL,NULL,NULL,NULL,NULL),(125,'0006-X0000116','99',6,'2026-06-24 10:38:22',74,3,48219.29,10126.05,58345.34,'interno',NULL,NULL,NULL,NULL,NULL,NULL),(126,'0006-X0000117','99',6,'2026-06-24 10:43:03',57,3,33735.24,7084.40,40819.64,'interno',NULL,NULL,NULL,NULL,NULL,NULL);
/*!40000 ALTER TABLE `factura` ENABLE KEYS */;
UNLOCK TABLES;

--
-- Table structure for table `factura_compra`
--

DROP TABLE IF EXISTS `factura_compra`;
/*!40101 SET @saved_cs_client     = @@character_set_client */;
/*!50503 SET character_set_client = utf8mb4 */;
CREATE TABLE `factura_compra` (
  `id` int(11) NOT NULL AUTO_INCREMENT,
  `proveedor_id` int(11) NOT NULL,
  `fecha` date NOT NULL,
  `fecha_vencimiento` date DEFAULT NULL,
  `tipo_comprobante` varchar(5) NOT NULL DEFAULT 'A' COMMENT 'A, B o C',
  `clase_comprobante` varchar(15) NOT NULL DEFAULT 'factura' COMMENT 'factura / nota_credito / nota_debito',
  `punto_venta` varchar(5) NOT NULL,
  `numero` varchar(10) NOT NULL,
  `neto_gravado_21` decimal(12,2) NOT NULL DEFAULT 0.00 COMMENT 'Base imponible alícuota 21%',
  `iva_21` decimal(12,2) NOT NULL DEFAULT 0.00 COMMENT 'IVA 21%',
  `neto_gravado_105` decimal(12,2) NOT NULL DEFAULT 0.00 COMMENT 'Base imponible alícuota 10.5%',
  `iva_105` decimal(12,2) NOT NULL DEFAULT 0.00 COMMENT 'IVA 10.5%',
  `neto_no_gravado` decimal(12,2) NOT NULL DEFAULT 0.00,
  `otros_impuestos` decimal(12,2) NOT NULL DEFAULT 0.00,
  `total` decimal(12,2) NOT NULL,
  `saldo_pendiente` decimal(12,2) NOT NULL DEFAULT 0.00,
  `estado` varchar(15) NOT NULL DEFAULT 'pendiente' COMMENT 'pendiente/parcial/pagada/anulada',
  `cae` varchar(20) DEFAULT NULL,
  `fecha_vto_cae` date DEFAULT NULL,
  `observaciones` text DEFAULT NULL,
  `usuario_id` int(11) DEFAULT NULL,
  `fecha_creacion` datetime NOT NULL DEFAULT current_timestamp(),
  `con_detalle` tinyint(1) NOT NULL DEFAULT 0 COMMENT '1 = factura con detalle de artículos',
  `descuento` decimal(12,2) NOT NULL DEFAULT 0.00 COMMENT 'Bonificación comercial (prorratea al costo)',
  `flete` decimal(12,2) NOT NULL DEFAULT 0.00 COMMENT 'Flete (prorratea al costo)',
  `percepcion_iva` decimal(12,2) NOT NULL DEFAULT 0.00,
  `percepcion_iibb` decimal(12,2) NOT NULL DEFAULT 0.00,
  `percepcion_ganancias` decimal(12,2) NOT NULL DEFAULT 0.00,
  PRIMARY KEY (`id`),
  UNIQUE KEY `uk_factura_compra` (`proveedor_id`,`clase_comprobante`,`tipo_comprobante`,`punto_venta`,`numero`),
  KEY `fk_fc_usuario` (`usuario_id`),
  KEY `idx_fc_estado` (`estado`),
  KEY `idx_fc_vto` (`fecha_vencimiento`),
  CONSTRAINT `fk_fc_proveedor` FOREIGN KEY (`proveedor_id`) REFERENCES `proveedor` (`id`),
  CONSTRAINT `fk_fc_usuario` FOREIGN KEY (`usuario_id`) REFERENCES `usuario` (`id`)
) ENGINE=InnoDB AUTO_INCREMENT=8 DEFAULT CHARSET=utf8mb4 COLLATE=utf8mb4_general_ci;
/*!40101 SET character_set_client = @saved_cs_client */;

--
-- Dumping data for table `factura_compra`
--

LOCK TABLES `factura_compra` WRITE;
/*!40000 ALTER TABLE `factura_compra` DISABLE KEYS */;
INSERT INTO `factura_compra` VALUES (1,1,'2026-05-30',NULL,'CI','interno','1','293',0.00,0.00,0.00,0.00,0.00,0.00,1801380.00,1801380.00,'pendiente',NULL,NULL,'',NULL,'2026-06-01 18:17:05',1,131.54,0.00,0.00,0.00,0.00),(2,2,'2026-06-02',NULL,'B','factura','00153','00066572',51134.64,0.00,0.00,0.00,0.00,0.00,51134.64,0.00,'pagada',NULL,NULL,'',3,'2026-06-02 18:23:14',1,0.00,0.00,0.00,0.00,0.00),(3,2,'2026-06-02',NULL,'CI','interno','980','44612',0.00,0.00,0.00,0.00,0.00,0.00,932229.61,932229.61,'pendiente',NULL,NULL,'',3,'2026-06-02 20:48:53',1,0.00,4364.41,0.00,0.00,0.00),(4,3,'2026-06-05',NULL,'CI','interno','1','1',0.00,0.00,0.00,0.00,0.00,0.00,400198.93,0.00,'pagada',NULL,NULL,'',3,'2026-06-08 19:09:38',1,0.00,0.00,0.00,0.00,0.00),(5,2,'2026-06-19',NULL,'CI','interno','980','45238',0.00,0.00,0.00,0.00,0.00,0.00,2278104.31,2278104.31,'pendiente',NULL,NULL,'',3,'2026-06-19 17:56:07',1,0.00,0.00,0.00,0.00,0.00),(6,1,'2026-06-23',NULL,'CI','interno','0','329',0.00,0.00,0.00,0.00,0.00,0.00,1153862.02,1153862.02,'pendiente',NULL,NULL,'',3,'2026-06-23 14:47:43',1,82.00,0.00,0.00,0.00,0.00),(7,1,'2026-06-23',NULL,'NC','nota_credito','1','293',0.00,0.00,0.00,0.00,0.00,0.00,299356.23,0.00,'registrada',NULL,NULL,'',3,'2026-06-24 10:37:35',1,0.00,0.00,0.00,0.00,0.00);
/*!40000 ALTER TABLE `factura_compra` ENABLE KEYS */;
UNLOCK TABLES;

--
-- Table structure for table `factura_compra_detalle`
--

DROP TABLE IF EXISTS `factura_compra_detalle`;
/*!40101 SET @saved_cs_client     = @@character_set_client */;
/*!50503 SET character_set_client = utf8mb4 */;
CREATE TABLE `factura_compra_detalle` (
  `id` int(11) NOT NULL AUTO_INCREMENT,
  `factura_compra_id` int(11) NOT NULL,
  `producto_id` int(11) NOT NULL,
  `cantidad` decimal(10,3) NOT NULL,
  `precio_unitario` decimal(12,4) NOT NULL COMMENT 'Precio unitario sin IVA (como viene en la factura del proveedor)',
  `descuento_porcentaje` decimal(5,2) NOT NULL DEFAULT 0.00,
  `iva` decimal(5,2) NOT NULL DEFAULT 21.00,
  `subtotal` decimal(12,2) NOT NULL COMMENT 'cantidad * precio_unitario (sin IVA)',
  `costo_final_unitario` decimal(12,4) NOT NULL COMMENT 'Costo con IVA y prorrateo aplicado (va a producto.costo)',
  PRIMARY KEY (`id`),
  KEY `fk_fcd_factura` (`factura_compra_id`),
  KEY `fk_fcd_producto` (`producto_id`),
  CONSTRAINT `fk_fcd_factura` FOREIGN KEY (`factura_compra_id`) REFERENCES `factura_compra` (`id`) ON DELETE CASCADE,
  CONSTRAINT `fk_fcd_producto` FOREIGN KEY (`producto_id`) REFERENCES `producto` (`id`)
) ENGINE=InnoDB AUTO_INCREMENT=120 DEFAULT CHARSET=utf8mb4 COLLATE=utf8mb4_unicode_ci;
/*!40101 SET character_set_client = @saved_cs_client */;

--
-- Dumping data for table `factura_compra_detalle`
--

LOCK TABLES `factura_compra_detalle` WRITE;
/*!40000 ALTER TABLE `factura_compra_detalle` DISABLE KEYS */;
INSERT INTO `factura_compra_detalle` VALUES (1,1,38,6.000,3871.0744,0.00,21.00,23226.45,4683.6600),(2,1,39,6.000,3871.0740,0.00,21.00,23226.44,4683.6600),(3,1,100,320.000,507.4380,0.00,21.00,162380.16,613.9600),(4,1,201,160.000,507.4380,0.00,21.00,81190.08,613.9600),(5,1,123,168.000,795.0400,0.00,21.00,133566.72,961.9300),(6,1,86,12.000,3747.1070,0.00,21.00,44965.28,4533.6700),(7,1,84,12.000,3747.1070,0.00,21.00,44965.28,4533.6700),(8,1,87,12.000,3747.1070,0.00,21.00,44965.28,4533.6700),(9,1,1,12.000,3747.1070,0.00,21.00,44965.28,4533.6700),(10,1,40,6.000,3871.0740,0.00,21.00,23226.44,4683.6600),(11,1,104,12.000,8260.3300,0.00,21.00,99123.96,9994.2700),(12,1,191,6.000,3871.0740,0.00,21.00,23226.44,4683.6600),(13,1,47,6.000,3871.0740,0.00,21.00,23226.44,4683.6600),(14,1,194,168.000,795.0413,0.00,21.00,133566.94,961.9300),(15,1,195,168.000,795.0413,0.00,21.00,133566.94,961.9300),(16,1,132,12.000,3038.8430,0.00,21.00,36466.12,3676.7300),(17,1,136,12.000,3038.8430,0.00,21.00,36466.12,3676.7300),(18,1,139,12.000,3038.8430,0.00,21.00,36466.12,3676.7300),(19,1,141,12.000,3038.8430,0.00,21.00,36466.12,3676.7300),(20,1,138,12.000,3038.8430,0.00,21.00,36466.12,3676.7300),(21,1,122,168.000,795.0410,0.00,21.00,133566.89,961.9300),(22,1,121,168.000,795.0410,0.00,21.00,133566.89,961.9300),(23,2,206,1.000,42259.5041,0.00,21.00,42259.50,51134.0000),(24,3,120,180.000,528.7020,0.00,21.00,95166.36,642.7400),(25,3,95,180.000,500.6600,0.00,21.00,90118.80,608.6500),(26,3,94,180.000,500.6600,0.00,21.00,90118.80,608.6500),(27,3,128,120.000,411.8900,0.00,21.00,49426.80,500.7300),(28,3,127,120.000,441.8900,0.00,21.00,53026.80,537.2000),(29,3,6,6.000,7809.8000,0.00,21.00,46858.80,9494.3100),(30,3,163,60.000,756.1630,0.00,21.00,45369.78,919.2600),(31,3,164,28.000,756.1630,0.00,21.00,21172.56,919.2600),(32,3,162,24.000,756.1630,0.00,21.00,18147.91,919.2600),(33,3,52,20.000,2024.7400,0.00,21.00,40494.80,2461.4600),(34,3,29,1.000,5626.3000,0.00,21.00,5626.30,6839.8500),(35,3,27,4.000,5626.2300,0.00,21.00,22504.92,6839.7600),(36,3,13,3.000,3149.7700,0.00,21.00,9449.31,3829.1500),(37,3,19,3.000,3149.7700,0.00,21.00,9449.31,3829.1500),(38,3,17,12.000,3149.7700,0.00,21.00,37797.24,3829.1500),(39,3,12,6.000,3149.7700,0.00,21.00,18898.62,3829.1500),(40,3,18,3.000,3149.7700,0.00,21.00,9449.31,3829.1500),(41,3,10,3.000,3149.7700,0.00,21.00,9449.31,3829.1500),(42,3,11,3.000,3149.7700,0.00,21.00,9449.31,3829.1500),(43,3,129,200.000,126.7580,0.00,21.00,25351.60,154.1000),(44,3,144,60.000,991.7350,0.00,21.00,59504.10,1205.6400),(45,4,176,50.000,396.6900,0.00,21.00,19834.50,479.9900),(46,4,175,15.000,396.6900,0.00,21.00,5950.35,479.9900),(47,4,177,80.000,446.2800,0.00,21.00,35702.40,540.0000),(48,4,173,70.000,446.2800,0.00,21.00,31239.60,540.0000),(49,4,170,120.000,446.2800,0.00,21.00,53553.60,540.0000),(50,4,172,70.000,446.2800,0.00,21.00,31239.60,540.0000),(51,4,169,70.000,446.2800,0.00,21.00,31239.60,540.0000),(52,4,171,120.000,446.2800,0.00,21.00,53553.60,540.0000),(53,4,174,20.000,446.2800,0.00,21.00,8925.60,540.0000),(54,4,179,7.000,4958.6700,0.00,21.00,34710.69,5999.9900),(55,4,207,6.000,4132.2300,0.00,21.00,24793.38,5000.0000),(56,5,13,4.000,3149.7727,0.00,21.00,12599.09,3811.2200),(57,5,19,4.000,3149.7702,0.00,21.00,12599.08,3811.2200),(58,5,17,12.000,3149.7702,0.00,21.00,37797.24,3811.2200),(59,5,18,6.000,3149.7713,0.00,21.00,18898.63,3811.2200),(60,5,24,4.000,3149.7702,0.00,21.00,12599.08,3811.2200),(61,5,14,4.000,3149.7702,0.00,21.00,12599.08,3811.2200),(62,5,129,200.000,126.7579,0.00,21.00,25351.58,153.3800),(63,5,147,36.000,337.0496,0.00,21.00,12133.79,407.8300),(64,5,148,144.000,337.0496,0.00,21.00,48535.14,407.8300),(65,5,146,72.000,337.0496,0.00,21.00,24267.57,407.8300),(66,5,113,360.000,528.7025,0.00,21.00,190332.90,639.7300),(67,5,114,240.000,528.7017,0.00,21.00,126888.41,639.7300),(68,5,116,72.000,777.4860,0.00,21.00,55978.99,940.7600),(69,5,94,180.000,500.6661,0.00,21.00,90119.90,605.8100),(70,5,90,48.000,241.0607,0.00,21.00,11570.91,291.6800),(71,5,63,10.000,4189.1413,0.00,21.00,41891.41,5068.8600),(72,5,65,6.000,5979.4298,0.00,21.00,35876.58,7235.1100),(73,5,68,6.000,3247.6843,0.00,21.00,19486.11,3929.7000),(74,5,91,48.000,241.0607,0.00,21.00,11570.91,291.6800),(75,5,89,48.000,241.0607,0.00,21.00,11570.91,291.6800),(76,5,131,24.000,4768.1446,0.00,21.00,114435.47,5769.4500),(77,5,130,6.000,4808.3661,0.00,21.00,28850.20,5818.1200),(78,5,161,24.000,866.7007,0.00,21.00,20800.82,1048.7100),(79,5,159,24.000,866.7007,0.00,21.00,20800.82,1048.7100),(80,5,158,48.000,790.2694,0.00,21.00,37932.93,956.2300),(81,5,160,24.000,866.7007,0.00,21.00,20800.82,1048.7100),(82,5,156,30.000,729.9339,0.00,21.00,21898.02,883.2200),(83,5,155,60.000,729.9341,0.00,21.00,43796.05,883.2200),(84,5,29,6.000,5626.2686,0.00,21.00,33757.61,6807.7900),(85,5,27,18.000,5626.2686,0.00,21.00,101272.83,6807.7900),(86,5,28,6.000,5626.2686,0.00,21.00,33757.61,6807.7900),(87,5,31,8.000,3304.4153,0.00,21.00,26435.32,3998.3400),(88,5,30,16.000,3304.4148,0.00,21.00,52870.64,3998.3400),(89,5,20,2.000,3461.8636,0.00,21.00,6923.73,4188.8500),(90,5,10,4.000,3461.8657,0.00,21.00,13847.46,4188.8600),(91,5,11,4.000,3461.8657,0.00,21.00,13847.46,4188.8600),(92,5,25,2.000,3461.8636,0.00,21.00,6923.73,4188.8500),(93,5,75,6.000,2876.4022,0.00,21.00,17258.41,3480.4500),(94,5,73,6.000,2876.4022,0.00,21.00,17258.41,3480.4500),(95,5,72,6.000,2876.4022,0.00,21.00,17258.41,3480.4500),(96,5,95,180.000,500.6662,0.00,21.00,90119.92,605.8100),(97,5,99,12.000,5468.3264,0.00,21.00,65619.92,6616.6700),(98,5,103,4.000,4111.3533,0.00,21.00,16445.41,4974.7400),(99,5,6,10.000,7809.7967,0.00,21.00,78097.97,9449.8500),(100,5,8,6.000,7809.7961,0.00,21.00,46858.78,9449.8500),(101,5,7,10.000,7809.7967,0.00,21.00,78097.97,9449.8500),(102,5,15,2.000,3149.7686,0.00,21.00,6299.54,3811.2200),(103,5,16,12.000,3149.7727,0.00,21.00,37797.27,3811.2200),(104,6,96,12.000,10314.0496,0.00,21.00,123768.60,12479.1100),(105,6,56,12.000,3342.9752,0.00,21.00,40115.70,4044.7100),(106,6,38,12.000,3871.0744,0.00,21.00,46452.89,4683.6700),(107,6,198,64.000,1020.6612,0.00,21.00,65322.32,1234.9100),(108,6,87,12.000,3747.1074,0.00,21.00,44965.29,4533.6800),(109,6,54,12.000,3088.4298,0.00,21.00,37061.16,3736.7300),(110,6,211,24.000,3795.0413,0.00,21.00,91080.99,4591.6700),(111,6,197,140.000,881.8182,0.00,21.00,123454.55,1066.9200),(112,6,137,12.000,3376.0331,0.00,21.00,40512.40,4084.7100),(113,6,133,12.000,3376.0331,0.00,21.00,40512.40,4084.7100),(114,6,47,6.000,3871.0744,0.00,21.00,23226.45,4683.6700),(115,6,43,24.000,3899.1736,0.00,21.00,93580.17,4717.6600),(116,6,210,210.000,874.3802,0.00,21.00,183619.84,1057.9200),(117,7,197,140.000,1066.9200,0.00,21.00,149368.80,1066.9200),(118,7,137,12.000,4084.7100,0.00,21.00,49016.52,4084.7100),(119,7,133,12.000,4084.7100,0.00,21.00,49016.52,4084.7100);
/*!40000 ALTER TABLE `factura_compra_detalle` ENABLE KEYS */;
UNLOCK TABLES;

--
-- Table structure for table `gastos`
--

DROP TABLE IF EXISTS `gastos`;
/*!40101 SET @saved_cs_client     = @@character_set_client */;
/*!50503 SET character_set_client = utf8mb4 */;
CREATE TABLE `gastos` (
  `id` int(11) NOT NULL AUTO_INCREMENT,
  `fecha` date NOT NULL,
  `descripcion` text NOT NULL,
  `monto` decimal(10,2) NOT NULL,
  `categoria` varchar(50) NOT NULL DEFAULT 'general',
  `metodo_pago` varchar(30) NOT NULL DEFAULT 'efectivo',
  `notas` text DEFAULT NULL,
  `fecha_creacion` timestamp NOT NULL DEFAULT current_timestamp(),
  `fecha_modificacion` timestamp NOT NULL DEFAULT current_timestamp() ON UPDATE current_timestamp(),
  `activo` tinyint(1) DEFAULT 1,
  `usuario_id` int(11) DEFAULT NULL,
  `caja_id` int(11) DEFAULT NULL,
  PRIMARY KEY (`id`),
  KEY `idx_gastos_fecha` (`fecha`),
  KEY `idx_gastos_categoria` (`categoria`),
  KEY `idx_gastos_metodo_pago` (`metodo_pago`),
  KEY `idx_gastos_activo` (`activo`),
  KEY `idx_gastos_fecha_activo` (`fecha`,`activo`),
  KEY `caja_id` (`caja_id`),
  CONSTRAINT `gastos_ibfk_1` FOREIGN KEY (`caja_id`) REFERENCES `cajas` (`id`)
) ENGINE=InnoDB AUTO_INCREMENT=8 DEFAULT CHARSET=utf8mb4 COLLATE=utf8mb4_unicode_ci;
/*!40101 SET character_set_client = @saved_cs_client */;

--
-- Dumping data for table `gastos`
--

LOCK TABLES `gastos` WRITE;
/*!40000 ALTER TABLE `gastos` DISABLE KEYS */;
INSERT INTO `gastos` VALUES (1,'2026-06-01','COMBUSTIBLE TOYOTA',111019.82,'transporte','efectivo',NULL,'2026-06-02 21:27:33','2026-06-02 21:27:33',1,3,1),(2,'2026-06-05','LIBRERIA KLOO',8650.00,'insumos','efectivo',NULL,'2026-06-12 22:34:49','2026-06-12 22:34:49',1,3,1),(3,'2026-06-06','FLETE MANI',46360.00,'transporte','efectivo',NULL,'2026-06-12 22:36:02','2026-06-12 22:36:02',1,3,1),(4,'2026-06-12','TORAL SUELDO MAYO',300000.00,'general','efectivo','270 EFECTIVO + 30 TRANSFERENCIA','2026-06-12 23:59:11','2026-06-12 23:59:11',1,3,1),(5,'2026-06-12','FERNANDO PARTE SUELDO',270000.00,'general','efectivo','TRANSFERENCIA','2026-06-12 23:59:42','2026-06-12 23:59:42',1,3,1),(6,'2026-06-19','FERNANDO PARTE SUELDO',400000.00,'general','transferencia',NULL,'2026-06-19 22:44:40','2026-06-19 22:44:40',1,3,1),(7,'2026-06-19','FERNANDO PARTE SUELDO',400000.00,'general','transferencia',NULL,'2026-06-19 22:44:40','2026-06-19 22:44:40',1,3,1);
/*!40000 ALTER TABLE `gastos` ENABLE KEYS */;
UNLOCK TABLES;

--
-- Table structure for table `liquidacion_detalle`
--

DROP TABLE IF EXISTS `liquidacion_detalle`;
/*!40101 SET @saved_cs_client     = @@character_set_client */;
/*!50503 SET character_set_client = utf8mb4 */;
CREATE TABLE `liquidacion_detalle` (
  `id` int(11) NOT NULL AUTO_INCREMENT,
  `liquidacion_id` int(11) NOT NULL,
  `interno_id` int(11) NOT NULL,
  `factura_derivada_id` int(11) DEFAULT NULL,
  `monto_interno` decimal(12,2) DEFAULT NULL,
  `monto_factura` decimal(12,2) DEFAULT NULL,
  `monto_diferencia` decimal(12,2) DEFAULT NULL,
  PRIMARY KEY (`id`),
  UNIQUE KEY `uk_interno_no_duplicado` (`interno_id`),
  KEY `idx_liquidacion` (`liquidacion_id`),
  KEY `idx_interno` (`interno_id`),
  KEY `fk_liqdet_factura` (`factura_derivada_id`),
  CONSTRAINT `fk_liqdet_factura` FOREIGN KEY (`factura_derivada_id`) REFERENCES `factura` (`id`),
  CONSTRAINT `fk_liqdet_interno` FOREIGN KEY (`interno_id`) REFERENCES `factura` (`id`),
  CONSTRAINT `fk_liqdet_liquidacion` FOREIGN KEY (`liquidacion_id`) REFERENCES `liquidacion_intermediario` (`id`) ON DELETE CASCADE
) ENGINE=InnoDB DEFAULT CHARSET=utf8mb4 COLLATE=utf8mb4_general_ci;
/*!40101 SET character_set_client = @saved_cs_client */;

--
-- Dumping data for table `liquidacion_detalle`
--

LOCK TABLES `liquidacion_detalle` WRITE;
/*!40000 ALTER TABLE `liquidacion_detalle` DISABLE KEYS */;
/*!40000 ALTER TABLE `liquidacion_detalle` ENABLE KEYS */;
UNLOCK TABLES;

--
-- Table structure for table `liquidacion_intermediario`
--

DROP TABLE IF EXISTS `liquidacion_intermediario`;
/*!40101 SET @saved_cs_client     = @@character_set_client */;
/*!50503 SET character_set_client = utf8mb4 */;
CREATE TABLE `liquidacion_intermediario` (
  `id` int(11) NOT NULL AUTO_INCREMENT,
  `numero` varchar(50) NOT NULL,
  `fecha` datetime DEFAULT current_timestamp(),
  `intermediario_id` int(11) NOT NULL,
  `total_vendido` decimal(12,2) DEFAULT 0.00,
  `total_costo` decimal(12,2) DEFAULT 0.00,
  `total_liquidar` decimal(12,2) DEFAULT 0.00,
  `base_calculo` varchar(20) DEFAULT 'con_iva',
  `estado` varchar(20) DEFAULT 'pendiente_pago',
  `medio_pago` varchar(50) DEFAULT NULL,
  `fecha_pago` datetime DEFAULT NULL,
  `usuario_id` int(11) DEFAULT NULL,
  `motivo` text DEFAULT NULL,
  PRIMARY KEY (`id`),
  UNIQUE KEY `numero` (`numero`),
  KEY `idx_intermediario` (`intermediario_id`),
  KEY `idx_estado` (`estado`),
  KEY `idx_fecha` (`fecha`),
  KEY `fk_liq_usuario` (`usuario_id`),
  CONSTRAINT `fk_liq_intermediario` FOREIGN KEY (`intermediario_id`) REFERENCES `cliente` (`id`),
  CONSTRAINT `fk_liq_usuario` FOREIGN KEY (`usuario_id`) REFERENCES `usuario` (`id`)
) ENGINE=InnoDB DEFAULT CHARSET=utf8mb4 COLLATE=utf8mb4_general_ci;
/*!40101 SET character_set_client = @saved_cs_client */;

--
-- Dumping data for table `liquidacion_intermediario`
--

LOCK TABLES `liquidacion_intermediario` WRITE;
/*!40000 ALTER TABLE `liquidacion_intermediario` DISABLE KEYS */;
/*!40000 ALTER TABLE `liquidacion_intermediario` ENABLE KEYS */;
UNLOCK TABLES;

--
-- Table structure for table `medios_pago`
--

DROP TABLE IF EXISTS `medios_pago`;
/*!40101 SET @saved_cs_client     = @@character_set_client */;
/*!50503 SET character_set_client = utf8mb4 */;
CREATE TABLE `medios_pago` (
  `id` int(11) NOT NULL AUTO_INCREMENT,
  `factura_id` int(11) NOT NULL,
  `medio_pago` varchar(20) NOT NULL,
  `importe` decimal(10,2) NOT NULL,
  `fecha_registro` datetime DEFAULT NULL,
  PRIMARY KEY (`id`),
  KEY `factura_id` (`factura_id`),
  CONSTRAINT `medios_pago_ibfk_1` FOREIGN KEY (`factura_id`) REFERENCES `factura` (`id`)
) ENGINE=InnoDB AUTO_INCREMENT=127 DEFAULT CHARSET=utf8mb4 COLLATE=utf8mb4_unicode_ci;
/*!40101 SET character_set_client = @saved_cs_client */;

--
-- Dumping data for table `medios_pago`
--

LOCK TABLES `medios_pago` WRITE;
/*!40000 ALTER TABLE `medios_pago` DISABLE KEYS */;
INSERT INTO `medios_pago` VALUES (1,1,'efectivo',100.00,'2026-05-28 17:30:51'),(2,2,'efectivo',100.00,'2026-05-28 18:14:00'),(3,3,'efectivo',100.00,'2026-05-28 18:33:06'),(4,4,'efectivo',100.00,'2026-05-28 18:34:54'),(5,5,'efectivo',4880.18,'2026-05-28 20:32:26'),(6,6,'efectivo',277445.04,'2026-05-29 17:56:24'),(7,7,'CTA.CTE',133323.37,'2026-05-30 14:28:55'),(8,8,'CTA.CTE',78549.87,'2026-06-01 11:55:23'),(9,9,'CTA.CTE',45142.00,'2026-06-01 12:00:09'),(10,10,'CTA.CTE',37964.08,'2026-06-01 14:10:04'),(11,11,'CTA.CTE',56818.00,'2026-06-01 20:04:43'),(12,12,'CTA.CTE',145741.50,'2026-06-02 14:54:58'),(13,13,'CTA.CTE',92129.43,'2026-06-03 20:27:55'),(14,14,'CTA.CTE',68528.76,'2026-06-04 08:30:07'),(15,15,'CTA.CTE',36511.70,'2026-06-04 08:34:44'),(16,16,'CTA.CTE',23242.46,'2026-06-04 08:52:12'),(17,17,'CTA.CTE',36511.70,'2026-06-04 08:57:08'),(18,18,'CTA.CTE',89395.12,'2026-06-04 09:07:01'),(19,19,'CTA.CTE',98369.93,'2026-06-04 09:11:20'),(20,20,'CTA.CTE',118922.29,'2026-06-04 09:43:48'),(21,21,'CTA.CTE',121730.94,'2026-06-04 10:05:27'),(22,22,'CTA.CTE',249441.65,'2026-06-04 10:34:35'),(23,23,'CTA.CTE',79416.96,'2026-06-04 11:03:57'),(24,24,'CTA.CTE',20362.00,'2026-06-04 12:34:40'),(25,25,'CTA.CTE',87201.38,'2026-06-04 12:36:59'),(26,26,'CTA.CTE',32095.80,'2026-06-04 12:38:56'),(27,27,'CTA.CTE',39571.46,'2026-06-04 12:41:34'),(28,28,'CTA.CTE',46999.78,'2026-06-04 12:46:13'),(29,29,'efectivo',11384.00,'2026-06-04 12:50:55'),(30,30,'efectivo',9979.80,'2026-06-04 12:54:48'),(31,31,'efectivo',56041.82,'2026-06-04 13:01:13'),(32,32,'efectivo',20870.80,'2026-06-04 13:06:31'),(33,33,'efectivo',35052.00,'2026-06-04 13:09:30'),(34,34,'CTA.CTE',110782.30,'2026-06-04 19:17:18'),(35,35,'CTA.CTE',40633.00,'2026-06-04 19:26:48'),(36,36,'CTA.CTE',280427.82,'2026-06-04 19:55:59'),(37,37,'efectivo',263519.91,'2026-06-05 09:31:33'),(38,38,'CTA.CTE',60800.00,'2026-06-05 10:22:46'),(39,39,'CTA.CTE',51832.91,'2026-06-05 19:30:13'),(40,40,'CTA.CTE',53203.52,'2026-06-05 19:37:41'),(41,41,'CTA.CTE',43968.96,'2026-06-05 19:40:31'),(42,42,'CTA.CTE',31256.00,'2026-06-05 19:52:12'),(43,43,'CTA.CTE',152710.04,'2026-06-06 13:44:30'),(44,44,'CTA.CTE',14194.28,'2026-06-08 07:34:46'),(45,45,'CTA.CTE',239195.74,'2026-06-08 16:41:58'),(46,46,'CTA.CTE',39196.76,'2026-06-08 20:35:20'),(47,47,'CTA.CTE',252679.66,'2026-06-09 09:55:00'),(48,48,'CTA.CTE',71615.06,'2026-06-09 10:11:36'),(49,49,'CTA.CTE',136090.91,'2026-06-09 11:17:04'),(50,50,'efectivo',4575.60,'2026-06-09 18:59:23'),(51,51,'efectivo',2140.00,'2026-06-09 19:05:00'),(52,52,'CTA.CTE',18584.80,'2026-06-11 09:21:40'),(53,53,'CTA.CTE',422545.50,'2026-06-11 11:38:08'),(54,54,'CTA.CTE',10400.00,'2026-06-11 11:42:24'),(55,55,'CTA.CTE',80986.86,'2026-06-11 12:04:54'),(56,56,'CTA.CTE',46506.20,'2026-06-11 12:09:38'),(57,57,'CTA.CTE',26780.00,'2026-06-11 12:10:53'),(58,58,'CTA.CTE',45177.60,'2026-06-11 12:16:26'),(59,59,'CTA.CTE',39143.00,'2026-06-11 12:21:11'),(60,60,'CTA.CTE',48103.30,'2026-06-11 12:28:21'),(61,61,'efectivo',45756.00,'2026-06-11 17:40:28'),(62,62,'efectivo',29078.00,'2026-06-11 19:33:06'),(63,63,'CTA.CTE',42452.80,'2026-06-11 20:33:14'),(64,64,'CTA.CTE',167618.40,'2026-06-11 20:40:32'),(65,65,'efectivo',12201.60,'2026-06-12 09:24:11'),(66,66,'efectivo',20758.40,'2026-06-12 09:42:36'),(67,67,'CTA.CTE',25896.00,'2026-06-12 12:10:15'),(68,68,'efectivo',17700.26,'2026-06-12 12:52:40'),(69,69,'CTA.CTE',46306.00,'2026-06-12 12:55:00'),(70,70,'mercado_pago',32151.60,'2026-06-12 12:57:54'),(71,71,'CTA.CTE',30825.06,'2026-06-12 13:04:22'),(72,72,'CTA.CTE',265560.40,'2026-06-13 18:07:50'),(73,73,'CTA.CTE',38217.40,'2026-06-13 18:13:54'),(74,74,'CTA.CTE',24403.20,'2026-06-13 18:38:16'),(75,75,'CTA.CTE',6500.00,'2026-06-14 10:09:51'),(76,76,'CTA.CTE',17700.80,'2026-06-14 10:13:23'),(77,77,'CTA.CTE',58497.40,'2026-06-14 11:09:34'),(78,78,'CTA.CTE',18302.40,'2026-06-14 11:15:24'),(79,79,'CTA.CTE',22198.80,'2026-06-15 10:13:37'),(80,80,'CTA.CTE',159130.20,'2026-06-15 11:29:44'),(81,81,'CTA.CTE',61755.20,'2026-06-16 08:33:42'),(82,82,'CTA.CTE',18302.40,'2026-06-16 16:30:49'),(83,83,'CTA.CTE',96878.40,'2026-06-16 17:57:26'),(84,84,'CTA.CTE',6492.20,'2026-06-17 08:53:06'),(85,85,'CTA.CTE',70608.00,'2026-06-17 08:57:33'),(86,86,'CTA.CTE',76939.20,'2026-06-17 09:48:56'),(87,87,'CTA.CTE',31418.40,'2026-06-17 09:50:22'),(88,88,'CTA.CTE',35445.80,'2026-06-17 09:51:39'),(89,89,'CTA.CTE',79838.20,'2026-06-17 09:53:28'),(90,90,'CTA.CTE',58608.70,'2026-06-17 09:55:15'),(91,91,'CTA.CTE',14768.00,'2026-06-17 09:56:22'),(92,92,'CTA.CTE',70849.50,'2026-06-17 09:57:49'),(93,93,'CTA.CTE',62524.60,'2026-06-17 10:01:26'),(94,94,'CTA.CTE',56487.40,'2026-06-17 10:03:29'),(95,95,'CTA.CTE',12774.40,'2026-06-17 12:27:20'),(96,96,'CTA.CTE',53941.40,'2026-06-17 12:30:26'),(97,97,'CTA.CTE',77287.60,'2026-06-17 12:43:40'),(98,98,'CTA.CTE',58686.80,'2026-06-17 15:21:23'),(99,99,'CTA.CTE',24596.00,'2026-06-17 16:25:15'),(100,100,'CTA.CTE',175842.70,'2026-06-18 10:01:59'),(101,101,'CTA.CTE',22419.00,'2026-06-18 10:06:34'),(102,102,'CTA.CTE',39742.80,'2026-06-18 10:09:07'),(103,103,'CTA.CTE',18747.30,'2026-06-18 11:09:20'),(104,104,'CTA.CTE',138533.70,'2026-06-19 10:24:01'),(105,105,'CTA.CTE',7566.00,'2026-06-19 17:47:47'),(106,106,'CTA.CTE',88026.26,'2026-06-20 11:48:18'),(107,107,'CTA.CTE',18720.00,'2026-06-20 17:52:54'),(108,108,'CTA.CTE',271984.04,'2026-06-20 18:22:00'),(109,109,'CTA.CTE',24416.36,'2026-06-22 07:47:40'),(110,110,'CTA.CTE',107967.91,'2026-06-22 18:38:54'),(111,111,'CTA.CTE',61167.05,'2026-06-22 18:42:20'),(112,112,'CTA.CTE',121620.61,'2026-06-23 09:39:44'),(113,113,'CTA.CTE',99808.20,'2026-06-23 12:57:06'),(114,114,'CTA.CTE',85890.10,'2026-06-23 17:57:23'),(115,115,'CTA.CTE',1436734.82,'2026-06-23 18:13:05'),(116,116,'CTA.CTE',110520.58,'2026-06-23 20:22:59'),(117,117,'CTA.CTE',31654.28,'2026-06-24 08:35:22'),(118,118,'CTA.CTE',685451.88,'2026-06-24 08:51:29'),(119,119,'CTA.CTE',39716.21,'2026-06-24 09:57:35'),(120,120,'CTA.CTE',11169.60,'2026-06-24 10:01:42'),(121,121,'CTA.CTE',28978.80,'2026-06-24 10:05:49'),(122,122,'CTA.CTE',9151.20,'2026-06-24 10:07:04'),(123,123,'CTA.CTE',78932.89,'2026-06-24 10:22:16'),(124,124,'CTA.CTE',93290.60,'2026-06-24 10:26:03'),(125,125,'CTA.CTE',58345.34,'2026-06-24 10:38:22'),(126,126,'CTA.CTE',40819.64,'2026-06-24 10:43:03');
/*!40000 ALTER TABLE `medios_pago` ENABLE KEYS */;
UNLOCK TABLES;

--
-- Table structure for table `movimiento_stock`
--

DROP TABLE IF EXISTS `movimiento_stock`;
/*!40101 SET @saved_cs_client     = @@character_set_client */;
/*!50503 SET character_set_client = utf8mb4 */;
CREATE TABLE `movimiento_stock` (
  `id` int(11) NOT NULL AUTO_INCREMENT,
  `producto_id` int(11) NOT NULL,
  `tipo_movimiento` enum('entrada','salida','ajuste') NOT NULL,
  `cantidad` int(11) NOT NULL,
  `stock_anterior` int(11) NOT NULL,
  `stock_nuevo` int(11) NOT NULL,
  `motivo` varchar(100) DEFAULT NULL,
  `factura_id` int(11) DEFAULT NULL,
  `usuario_id` int(11) NOT NULL,
  `fecha` timestamp NOT NULL DEFAULT current_timestamp(),
  PRIMARY KEY (`id`),
  KEY `idx_producto` (`producto_id`),
  KEY `idx_fecha` (`fecha`),
  KEY `factura_id` (`factura_id`),
  KEY `usuario_id` (`usuario_id`),
  CONSTRAINT `movimiento_stock_ibfk_1` FOREIGN KEY (`producto_id`) REFERENCES `producto` (`id`),
  CONSTRAINT `movimiento_stock_ibfk_2` FOREIGN KEY (`factura_id`) REFERENCES `factura` (`id`),
  CONSTRAINT `movimiento_stock_ibfk_3` FOREIGN KEY (`usuario_id`) REFERENCES `usuario` (`id`)
) ENGINE=InnoDB DEFAULT CHARSET=utf8mb4 COLLATE=utf8mb4_unicode_ci;
/*!40101 SET character_set_client = @saved_cs_client */;

--
-- Dumping data for table `movimiento_stock`
--

LOCK TABLES `movimiento_stock` WRITE;
/*!40000 ALTER TABLE `movimiento_stock` DISABLE KEYS */;
/*!40000 ALTER TABLE `movimiento_stock` ENABLE KEYS */;
UNLOCK TABLES;

--
-- Table structure for table `movimientos_caja`
--

DROP TABLE IF EXISTS `movimientos_caja`;
/*!40101 SET @saved_cs_client     = @@character_set_client */;
/*!50503 SET character_set_client = utf8mb4 */;
CREATE TABLE `movimientos_caja` (
  `id` int(11) NOT NULL AUTO_INCREMENT,
  `caja_id` int(11) NOT NULL,
  `tipo` enum('ingreso','egreso') NOT NULL,
  `descripcion` varchar(255) NOT NULL,
  `monto` decimal(10,2) NOT NULL,
  `notas` text DEFAULT NULL,
  `fecha` datetime NOT NULL,
  `created_at` timestamp NOT NULL DEFAULT current_timestamp(),
  `usuario_id` int(11) NOT NULL DEFAULT 3,
  `punto_venta` int(11) NOT NULL DEFAULT 1,
  PRIMARY KEY (`id`),
  KEY `caja_id` (`caja_id`),
  KEY `fk_movimientos_usuario` (`usuario_id`),
  KEY `idx_movimientos_fecha` (`fecha`),
  KEY `idx_movimientos_tipo` (`tipo`),
  KEY `idx_movimientos_pv` (`punto_venta`),
  CONSTRAINT `fk_movimientos_usuario` FOREIGN KEY (`usuario_id`) REFERENCES `usuario` (`id`),
  CONSTRAINT `movimientos_caja_ibfk_1` FOREIGN KEY (`caja_id`) REFERENCES `cajas` (`id`)
) ENGINE=InnoDB AUTO_INCREMENT=61 DEFAULT CHARSET=utf8mb4 COLLATE=utf8mb4_unicode_ci;
/*!40101 SET character_set_client = @saved_cs_client */;

--
-- Dumping data for table `movimientos_caja`
--

LOCK TABLES `movimientos_caja` WRITE;
/*!40000 ALTER TABLE `movimientos_caja` DISABLE KEYS */;
INSERT INTO `movimientos_caja` VALUES (1,1,'ingreso','SALDO INICIAL',900000.00,'COMIENZO DE ACTIVIDAD EN SISTEMA','2026-06-01 10:15:01','2026-06-01 13:15:01',3,6),(2,1,'ingreso','TRANSFERENCIA',33155.00,'MILAGROS YAMILA GUTIERREZ 01-06','2026-06-01 10:37:08','2026-06-01 13:37:08',3,6),(3,1,'egreso','Pago proveedor: PEDRO BALESTRINO E HIJOS — R 0001-00000001',51134.64,'Pago a PEDRO BALESTRINO E HIJOS','2026-06-02 18:24:06','2026-06-02 21:24:06',3,6),(4,1,'ingreso','Cobro R00000009 — efectivo',32014.00,'Recibo R00000009','2026-06-07 19:57:47','2026-06-07 22:57:47',3,6),(5,1,'ingreso','Cobro R00000010 — efectivo',57348.00,'Recibo R00000010','2026-06-07 19:58:29','2026-06-07 22:58:29',3,6),(6,1,'ingreso','Cobro R00000017 — efectivo',36511.70,'Recibo R00000017','2026-06-07 20:21:29','2026-06-07 23:21:29',3,6),(7,1,'ingreso','Cobro R00000018 — efectivo',32095.80,'Recibo R00000018','2026-06-07 20:22:50','2026-06-07 23:22:50',3,6),(8,1,'ingreso','Cobro R00000019 — efectivo',64186.00,'Recibo R00000019','2026-06-07 20:24:55','2026-06-07 23:24:55',3,6),(9,1,'ingreso','Cobro R00000020 — efectivo',44450.00,'Recibo R00000020','2026-06-07 20:35:51','2026-06-07 23:35:51',3,6),(10,1,'ingreso','Cobro R00000021 — efectivo',26761.00,'Recibo R00000021','2026-06-07 20:36:34','2026-06-07 23:36:34',3,6),(11,1,'ingreso','Cobro R00000022 — efectivo',50000.00,'Recibo R00000022','2026-06-07 20:37:30','2026-06-07 23:37:30',3,6),(12,1,'ingreso','Cobro R00000023 — efectivo',28000.00,'Recibo R00000023','2026-06-07 20:38:12','2026-06-07 23:38:12',3,6),(13,1,'ingreso','Cobro R00000030 — efectivo',61500.00,'Recibo R00000030','2026-06-12 19:19:20','2026-06-12 22:19:20',3,6),(14,1,'ingreso','Cobro R00000031 — efectivo',47900.00,'Recibo R00000031','2026-06-12 19:22:24','2026-06-12 22:22:24',3,6),(15,1,'ingreso','Cobro R00000032 — efectivo',37700.00,'Recibo R00000032','2026-06-12 19:26:12','2026-06-12 22:26:12',3,6),(16,1,'ingreso','Cobro R00000033 — efectivo',136090.91,'Recibo R00000033','2026-06-12 19:27:05','2026-06-12 22:27:05',3,6),(17,1,'ingreso','Cobro R00000034 — efectivo',350000.00,'Recibo R00000034','2026-06-12 19:27:44','2026-06-12 22:27:44',3,6),(18,1,'ingreso','Cobro R00000042 — efectivo',20000.00,'Recibo R00000042','2026-06-12 19:53:53','2026-06-12 22:53:53',3,6),(19,1,'ingreso','Cobro R00000043 — efectivo',24050.00,'Recibo R00000043','2026-06-12 19:54:34','2026-06-12 22:54:34',3,6),(20,1,'ingreso','Cobro R00000044 — efectivo',80000.00,'Recibo R00000044','2026-06-12 19:55:13','2026-06-12 22:55:13',3,6),(21,1,'ingreso','Cobro R00000045 — efectivo',51187.06,'Recibo R00000045','2026-06-12 19:56:25','2026-06-12 22:56:25',3,6),(22,1,'ingreso','Cobro R00000048 — efectivo',30000.00,'Recibo R00000048','2026-06-12 20:18:25','2026-06-12 23:18:25',3,6),(23,1,'ingreso','Cobro R00000049 — efectivo',30000.00,'Recibo R00000049','2026-06-12 20:18:59','2026-06-12 23:18:59',3,6),(24,1,'ingreso','Cobro R00000050 — efectivo',40700.00,'Recibo R00000050','2026-06-12 20:20:03','2026-06-12 23:20:03',3,6),(25,1,'ingreso','Cobro R00000051 — efectivo',33155.00,'Recibo R00000051','2026-06-12 21:41:44','2026-06-13 00:41:44',3,6),(26,1,'ingreso','Cobro R00000053 — efectivo',26818.00,'Recibo R00000053','2026-06-12 22:20:38','2026-06-13 01:20:38',3,6),(27,1,'ingreso','Cobro R00000054 — efectivo',30000.00,'Recibo R00000054','2026-06-12 22:22:01','2026-06-13 01:22:01',3,6),(28,1,'ingreso','Cobro R00000055 — efectivo',71615.06,'Recibo R00000055','2026-06-12 22:27:34','2026-06-13 01:27:34',3,6),(29,1,'ingreso','Cobro R00000056 — efectivo',252679.66,'Recibo R00000056','2026-06-18 18:21:54','2026-06-18 21:21:54',3,6),(30,1,'ingreso','Cobro R00000057 — efectivo',30000.00,'Recibo R00000057','2026-06-18 18:53:50','2026-06-18 21:53:50',3,6),(31,1,'ingreso','Cobro R00000058 — efectivo',51832.91,'Recibo R00000058','2026-06-18 18:54:23','2026-06-18 21:54:23',3,6),(32,1,'ingreso','Cobro R00000059 — efectivo',32900.00,'Recibo R00000059','2026-06-18 18:55:34','2026-06-18 21:55:34',3,6),(33,1,'ingreso','Cobro R00000060 — efectivo',28103.30,'Recibo R00000060','2026-06-18 19:00:30','2026-06-18 22:00:30',3,6),(34,1,'ingreso','Cobro R00000061 — efectivo',160000.00,'Recibo R00000061','2026-06-18 19:01:03','2026-06-18 22:01:03',3,6),(35,1,'ingreso','Cobro R00000062 — efectivo',100000.00,'Recibo R00000062','2026-06-18 19:02:09','2026-06-18 22:02:09',3,6),(36,1,'ingreso','Cobro R00000063 — efectivo',87201.38,'Recibo R00000063','2026-06-18 19:02:36','2026-06-18 22:02:36',3,6),(37,1,'ingreso','Cobro R00000064 — efectivo',17700.26,'Recibo R00000064','2026-06-18 19:05:31','2026-06-18 22:05:31',3,6),(38,1,'ingreso','Cobro R00000065 — efectivo',121730.94,'Recibo R00000065','2026-06-18 19:05:56','2026-06-18 22:05:56',3,6),(39,1,'ingreso','Cobro R00000066 — efectivo',25000.00,'Recibo R00000066','2026-06-18 19:07:30','2026-06-18 22:07:30',3,6),(40,1,'ingreso','Cobro R00000067 — efectivo',26780.00,'Recibo R00000067','2026-06-18 19:07:55','2026-06-18 22:07:55',3,6),(41,1,'ingreso','Cobro R00000068 — efectivo',870000.00,'Recibo R00000068','2026-06-18 19:08:29','2026-06-18 22:08:29',3,6),(42,1,'ingreso','Cobro R00000069 — efectivo',150000.00,'Recibo R00000069','2026-06-18 19:09:45','2026-06-18 22:09:45',3,6),(43,1,'ingreso','Cobro R00000070 — efectivo',28000.00,'Recibo R00000070','2026-06-18 19:10:18','2026-06-18 22:10:18',3,6),(44,1,'ingreso','Cobro R00000071 — efectivo',50000.00,'Recibo R00000071','2026-06-19 19:14:35','2026-06-19 22:14:35',3,6),(45,1,'ingreso','Cobro R00000072 — efectivo',25400.00,'Recibo R00000072','2026-06-19 19:15:13','2026-06-19 22:15:13',3,6),(46,1,'ingreso','Cobro R00000073 — efectivo',14768.00,'Recibo R00000073','2026-06-19 19:15:39','2026-06-19 22:15:39',3,6),(47,1,'ingreso','Cobro R00000074 — efectivo',40000.00,'Recibo R00000074','2026-06-19 19:16:25','2026-06-19 22:16:25',3,6),(48,1,'ingreso','Cobro R00000075 — efectivo',50700.00,'Recibo R00000075','2026-06-19 19:17:21','2026-06-19 22:17:21',3,6),(49,1,'ingreso','Cobro R00000076 — efectivo',118922.29,'Recibo R00000076','2026-06-19 19:18:13','2026-06-19 22:18:13',3,6),(50,1,'ingreso','Cobro R00000077 — efectivo',133323.37,'Recibo R00000077','2026-06-19 19:20:42','2026-06-19 22:20:42',3,6),(51,1,'ingreso','Cobro R00000078 — efectivo',53941.40,'Recibo R00000078','2026-06-19 19:21:26','2026-06-19 22:21:26',3,6),(52,1,'ingreso','Cobro R00000079 — efectivo',43800.00,'Recibo R00000079','2026-06-19 19:23:14','2026-06-19 22:23:14',3,6),(53,1,'ingreso','Cobro R00000080 — efectivo',58608.70,'Recibo R00000080','2026-06-19 19:23:47','2026-06-19 22:23:47',3,6),(54,1,'ingreso','Cobro R00000081 — efectivo',23242.46,'Recibo R00000081','2026-06-19 19:24:55','2026-06-19 22:24:55',3,6),(55,1,'ingreso','Cobro R00000082 — efectivo',50000.00,'Recibo R00000082','2026-06-19 19:25:48','2026-06-19 22:25:48',3,6),(56,1,'ingreso','Cobro R00000083 — efectivo',111678.00,'Recibo R00000083','2026-06-19 19:26:34','2026-06-19 22:26:34',3,6),(57,1,'ingreso','Cobro R00000086 — efectivo',6400.00,'Recibo R00000086','2026-06-19 19:36:55','2026-06-19 22:36:55',3,6),(58,1,'ingreso','Cobro R00000095 — efectivo',85950.00,'Recibo R00000095','2026-06-22 10:33:19','2026-06-22 13:33:19',3,6),(59,1,'ingreso','Cobro R00000096 — efectivo',45000.00,'Recibo R00000096','2026-06-22 10:34:14','2026-06-22 13:34:14',3,6),(60,1,'egreso','ANULACIÓN: Cobro R00000086 — efectivo',6400.00,'Anulación recibo R00000086','2026-06-22 12:30:46','2026-06-22 15:30:46',3,6);
/*!40000 ALTER TABLE `movimientos_caja` ENABLE KEYS */;
UNLOCK TABLES;

--
-- Table structure for table `mp_config`
--

DROP TABLE IF EXISTS `mp_config`;
/*!40101 SET @saved_cs_client     = @@character_set_client */;
/*!50503 SET character_set_client = utf8mb4 */;
CREATE TABLE `mp_config` (
  `id` int(11) NOT NULL AUTO_INCREMENT,
  `access_token` varchar(255) NOT NULL,
  `public_key` varchar(255) DEFAULT NULL,
  `user_id_mp` varchar(50) DEFAULT NULL,
  `ambiente` enum('sandbox','prod') NOT NULL DEFAULT 'prod',
  `activo` tinyint(1) NOT NULL DEFAULT 1,
  `timeout_segundos` int(11) NOT NULL DEFAULT 300,
  `fecha_alta` datetime NOT NULL DEFAULT current_timestamp(),
  `fecha_modificacion` datetime NOT NULL DEFAULT current_timestamp() ON UPDATE current_timestamp(),
  PRIMARY KEY (`id`)
) ENGINE=InnoDB DEFAULT CHARSET=utf8mb4 COLLATE=utf8mb4_general_ci;
/*!40101 SET character_set_client = @saved_cs_client */;

--
-- Dumping data for table `mp_config`
--

LOCK TABLES `mp_config` WRITE;
/*!40000 ALTER TABLE `mp_config` DISABLE KEYS */;
/*!40000 ALTER TABLE `mp_config` ENABLE KEYS */;
UNLOCK TABLES;

--
-- Table structure for table `mp_pago`
--

DROP TABLE IF EXISTS `mp_pago`;
/*!40101 SET @saved_cs_client     = @@character_set_client */;
/*!50503 SET character_set_client = utf8mb4 */;
CREATE TABLE `mp_pago` (
  `id` int(11) NOT NULL AUTO_INCREMENT,
  `preference_id` varchar(100) DEFAULT NULL,
  `payment_id` varchar(100) DEFAULT NULL,
  `external_reference` varchar(80) NOT NULL,
  `monto` decimal(12,2) NOT NULL,
  `estado` enum('pending','approved','rejected','cancelled','expired') NOT NULL DEFAULT 'pending',
  `factura_id` int(11) DEFAULT NULL,
  `metodo_detalle` varchar(50) DEFAULT NULL,
  `qr_data` text DEFAULT NULL,
  `raw_response` longtext DEFAULT NULL,
  `fecha_creacion` datetime NOT NULL DEFAULT current_timestamp(),
  `fecha_aprobacion` datetime DEFAULT NULL,
  `fecha_actualizacion` datetime NOT NULL DEFAULT current_timestamp() ON UPDATE current_timestamp(),
  PRIMARY KEY (`id`),
  UNIQUE KEY `uk_mp_pago_external_ref` (`external_reference`),
  KEY `idx_mp_pago_estado` (`estado`),
  KEY `idx_mp_pago_fecha` (`fecha_creacion`),
  KEY `idx_mp_pago_factura` (`factura_id`),
  CONSTRAINT `fk_mp_pago_factura` FOREIGN KEY (`factura_id`) REFERENCES `factura` (`id`) ON DELETE SET NULL
) ENGINE=InnoDB DEFAULT CHARSET=utf8mb4 COLLATE=utf8mb4_general_ci;
/*!40101 SET character_set_client = @saved_cs_client */;

--
-- Dumping data for table `mp_pago`
--

LOCK TABLES `mp_pago` WRITE;
/*!40000 ALTER TABLE `mp_pago` DISABLE KEYS */;
/*!40000 ALTER TABLE `mp_pago` ENABLE KEYS */;
UNLOCK TABLES;

--
-- Table structure for table `nc_imputacion_compra`
--

DROP TABLE IF EXISTS `nc_imputacion_compra`;
/*!40101 SET @saved_cs_client     = @@character_set_client */;
/*!50503 SET character_set_client = utf8mb4 */;
CREATE TABLE `nc_imputacion_compra` (
  `id` int(11) NOT NULL AUTO_INCREMENT,
  `nc_id` int(11) NOT NULL,
  `factura_id` int(11) NOT NULL,
  `monto_imputado` decimal(12,2) NOT NULL,
  `fecha` datetime NOT NULL DEFAULT current_timestamp(),
  `usuario_id` int(11) DEFAULT NULL,
  `estado` enum('activa','revertida') NOT NULL DEFAULT 'activa',
  `fecha_reversion` datetime DEFAULT NULL,
  `usuario_reversion_id` int(11) DEFAULT NULL,
  `observaciones` text DEFAULT NULL,
  PRIMARY KEY (`id`),
  KEY `fk_nc_imp_compra_usuario` (`usuario_id`),
  KEY `idx_nc_imp_compra_nc` (`nc_id`),
  KEY `idx_nc_imp_compra_factura` (`factura_id`),
  KEY `idx_nc_imp_compra_estado` (`estado`),
  CONSTRAINT `fk_nc_imp_compra_factura` FOREIGN KEY (`factura_id`) REFERENCES `factura_compra` (`id`),
  CONSTRAINT `fk_nc_imp_compra_nc` FOREIGN KEY (`nc_id`) REFERENCES `factura_compra` (`id`),
  CONSTRAINT `fk_nc_imp_compra_usuario` FOREIGN KEY (`usuario_id`) REFERENCES `usuario` (`id`)
) ENGINE=InnoDB DEFAULT CHARSET=utf8mb4 COLLATE=utf8mb4_unicode_ci;
/*!40101 SET character_set_client = @saved_cs_client */;

--
-- Dumping data for table `nc_imputacion_compra`
--

LOCK TABLES `nc_imputacion_compra` WRITE;
/*!40000 ALTER TABLE `nc_imputacion_compra` DISABLE KEYS */;
/*!40000 ALTER TABLE `nc_imputacion_compra` ENABLE KEYS */;
UNLOCK TABLES;

--
-- Table structure for table `notas_credito`
--

DROP TABLE IF EXISTS `notas_credito`;
/*!40101 SET @saved_cs_client     = @@character_set_client */;
/*!50503 SET character_set_client = utf8mb4 */;
CREATE TABLE `notas_credito` (
  `id` int(11) NOT NULL AUTO_INCREMENT,
  `numero` varchar(50) DEFAULT NULL,
  `tipo_comprobante` varchar(10) DEFAULT NULL,
  `punto_venta` int(11) DEFAULT NULL,
  `fecha` datetime DEFAULT NULL,
  `factura_id` int(11) NOT NULL,
  `factura_numero` varchar(50) DEFAULT NULL,
  `cliente_id` int(11) DEFAULT NULL,
  `usuario_id` int(11) DEFAULT NULL,
  `subtotal` decimal(10,2) DEFAULT NULL,
  `iva` decimal(10,2) DEFAULT NULL,
  `total` decimal(10,2) DEFAULT NULL,
  `estado` varchar(20) DEFAULT NULL,
  `cae` varchar(50) DEFAULT NULL,
  `vto_cae` date DEFAULT NULL,
  `error_afip` text DEFAULT NULL,
  `motivo` varchar(500) DEFAULT NULL,
  `fecha_creacion` datetime DEFAULT NULL,
  `fecha_autorizacion` datetime DEFAULT NULL,
  PRIMARY KEY (`id`),
  UNIQUE KEY `uq_nc_tipo_pv_num` (`tipo_comprobante`,`punto_venta`,`numero`),
  KEY `factura_id` (`factura_id`),
  KEY `cliente_id` (`cliente_id`),
  KEY `usuario_id` (`usuario_id`),
  CONSTRAINT `notas_credito_ibfk_1` FOREIGN KEY (`factura_id`) REFERENCES `factura` (`id`),
  CONSTRAINT `notas_credito_ibfk_2` FOREIGN KEY (`cliente_id`) REFERENCES `cliente` (`id`),
  CONSTRAINT `notas_credito_ibfk_3` FOREIGN KEY (`usuario_id`) REFERENCES `usuario` (`id`)
) ENGINE=InnoDB AUTO_INCREMENT=3 DEFAULT CHARSET=utf8mb4 COLLATE=utf8mb4_unicode_ci;
/*!40101 SET character_set_client = @saved_cs_client */;

--
-- Dumping data for table `notas_credito`
--

LOCK TABLES `notas_credito` WRITE;
/*!40000 ALTER TABLE `notas_credito` DISABLE KEYS */;
INSERT INTO `notas_credito` VALUES (1,'0006-NCX0000001','99',6,'2026-06-18 20:11:38',92,'0006-X0000084',30,3,58553.30,12296.20,70849.50,'interno',NULL,NULL,NULL,'[NC INTERNA] Devolución de mercadería','2026-06-18 20:11:38',NULL),(2,'0006-NCX0000002','99',6,'2026-06-19 19:35:42',23,'0006-X0000018',4,3,5289.26,1110.74,6400.00,'interno',NULL,NULL,NULL,'[NC INTERNA] Devolución de mercadería','2026-06-19 19:35:42',NULL);
/*!40000 ALTER TABLE `notas_credito` ENABLE KEYS */;
UNLOCK TABLES;

--
-- Table structure for table `ofertas_volumen`
--

DROP TABLE IF EXISTS `ofertas_volumen`;
/*!40101 SET @saved_cs_client     = @@character_set_client */;
/*!50503 SET character_set_client = utf8mb4 */;
CREATE TABLE `ofertas_volumen` (
  `id` int(11) NOT NULL AUTO_INCREMENT,
  `producto_id` int(11) NOT NULL,
  `cantidad_minima` decimal(10,3) NOT NULL,
  `precio_oferta` decimal(10,2) NOT NULL,
  `descripcion` varchar(200) DEFAULT NULL,
  `activo` tinyint(1) DEFAULT 1,
  `fecha_creacion` datetime DEFAULT current_timestamp(),
  `fecha_modificacion` datetime DEFAULT current_timestamp() ON UPDATE current_timestamp(),
  PRIMARY KEY (`id`),
  KEY `producto_id` (`producto_id`),
  CONSTRAINT `ofertas_volumen_ibfk_1` FOREIGN KEY (`producto_id`) REFERENCES `producto` (`id`) ON DELETE CASCADE
) ENGINE=InnoDB DEFAULT CHARSET=utf8mb4 COLLATE=utf8mb4_unicode_ci;
/*!40101 SET character_set_client = @saved_cs_client */;

--
-- Dumping data for table `ofertas_volumen`
--

LOCK TABLES `ofertas_volumen` WRITE;
/*!40000 ALTER TABLE `ofertas_volumen` DISABLE KEYS */;
/*!40000 ALTER TABLE `ofertas_volumen` ENABLE KEYS */;
UNLOCK TABLES;

--
-- Table structure for table `orden_compra`
--

DROP TABLE IF EXISTS `orden_compra`;
/*!40101 SET @saved_cs_client     = @@character_set_client */;
/*!50503 SET character_set_client = utf8mb4 */;
CREATE TABLE `orden_compra` (
  `id` int(11) NOT NULL AUTO_INCREMENT,
  `numero` int(11) NOT NULL,
  `punto_venta` int(11) NOT NULL,
  `proveedor_id` int(11) NOT NULL,
  `fecha_emision` date NOT NULL,
  `fecha_entrega_estimada` date DEFAULT NULL,
  `estado` varchar(15) NOT NULL,
  `subtotal` decimal(12,2) NOT NULL,
  `iva` decimal(12,2) NOT NULL,
  `total` decimal(12,2) NOT NULL,
  `observaciones` text DEFAULT NULL,
  `condiciones_pago` varchar(200) DEFAULT NULL,
  `factura_compra_id` int(11) DEFAULT NULL,
  `motivo_cancelacion` varchar(200) DEFAULT NULL,
  `usuario_id` int(11) DEFAULT NULL,
  `fecha_creacion` datetime DEFAULT NULL,
  `fecha_modificacion` datetime DEFAULT NULL,
  PRIMARY KEY (`id`),
  KEY `proveedor_id` (`proveedor_id`),
  KEY `factura_compra_id` (`factura_compra_id`),
  KEY `usuario_id` (`usuario_id`),
  CONSTRAINT `orden_compra_ibfk_1` FOREIGN KEY (`proveedor_id`) REFERENCES `proveedor` (`id`),
  CONSTRAINT `orden_compra_ibfk_2` FOREIGN KEY (`factura_compra_id`) REFERENCES `factura_compra` (`id`),
  CONSTRAINT `orden_compra_ibfk_3` FOREIGN KEY (`usuario_id`) REFERENCES `usuario` (`id`)
) ENGINE=InnoDB DEFAULT CHARSET=utf8mb4 COLLATE=utf8mb4_general_ci;
/*!40101 SET character_set_client = @saved_cs_client */;

--
-- Dumping data for table `orden_compra`
--

LOCK TABLES `orden_compra` WRITE;
/*!40000 ALTER TABLE `orden_compra` DISABLE KEYS */;
/*!40000 ALTER TABLE `orden_compra` ENABLE KEYS */;
UNLOCK TABLES;

--
-- Table structure for table `orden_compra_detalle`
--

DROP TABLE IF EXISTS `orden_compra_detalle`;
/*!40101 SET @saved_cs_client     = @@character_set_client */;
/*!50503 SET character_set_client = utf8mb4 */;
CREATE TABLE `orden_compra_detalle` (
  `id` int(11) NOT NULL AUTO_INCREMENT,
  `oc_id` int(11) NOT NULL,
  `producto_id` int(11) NOT NULL,
  `cantidad_pedida` decimal(12,3) NOT NULL,
  `cantidad_recibida` decimal(12,3) NOT NULL,
  `precio_unitario` decimal(12,2) NOT NULL,
  `subtotal` decimal(12,2) NOT NULL,
  `observaciones` varchar(200) DEFAULT NULL,
  PRIMARY KEY (`id`),
  KEY `oc_id` (`oc_id`),
  KEY `producto_id` (`producto_id`),
  CONSTRAINT `orden_compra_detalle_ibfk_1` FOREIGN KEY (`oc_id`) REFERENCES `orden_compra` (`id`),
  CONSTRAINT `orden_compra_detalle_ibfk_2` FOREIGN KEY (`producto_id`) REFERENCES `producto` (`id`)
) ENGINE=InnoDB DEFAULT CHARSET=utf8mb4 COLLATE=utf8mb4_general_ci;
/*!40101 SET character_set_client = @saved_cs_client */;

--
-- Dumping data for table `orden_compra_detalle`
--

LOCK TABLES `orden_compra_detalle` WRITE;
/*!40000 ALTER TABLE `orden_compra_detalle` DISABLE KEYS */;
/*!40000 ALTER TABLE `orden_compra_detalle` ENABLE KEYS */;
UNLOCK TABLES;

--
-- Table structure for table `orden_compra_numerador`
--

DROP TABLE IF EXISTS `orden_compra_numerador`;
/*!40101 SET @saved_cs_client     = @@character_set_client */;
/*!50503 SET character_set_client = utf8mb4 */;
CREATE TABLE `orden_compra_numerador` (
  `id` int(11) NOT NULL AUTO_INCREMENT,
  `punto_venta` int(11) NOT NULL,
  `ultimo_numero` int(11) NOT NULL,
  PRIMARY KEY (`id`),
  UNIQUE KEY `punto_venta` (`punto_venta`)
) ENGINE=InnoDB DEFAULT CHARSET=utf8mb4 COLLATE=utf8mb4_general_ci;
/*!40101 SET character_set_client = @saved_cs_client */;

--
-- Dumping data for table `orden_compra_numerador`
--

LOCK TABLES `orden_compra_numerador` WRITE;
/*!40000 ALTER TABLE `orden_compra_numerador` DISABLE KEYS */;
/*!40000 ALTER TABLE `orden_compra_numerador` ENABLE KEYS */;
UNLOCK TABLES;

--
-- Table structure for table `orden_compra_recepcion`
--

DROP TABLE IF EXISTS `orden_compra_recepcion`;
/*!40101 SET @saved_cs_client     = @@character_set_client */;
/*!50503 SET character_set_client = utf8mb4 */;
CREATE TABLE `orden_compra_recepcion` (
  `id` int(11) NOT NULL AUTO_INCREMENT,
  `oc_id` int(11) NOT NULL,
  `fecha` date NOT NULL,
  `nro_remito` varchar(30) DEFAULT NULL,
  `observaciones` text DEFAULT NULL,
  `usuario_id` int(11) DEFAULT NULL,
  `fecha_creacion` datetime DEFAULT NULL,
  PRIMARY KEY (`id`),
  KEY `oc_id` (`oc_id`),
  KEY `usuario_id` (`usuario_id`),
  CONSTRAINT `orden_compra_recepcion_ibfk_1` FOREIGN KEY (`oc_id`) REFERENCES `orden_compra` (`id`),
  CONSTRAINT `orden_compra_recepcion_ibfk_2` FOREIGN KEY (`usuario_id`) REFERENCES `usuario` (`id`)
) ENGINE=InnoDB DEFAULT CHARSET=utf8mb4 COLLATE=utf8mb4_general_ci;
/*!40101 SET character_set_client = @saved_cs_client */;

--
-- Dumping data for table `orden_compra_recepcion`
--

LOCK TABLES `orden_compra_recepcion` WRITE;
/*!40000 ALTER TABLE `orden_compra_recepcion` DISABLE KEYS */;
/*!40000 ALTER TABLE `orden_compra_recepcion` ENABLE KEYS */;
UNLOCK TABLES;

--
-- Table structure for table `orden_compra_recepcion_detalle`
--

DROP TABLE IF EXISTS `orden_compra_recepcion_detalle`;
/*!40101 SET @saved_cs_client     = @@character_set_client */;
/*!50503 SET character_set_client = utf8mb4 */;
CREATE TABLE `orden_compra_recepcion_detalle` (
  `id` int(11) NOT NULL AUTO_INCREMENT,
  `recepcion_id` int(11) NOT NULL,
  `oc_detalle_id` int(11) NOT NULL,
  `producto_id` int(11) NOT NULL,
  `cantidad_recibida` decimal(12,3) NOT NULL,
  `observaciones` varchar(200) DEFAULT NULL,
  PRIMARY KEY (`id`),
  KEY `recepcion_id` (`recepcion_id`),
  KEY `oc_detalle_id` (`oc_detalle_id`),
  KEY `producto_id` (`producto_id`),
  CONSTRAINT `orden_compra_recepcion_detalle_ibfk_1` FOREIGN KEY (`recepcion_id`) REFERENCES `orden_compra_recepcion` (`id`),
  CONSTRAINT `orden_compra_recepcion_detalle_ibfk_2` FOREIGN KEY (`oc_detalle_id`) REFERENCES `orden_compra_detalle` (`id`),
  CONSTRAINT `orden_compra_recepcion_detalle_ibfk_3` FOREIGN KEY (`producto_id`) REFERENCES `producto` (`id`)
) ENGINE=InnoDB DEFAULT CHARSET=utf8mb4 COLLATE=utf8mb4_general_ci;
/*!40101 SET character_set_client = @saved_cs_client */;

--
-- Dumping data for table `orden_compra_recepcion_detalle`
--

LOCK TABLES `orden_compra_recepcion_detalle` WRITE;
/*!40000 ALTER TABLE `orden_compra_recepcion_detalle` DISABLE KEYS */;
/*!40000 ALTER TABLE `orden_compra_recepcion_detalle` ENABLE KEYS */;
UNLOCK TABLES;

--
-- Table structure for table `pago_imputacion`
--

DROP TABLE IF EXISTS `pago_imputacion`;
/*!40101 SET @saved_cs_client     = @@character_set_client */;
/*!50503 SET character_set_client = utf8mb4 */;
CREATE TABLE `pago_imputacion` (
  `id` int(11) NOT NULL AUTO_INCREMENT,
  `pago_id` int(11) NOT NULL,
  `factura_id` int(11) NOT NULL,
  `monto_imputado` decimal(12,2) NOT NULL,
  `fecha` datetime NOT NULL DEFAULT current_timestamp(),
  `usuario_id` int(11) DEFAULT NULL,
  `estado` enum('activa','revertida') NOT NULL DEFAULT 'activa',
  `fecha_reversion` datetime DEFAULT NULL,
  `usuario_reversion_id` int(11) DEFAULT NULL,
  `observaciones` text DEFAULT NULL,
  PRIMARY KEY (`id`),
  KEY `fk_pago_imp_usuario` (`usuario_id`),
  KEY `idx_pago_imp_pago` (`pago_id`),
  KEY `idx_pago_imp_factura` (`factura_id`),
  KEY `idx_pago_imp_estado` (`estado`),
  CONSTRAINT `fk_pago_imp_factura` FOREIGN KEY (`factura_id`) REFERENCES `cta_cte_movimiento` (`id`),
  CONSTRAINT `fk_pago_imp_pago` FOREIGN KEY (`pago_id`) REFERENCES `cta_cte_movimiento` (`id`),
  CONSTRAINT `fk_pago_imp_usuario` FOREIGN KEY (`usuario_id`) REFERENCES `usuario` (`id`)
) ENGINE=InnoDB DEFAULT CHARSET=utf8mb4 COLLATE=utf8mb4_unicode_ci;
/*!40101 SET character_set_client = @saved_cs_client */;

--
-- Dumping data for table `pago_imputacion`
--

LOCK TABLES `pago_imputacion` WRITE;
/*!40000 ALTER TABLE `pago_imputacion` DISABLE KEYS */;
/*!40000 ALTER TABLE `pago_imputacion` ENABLE KEYS */;
UNLOCK TABLES;

--
-- Table structure for table `pago_proveedor`
--

DROP TABLE IF EXISTS `pago_proveedor`;
/*!40101 SET @saved_cs_client     = @@character_set_client */;
/*!50503 SET character_set_client = utf8mb4 */;
CREATE TABLE `pago_proveedor` (
  `id` int(11) NOT NULL AUTO_INCREMENT,
  `proveedor_id` int(11) NOT NULL,
  `fecha` date NOT NULL,
  `importe` decimal(12,2) NOT NULL,
  `numero_recibo` int(11) NOT NULL DEFAULT 0,
  `punto_venta_recibo` int(11) NOT NULL DEFAULT 1,
  `estado` varchar(15) NOT NULL DEFAULT 'activo' COMMENT 'activo/anulado',
  `forma_pago` varchar(30) NOT NULL DEFAULT 'efectivo' COMMENT 'efectivo, transferencia, cheque, otro',
  `referencia` varchar(100) DEFAULT NULL COMMENT 'N° cheque, N° transferencia, etc.',
  `observaciones` text DEFAULT NULL,
  `usuario_id` int(11) DEFAULT NULL,
  `fecha_creacion` datetime NOT NULL DEFAULT current_timestamp(),
  PRIMARY KEY (`id`),
  UNIQUE KEY `uq_pp_num` (`punto_venta_recibo`,`numero_recibo`,`estado`),
  KEY `fk_pp_proveedor` (`proveedor_id`),
  KEY `fk_pp_usuario` (`usuario_id`),
  KEY `idx_pp_estado` (`estado`),
  CONSTRAINT `fk_pp_proveedor` FOREIGN KEY (`proveedor_id`) REFERENCES `proveedor` (`id`),
  CONSTRAINT `fk_pp_usuario` FOREIGN KEY (`usuario_id`) REFERENCES `usuario` (`id`)
) ENGINE=InnoDB AUTO_INCREMENT=3 DEFAULT CHARSET=utf8mb4 COLLATE=utf8mb4_general_ci;
/*!40101 SET character_set_client = @saved_cs_client */;

--
-- Dumping data for table `pago_proveedor`
--

LOCK TABLES `pago_proveedor` WRITE;
/*!40000 ALTER TABLE `pago_proveedor` DISABLE KEYS */;
INSERT INTO `pago_proveedor` VALUES (1,2,'2026-06-02',51134.64,1,1,'activo','Efectivo',NULL,NULL,3,'2026-06-02 18:24:06'),(2,3,'2026-06-24',400198.93,2,1,'activo','Transferencia',NULL,'se le trasfirio a veronica soledad vignoli 390800',3,'2026-06-24 10:44:05');
/*!40000 ALTER TABLE `pago_proveedor` ENABLE KEYS */;
UNLOCK TABLES;

--
-- Table structure for table `pago_proveedor_detalle`
--

DROP TABLE IF EXISTS `pago_proveedor_detalle`;
/*!40101 SET @saved_cs_client     = @@character_set_client */;
/*!50503 SET character_set_client = utf8mb4 */;
CREATE TABLE `pago_proveedor_detalle` (
  `id` int(11) NOT NULL AUTO_INCREMENT,
  `pago_id` int(11) NOT NULL,
  `factura_id` int(11) NOT NULL,
  `monto_imputado` decimal(12,2) NOT NULL DEFAULT 0.00,
  PRIMARY KEY (`id`),
  KEY `idx_pp_det_pago` (`pago_id`),
  KEY `idx_pp_det_fact` (`factura_id`),
  CONSTRAINT `fk_pp_det_fact` FOREIGN KEY (`factura_id`) REFERENCES `factura_compra` (`id`) ON UPDATE CASCADE,
  CONSTRAINT `fk_pp_det_pago` FOREIGN KEY (`pago_id`) REFERENCES `pago_proveedor` (`id`) ON DELETE CASCADE ON UPDATE CASCADE
) ENGINE=InnoDB AUTO_INCREMENT=3 DEFAULT CHARSET=utf8mb4 COLLATE=utf8mb4_general_ci;
/*!40101 SET character_set_client = @saved_cs_client */;

--
-- Dumping data for table `pago_proveedor_detalle`
--

LOCK TABLES `pago_proveedor_detalle` WRITE;
/*!40000 ALTER TABLE `pago_proveedor_detalle` DISABLE KEYS */;
INSERT INTO `pago_proveedor_detalle` VALUES (1,1,2,51134.64),(2,2,4,400198.93);
/*!40000 ALTER TABLE `pago_proveedor_detalle` ENABLE KEYS */;
UNLOCK TABLES;

--
-- Table structure for table `pago_proveedor_medio`
--

DROP TABLE IF EXISTS `pago_proveedor_medio`;
/*!40101 SET @saved_cs_client     = @@character_set_client */;
/*!50503 SET character_set_client = utf8mb4 */;
CREATE TABLE `pago_proveedor_medio` (
  `id` int(11) NOT NULL AUTO_INCREMENT,
  `pago_id` int(11) NOT NULL,
  `medio` varchar(20) NOT NULL COMMENT 'efectivo/transferencia/cheque_propio/cheque_tercero/otro',
  `monto` decimal(12,2) NOT NULL DEFAULT 0.00,
  `cheque_propio_id` int(11) DEFAULT NULL,
  `cheque_tercero_id` int(11) DEFAULT NULL,
  `banco_destino` varchar(50) DEFAULT NULL,
  `cbu_destino` varchar(22) DEFAULT NULL,
  `observaciones` varchar(200) DEFAULT NULL,
  PRIMARY KEY (`id`),
  KEY `idx_pp_medio_pago` (`pago_id`),
  KEY `idx_pp_medio_chp` (`cheque_propio_id`),
  KEY `idx_pp_medio_cht` (`cheque_tercero_id`),
  CONSTRAINT `fk_pp_medio_chp` FOREIGN KEY (`cheque_propio_id`) REFERENCES `cheque_propio` (`id`) ON DELETE SET NULL ON UPDATE CASCADE,
  CONSTRAINT `fk_pp_medio_cht` FOREIGN KEY (`cheque_tercero_id`) REFERENCES `cheque_tercero` (`id`) ON DELETE SET NULL ON UPDATE CASCADE,
  CONSTRAINT `fk_pp_medio_pago` FOREIGN KEY (`pago_id`) REFERENCES `pago_proveedor` (`id`) ON DELETE CASCADE ON UPDATE CASCADE
) ENGINE=InnoDB AUTO_INCREMENT=3 DEFAULT CHARSET=utf8mb4 COLLATE=utf8mb4_general_ci;
/*!40101 SET character_set_client = @saved_cs_client */;

--
-- Dumping data for table `pago_proveedor_medio`
--

LOCK TABLES `pago_proveedor_medio` WRITE;
/*!40000 ALTER TABLE `pago_proveedor_medio` DISABLE KEYS */;
INSERT INTO `pago_proveedor_medio` VALUES (1,1,'efectivo',51134.64,NULL,NULL,NULL,NULL,NULL),(2,2,'transferencia',400198.93,NULL,NULL,'mercado pago',NULL,NULL);
/*!40000 ALTER TABLE `pago_proveedor_medio` ENABLE KEYS */;
UNLOCK TABLES;

--
-- Table structure for table `pago_proveedor_numerador`
--

DROP TABLE IF EXISTS `pago_proveedor_numerador`;
/*!40101 SET @saved_cs_client     = @@character_set_client */;
/*!50503 SET character_set_client = utf8mb4 */;
CREATE TABLE `pago_proveedor_numerador` (
  `id` int(11) NOT NULL AUTO_INCREMENT,
  `punto_venta` int(11) NOT NULL DEFAULT 1,
  `ultimo_numero` int(11) NOT NULL DEFAULT 0,
  PRIMARY KEY (`id`),
  UNIQUE KEY `uq_pp_num_pv` (`punto_venta`)
) ENGINE=InnoDB AUTO_INCREMENT=2 DEFAULT CHARSET=utf8mb4 COLLATE=utf8mb4_general_ci;
/*!40101 SET character_set_client = @saved_cs_client */;

--
-- Dumping data for table `pago_proveedor_numerador`
--

LOCK TABLES `pago_proveedor_numerador` WRITE;
/*!40000 ALTER TABLE `pago_proveedor_numerador` DISABLE KEYS */;
INSERT INTO `pago_proveedor_numerador` VALUES (1,1,2);
/*!40000 ALTER TABLE `pago_proveedor_numerador` ENABLE KEYS */;
UNLOCK TABLES;

--
-- Table structure for table `pedido`
--

DROP TABLE IF EXISTS `pedido`;
/*!40101 SET @saved_cs_client     = @@character_set_client */;
/*!50503 SET character_set_client = utf8mb4 */;
CREATE TABLE `pedido` (
  `id` int(11) NOT NULL AUTO_INCREMENT,
  `cliente_id` int(11) NOT NULL,
  `fecha` datetime DEFAULT current_timestamp(),
  `estado` enum('pendiente','preparando','cotizado','aceptado','listo','facturado','remitado','rechazado','cancelado') DEFAULT 'pendiente',
  `subtotal` decimal(12,2) DEFAULT 0.00,
  `iva` decimal(12,2) DEFAULT 0.00,
  `total` decimal(12,2) DEFAULT 0.00,
  `notas` text DEFAULT NULL,
  `factura_id` int(11) DEFAULT NULL,
  `fecha_actualizacion` datetime DEFAULT current_timestamp() ON UPDATE current_timestamp(),
  `tipo_entrega` varchar(20) DEFAULT 'retiro',
  `zona_id` int(11) DEFAULT NULL COMMENT 'Zona de reparto (heredada del cliente)',
  `en_reparto_fecha` date DEFAULT NULL COMMENT 'Fecha asignada al reparto',
  `orden_reparto_manual` int(11) DEFAULT NULL COMMENT 'Orden manual drag-and-drop',
  `remito_id` int(11) DEFAULT NULL,
  PRIMARY KEY (`id`),
  KEY `cliente_id` (`cliente_id`),
  KEY `factura_id` (`factura_id`),
  KEY `idx_pedido_reparto` (`en_reparto_fecha`,`orden_reparto_manual`),
  KEY `fk_pedido_zona` (`zona_id`),
  KEY `fk_pedido_remito` (`remito_id`),
  CONSTRAINT `fk_pedido_remito` FOREIGN KEY (`remito_id`) REFERENCES `remito` (`id`) ON DELETE SET NULL,
  CONSTRAINT `fk_pedido_zona` FOREIGN KEY (`zona_id`) REFERENCES `zona` (`id`) ON DELETE SET NULL,
  CONSTRAINT `fk_pedido_zona_rep` FOREIGN KEY (`zona_id`) REFERENCES `zona` (`id`) ON DELETE SET NULL,
  CONSTRAINT `pedido_ibfk_1` FOREIGN KEY (`cliente_id`) REFERENCES `cliente` (`id`),
  CONSTRAINT `pedido_ibfk_2` FOREIGN KEY (`factura_id`) REFERENCES `factura` (`id`)
) ENGINE=InnoDB AUTO_INCREMENT=4 DEFAULT CHARSET=utf8mb4 COLLATE=utf8mb4_unicode_ci;
/*!40101 SET character_set_client = @saved_cs_client */;

--
-- Dumping data for table `pedido`
--

LOCK TABLES `pedido` WRITE;
/*!40000 ALTER TABLE `pedido` DISABLE KEYS */;
INSERT INTO `pedido` VALUES (1,46,'2026-06-08 14:49:25','cotizado',113674.55,23871.65,137546.20,'',NULL,'2026-06-08 14:54:18','retiro',NULL,NULL,NULL,NULL),(2,52,'2026-06-19 20:10:17','listo',21020.10,4414.22,25434.32,'Horario de comercio',NULL,'2026-06-19 20:15:22','envio',NULL,NULL,NULL,1),(3,52,'2026-06-19 20:15:44','cotizado',28295.29,5942.01,34237.30,'',NULL,'2026-06-19 20:16:01','retiro',NULL,NULL,NULL,NULL);
/*!40000 ALTER TABLE `pedido` ENABLE KEYS */;
UNLOCK TABLES;

--
-- Table structure for table `pedido_detalle`
--

DROP TABLE IF EXISTS `pedido_detalle`;
/*!40101 SET @saved_cs_client     = @@character_set_client */;
/*!50503 SET character_set_client = utf8mb4 */;
CREATE TABLE `pedido_detalle` (
  `id` int(11) NOT NULL AUTO_INCREMENT,
  `pedido_id` int(11) NOT NULL,
  `producto_id` int(11) NOT NULL,
  `cantidad` decimal(10,3) NOT NULL,
  `precio_unitario` decimal(12,2) NOT NULL,
  `subtotal` decimal(12,2) NOT NULL,
  `lista_precio` int(11) DEFAULT 1,
  PRIMARY KEY (`id`),
  KEY `pedido_id` (`pedido_id`),
  KEY `producto_id` (`producto_id`),
  CONSTRAINT `pedido_detalle_ibfk_1` FOREIGN KEY (`pedido_id`) REFERENCES `pedido` (`id`) ON DELETE CASCADE,
  CONSTRAINT `pedido_detalle_ibfk_2` FOREIGN KEY (`producto_id`) REFERENCES `producto` (`id`)
) ENGINE=InnoDB AUTO_INCREMENT=12 DEFAULT CHARSET=utf8mb4 COLLATE=utf8mb4_unicode_ci;
/*!40101 SET character_set_client = @saved_cs_client */;

--
-- Dumping data for table `pedido_detalle`
--

LOCK TABLES `pedido_detalle` WRITE;
/*!40000 ALTER TABLE `pedido_detalle` DISABLE KEYS */;
INSERT INTO `pedido_detalle` VALUES (1,1,9,10.000,12600.30,126003.00,1),(2,1,122,10.000,1154.32,11543.20,1),(3,2,163,2.000,1190.80,2381.60,1),(4,2,37,1.000,3848.00,3848.00,1),(5,2,40,1.000,6474.00,6474.00,1),(6,2,114,10.000,831.65,8316.50,1),(7,3,163,7.000,1190.80,8335.60,1),(8,3,164,11.000,1190.80,13098.80,1),(9,3,37,1.000,3848.00,3848.00,1),(10,3,91,5.000,379.18,1895.90,1),(11,3,64,1.000,7059.00,7059.00,1);
/*!40000 ALTER TABLE `pedido_detalle` ENABLE KEYS */;
UNLOCK TABLES;

--
-- Table structure for table `pedido_detalle_peso`
--

DROP TABLE IF EXISTS `pedido_detalle_peso`;
/*!40101 SET @saved_cs_client     = @@character_set_client */;
/*!50503 SET character_set_client = utf8mb4 */;
CREATE TABLE `pedido_detalle_peso` (
  `id` int(11) NOT NULL AUTO_INCREMENT,
  `pedido_detalle_id` int(11) NOT NULL,
  `numero_unidad` int(11) NOT NULL,
  `peso` decimal(10,3) NOT NULL DEFAULT 0.000,
  `subtotal` decimal(10,2) NOT NULL DEFAULT 0.00,
  `fecha_creacion` timestamp NOT NULL DEFAULT current_timestamp(),
  PRIMARY KEY (`id`),
  UNIQUE KEY `uk_detalle_unidad` (`pedido_detalle_id`,`numero_unidad`),
  KEY `idx_pedido_detalle` (`pedido_detalle_id`),
  CONSTRAINT `pedido_detalle_peso_ibfk_1` FOREIGN KEY (`pedido_detalle_id`) REFERENCES `pedido_detalle` (`id`) ON DELETE CASCADE
) ENGINE=InnoDB DEFAULT CHARSET=utf8mb4 COLLATE=utf8mb4_unicode_ci;
/*!40101 SET character_set_client = @saved_cs_client */;

--
-- Dumping data for table `pedido_detalle_peso`
--

LOCK TABLES `pedido_detalle_peso` WRITE;
/*!40000 ALTER TABLE `pedido_detalle_peso` DISABLE KEYS */;
/*!40000 ALTER TABLE `pedido_detalle_peso` ENABLE KEYS */;
UNLOCK TABLES;

--
-- Table structure for table `presupuesto`
--

DROP TABLE IF EXISTS `presupuesto`;
/*!40101 SET @saved_cs_client     = @@character_set_client */;
/*!50503 SET character_set_client = utf8mb4 */;
CREATE TABLE `presupuesto` (
  `id` int(11) NOT NULL AUTO_INCREMENT,
  `punto_venta` int(11) NOT NULL DEFAULT 1,
  `numero_secuencial` int(11) NOT NULL,
  `numero_completo` varchar(30) NOT NULL,
  `fecha_emision` date NOT NULL,
  `fecha_validez` date NOT NULL,
  `validez_dias` int(11) NOT NULL DEFAULT 15,
  `cliente_id` int(11) NOT NULL,
  `subtotal` decimal(12,2) NOT NULL DEFAULT 0.00,
  `iva` decimal(12,2) NOT NULL DEFAULT 0.00,
  `total` decimal(12,2) NOT NULL DEFAULT 0.00,
  `estado` varchar(20) NOT NULL DEFAULT 'borrador',
  `factura_id` int(11) DEFAULT NULL,
  `fecha_conversion` datetime DEFAULT NULL,
  `observaciones` text DEFAULT NULL,
  `usuario_creacion` varchar(100) DEFAULT NULL,
  `created_at` datetime NOT NULL DEFAULT current_timestamp(),
  `updated_at` datetime NOT NULL DEFAULT current_timestamp() ON UPDATE current_timestamp(),
  PRIMARY KEY (`id`),
  UNIQUE KEY `uq_presupuesto_numero_ff` (`punto_venta`,`numero_secuencial`),
  KEY `idx_presupuesto_fecha_ff` (`fecha_emision`),
  KEY `idx_presupuesto_cliente_ff` (`cliente_id`),
  KEY `idx_presupuesto_estado_ff` (`estado`),
  KEY `idx_presupuesto_validez_ff` (`fecha_validez`),
  KEY `fk_presupuesto_factura_ff` (`factura_id`),
  CONSTRAINT `fk_presupuesto_cliente_ff` FOREIGN KEY (`cliente_id`) REFERENCES `cliente` (`id`) ON UPDATE CASCADE,
  CONSTRAINT `fk_presupuesto_factura_ff` FOREIGN KEY (`factura_id`) REFERENCES `factura` (`id`) ON DELETE SET NULL ON UPDATE CASCADE,
  CONSTRAINT `chk_presupuesto_estado_ff` CHECK (`estado` in ('borrador','enviado','aceptado','rechazado','convertido','vencido'))
) ENGINE=InnoDB DEFAULT CHARSET=utf8mb4 COLLATE=utf8mb4_unicode_ci;
/*!40101 SET character_set_client = @saved_cs_client */;

--
-- Dumping data for table `presupuesto`
--

LOCK TABLES `presupuesto` WRITE;
/*!40000 ALTER TABLE `presupuesto` DISABLE KEYS */;
/*!40000 ALTER TABLE `presupuesto` ENABLE KEYS */;
UNLOCK TABLES;

--
-- Table structure for table `presupuesto_detalle`
--

DROP TABLE IF EXISTS `presupuesto_detalle`;
/*!40101 SET @saved_cs_client     = @@character_set_client */;
/*!50503 SET character_set_client = utf8mb4 */;
CREATE TABLE `presupuesto_detalle` (
  `id` int(11) NOT NULL AUTO_INCREMENT,
  `presupuesto_id` int(11) NOT NULL,
  `producto_id` int(11) DEFAULT NULL,
  `codigo_producto` varchar(50) DEFAULT NULL,
  `descripcion` varchar(255) NOT NULL,
  `cantidad` decimal(10,3) NOT NULL DEFAULT 1.000,
  `precio_unitario` decimal(12,2) NOT NULL DEFAULT 0.00,
  `iva_alicuota` decimal(5,2) NOT NULL DEFAULT 21.00,
  `subtotal` decimal(12,2) NOT NULL DEFAULT 0.00,
  `es_pesable` tinyint(1) NOT NULL DEFAULT 0,
  `orden` int(11) NOT NULL DEFAULT 0,
  PRIMARY KEY (`id`),
  KEY `idx_presudet_presu_ff` (`presupuesto_id`),
  KEY `idx_presudet_producto_ff` (`producto_id`),
  CONSTRAINT `fk_presudet_presupuesto_ff` FOREIGN KEY (`presupuesto_id`) REFERENCES `presupuesto` (`id`) ON DELETE CASCADE ON UPDATE CASCADE,
  CONSTRAINT `fk_presudet_producto_ff` FOREIGN KEY (`producto_id`) REFERENCES `producto` (`id`) ON DELETE SET NULL ON UPDATE CASCADE
) ENGINE=InnoDB DEFAULT CHARSET=utf8mb4 COLLATE=utf8mb4_unicode_ci;
/*!40101 SET character_set_client = @saved_cs_client */;

--
-- Dumping data for table `presupuesto_detalle`
--

LOCK TABLES `presupuesto_detalle` WRITE;
/*!40000 ALTER TABLE `presupuesto_detalle` DISABLE KEYS */;
/*!40000 ALTER TABLE `presupuesto_detalle` ENABLE KEYS */;
UNLOCK TABLES;

--
-- Table structure for table `producto`
--

DROP TABLE IF EXISTS `producto`;
/*!40101 SET @saved_cs_client     = @@character_set_client */;
/*!50503 SET character_set_client = utf8mb4 */;
CREATE TABLE `producto` (
  `id` int(11) NOT NULL AUTO_INCREMENT,
  `codigo` varchar(50) NOT NULL,
  `nombre` varchar(200) NOT NULL,
  `descripcion` text DEFAULT NULL,
  `precio` decimal(10,2) NOT NULL,
  `stock` decimal(10,3) DEFAULT 0.000,
  `stock_minimo` decimal(10,3) DEFAULT 0.000,
  `categoria` varchar(100) DEFAULT NULL,
  `iva` decimal(5,2) DEFAULT 21.00,
  `activo` tinyint(1) DEFAULT 1,
  `fecha_creacion` timestamp NOT NULL DEFAULT current_timestamp(),
  `fecha_modificacion` timestamp NOT NULL DEFAULT current_timestamp() ON UPDATE current_timestamp(),
  `costo` decimal(10,2) DEFAULT 0.00,
  `margen` decimal(10,2) DEFAULT 0.00,
  `es_combo` tinyint(1) DEFAULT 0,
  `producto_base_id` int(11) DEFAULT NULL,
  `cantidad_combo` decimal(8,3) DEFAULT 1.000,
  `precio_unitario_base` decimal(10,2) DEFAULT NULL,
  `descuento_porcentaje` decimal(5,2) DEFAULT 0.00,
  `acceso_rapido` tinyint(1) DEFAULT 0,
  `orden_acceso_rapido` int(11) DEFAULT 0,
  `tiene_ofertas_volumen` tinyint(1) DEFAULT 0,
  `producto_base_2_id` int(11) DEFAULT NULL,
  `cantidad_combo_2` decimal(10,3) DEFAULT 0.000,
  `producto_base_3_id` int(11) DEFAULT NULL,
  `cantidad_combo_3` decimal(10,3) DEFAULT 0.000,
  `margen2` decimal(5,2) DEFAULT NULL,
  `margen3` decimal(5,2) DEFAULT NULL,
  `margen4` decimal(5,2) DEFAULT NULL,
  `margen5` decimal(5,2) DEFAULT NULL,
  `precio2` decimal(10,2) DEFAULT NULL,
  `precio3` decimal(10,2) DEFAULT NULL,
  `precio4` decimal(10,2) DEFAULT NULL,
  `precio5` decimal(10,2) DEFAULT NULL,
  `es_pesable` tinyint(1) DEFAULT 0,
  `codigo_barras` varchar(50) DEFAULT NULL,
  `fecha_actualizacion_precio` date DEFAULT NULL,
  `imagen_url` varchar(500) DEFAULT NULL,
  PRIMARY KEY (`id`),
  UNIQUE KEY `codigo` (`codigo`),
  KEY `idx_codigo` (`codigo`),
  KEY `idx_nombre` (`nombre`),
  KEY `idx_categoria` (`categoria`),
  KEY `idx_es_combo` (`es_combo`),
  KEY `idx_producto_base` (`producto_base_id`),
  KEY `fk_producto_base_2` (`producto_base_2_id`),
  KEY `fk_producto_base_3` (`producto_base_3_id`),
  KEY `idx_stock_minimo` (`stock_minimo`),
  CONSTRAINT `fk_producto_base` FOREIGN KEY (`producto_base_id`) REFERENCES `producto` (`id`) ON DELETE CASCADE ON UPDATE CASCADE,
  CONSTRAINT `fk_producto_base_2` FOREIGN KEY (`producto_base_2_id`) REFERENCES `producto` (`id`),
  CONSTRAINT `fk_producto_base_3` FOREIGN KEY (`producto_base_3_id`) REFERENCES `producto` (`id`)
) ENGINE=InnoDB AUTO_INCREMENT=212 DEFAULT CHARSET=utf8mb4 COLLATE=utf8mb4_unicode_ci;
/*!40101 SET character_set_client = @saved_cs_client */;

--
-- Dumping data for table `producto`
--

LOCK TABLES `producto` WRITE;
/*!40000 ALTER TABLE `producto` DISABLE KEYS */;
INSERT INTO `producto` VALUES (1,'102','CHICLE FIERITA RECARGADO MENTA X50U',NULL,3161.60,14.000,0.000,'chicles',21.00,1,'2026-05-12 22:35:58','2026-06-23 21:13:05',2432.00,30.00,0,NULL,1.000,NULL,0.00,0,0,0,NULL,0.000,NULL,0.000,NULL,NULL,NULL,NULL,NULL,NULL,NULL,NULL,0,NULL,'2026-06-10','/static/productos_img/prod_9d591654b4ab4a7bbadae93db26ebf59.jpeg'),(2,'103','CHICLE FIERITA RECARGADO TUTTI FRUTTI X50U',NULL,3161.60,0.000,0.000,'chicles',21.00,1,'2026-05-12 22:35:58','2026-06-23 21:13:05',2432.00,30.00,0,NULL,1.000,NULL,0.00,0,0,0,NULL,0.000,NULL,0.000,NULL,NULL,NULL,NULL,NULL,NULL,NULL,NULL,0,NULL,'2026-06-10','/static/productos_img/CHICLE FIERITA RECARGADO TUTTI FRUTTI X50U (cod 103 ).jpeg'),(3,'104','CHICLE FIERITA MENTA X100U',NULL,2964.00,1.000,0.000,'chicles',21.00,1,'2026-05-12 22:35:58','2026-06-23 21:13:05',2280.00,30.00,0,NULL,1.000,NULL,0.00,0,0,0,NULL,0.000,NULL,0.000,NULL,NULL,NULL,NULL,NULL,NULL,NULL,NULL,0,NULL,'2026-06-10','/static/productos_img/CHICLE FIERITA MENTA X100U (cod 104 ).jpeg'),(4,'105','CHICLE FIERITA TUTTI X100U',NULL,2964.00,2.000,0.000,'chicles',21.00,1,'2026-05-12 22:35:58','2026-06-23 21:13:05',2280.00,30.00,0,NULL,1.000,NULL,0.00,0,0,0,NULL,0.000,NULL,0.000,NULL,NULL,NULL,NULL,NULL,NULL,NULL,NULL,0,NULL,'2026-06-10','/static/productos_img/CHICLE FIERITA TUTTI X100U (cod 105 ).jpeg'),(5,'115','CHICLE OPEN CANDY MAESTROS DEL TERROR C/TATOO X 50',NULL,4160.00,0.000,0.000,'chicles',21.00,1,'2026-05-12 22:35:58','2026-06-10 13:15:54',3200.00,30.00,0,NULL,1.000,NULL,0.00,0,0,0,NULL,0.000,NULL,0.000,NULL,NULL,NULL,NULL,NULL,NULL,NULL,NULL,0,NULL,'2026-06-10','/static/productos_img/CHICLE OPEN CANDY MAESTROS DEL TERROR C TATOO X 50 (cod 115 ).jpeg'),(6,'140','BELDENT FRESH SPARKS MENTAx20u',NULL,12284.81,5.000,0.000,'chicles',21.00,1,'2026-05-12 22:35:58','2026-06-24 11:51:29',9449.85,30.00,0,NULL,1.000,NULL,0.00,0,0,0,NULL,0.000,NULL,0.000,NULL,NULL,NULL,NULL,NULL,NULL,NULL,NULL,0,NULL,'2026-06-19','/static/productos_img/BELDENT FRESH SPARKS MENTAx20u (cod 140 ).jpeg'),(7,'141','BELDENT FRESH SPARKS MTA.Fx20u',NULL,12284.81,8.000,0.000,'chicles',21.00,1,'2026-05-12 22:35:58','2026-06-24 11:51:29',9449.85,30.00,0,NULL,1.000,NULL,0.00,0,0,0,NULL,0.000,NULL,0.000,NULL,NULL,NULL,NULL,NULL,NULL,NULL,NULL,0,NULL,'2026-06-19','/static/productos_img/BELDENT FRESH SPARKS MTA.Fx20u (cod 141 ).jpeg'),(8,'142','BELDENT FRESH SPARKS MENTOx20u',NULL,12284.81,3.000,0.000,'chicles',21.00,1,'2026-05-12 22:35:58','2026-06-24 11:51:29',9449.85,30.00,0,NULL,1.000,NULL,0.00,0,0,0,NULL,0.000,NULL,0.000,NULL,NULL,NULL,NULL,NULL,NULL,NULL,NULL,0,NULL,'2026-06-19','/static/productos_img/BELDENT FRESH SPARKS MENTOx20u (cod 142 ).jpeg'),(9,'143','BELDENT FRESH SPARKS FRUTIx20u',NULL,12298.00,0.000,0.000,'chicles',21.00,1,'2026-05-12 22:35:58','2026-06-23 21:13:05',9460.00,30.00,0,NULL,1.000,NULL,0.00,0,0,0,NULL,0.000,NULL,0.000,NULL,NULL,NULL,NULL,NULL,NULL,NULL,NULL,0,NULL,'2026-06-13','/static/productos_img/BELDENT FRESH SPARKS FRUTIx20u (cod 143 ).jpeg'),(10,'200','GOMITAS YUMMY OSITOS ACIDOS X 500 GR',NULL,5445.52,6.000,0.000,'gomas',21.00,1,'2026-05-12 22:35:58','2026-06-23 21:13:05',4188.86,30.00,0,NULL,1.000,NULL,0.00,0,0,0,NULL,0.000,NULL,0.000,NULL,NULL,NULL,NULL,NULL,NULL,NULL,NULL,0,NULL,'2026-06-19','/static/productos_img/GOMITAS YUMMY OSITOS ACIDOS X 500 GR (cod 200 ).jpeg'),(11,'201','GOMITAS YUMMY OSITOS X 500 GR',NULL,5445.52,6.000,0.000,'gomas',21.00,1,'2026-05-12 22:35:58','2026-06-20 21:22:00',4188.86,30.00,0,NULL,1.000,NULL,0.00,0,0,0,NULL,0.000,NULL,0.000,NULL,NULL,NULL,NULL,NULL,NULL,NULL,NULL,0,NULL,'2026-06-19','/static/productos_img/GOMITAS YUMMY OSITOS X 500 GR (cod 201 ).jpeg'),(12,'202','GOMITAS YUMMY FRUTILLITAS CON CREMA X 500 GR',NULL,4966.00,1.000,0.000,'gomas',21.00,1,'2026-05-12 22:35:58','2026-06-23 21:13:05',3820.00,30.00,0,NULL,1.000,NULL,0.00,0,0,0,NULL,0.000,NULL,0.000,NULL,NULL,NULL,NULL,NULL,NULL,NULL,NULL,0,NULL,'2026-06-13','/static/productos_img/GOMITAS YUMMY FRUTILLITAS CON CREMA X 500 GR (cod 202 ).jpeg'),(13,'203','GOMITAS YUMMY 100 PIES ACIDAS X 500 GR',NULL,4954.59,5.000,0.000,'gomas',21.00,1,'2026-05-12 22:35:58','2026-06-23 21:13:05',3811.22,30.00,0,NULL,1.000,NULL,0.00,0,0,0,NULL,0.000,NULL,0.000,NULL,NULL,NULL,NULL,NULL,NULL,NULL,NULL,0,NULL,'2026-06-19','/static/productos_img/GOMITAS YUMMY 100 PIES ACIDAS X 500 GR (cod 203 ).jpeg'),(14,'204','GOMITAS YUMMY SANDIA  X500GR',NULL,4954.59,1.000,0.000,'gomas',21.00,1,'2026-05-12 22:35:58','2026-06-23 21:13:05',3811.22,30.00,0,NULL,1.000,NULL,0.00,0,0,0,NULL,0.000,NULL,0.000,NULL,NULL,NULL,NULL,NULL,NULL,NULL,NULL,0,NULL,'2026-06-19','/static/productos_img/GOMITAS YUMMY SANDIA X500GR (cod 204 ).jpeg'),(15,'205','YUMMY BANANITAS BOLSA....x500g',NULL,4954.59,2.000,0.000,'gomas',21.00,1,'2026-05-12 22:35:58','2026-06-23 21:13:05',3811.22,30.00,0,NULL,1.000,NULL,0.00,0,0,0,NULL,0.000,NULL,0.000,NULL,NULL,NULL,NULL,NULL,NULL,NULL,NULL,0,NULL,'2026-06-19','/static/productos_img/YUMMY BANANITAS BOLSA....x500g (cod 205 ).jpeg'),(16,'206','GOMITAS YUMMY MORITAS X500G',NULL,4954.59,13.000,0.000,'gomas',21.00,1,'2026-05-12 22:35:58','2026-06-23 21:13:05',3811.22,30.00,0,NULL,1.000,NULL,0.00,0,0,0,NULL,0.000,NULL,0.000,NULL,NULL,NULL,NULL,NULL,NULL,NULL,NULL,0,NULL,'2026-06-19','/static/productos_img/GOMITAS YUMMY MORITAS X500G (cod 206 ).jpeg'),(17,'207','GOMITAS YUMMY DIENTITOS X 500 GR',NULL,4954.59,12.000,0.000,'gomas',21.00,1,'2026-05-12 22:35:58','2026-06-23 21:13:05',3811.22,30.00,0,NULL,1.000,NULL,0.00,0,0,0,NULL,0.000,NULL,0.000,NULL,NULL,NULL,NULL,NULL,NULL,NULL,NULL,0,NULL,'2026-06-19','/static/productos_img/GOMITAS YUMMY DIENTITOS X 500 GR (cod 207 ).jpeg'),(18,'208','YUMMY HUEVOS FRITOS BOLSA.x500g',NULL,4954.59,4.000,0.000,'gomas',21.00,1,'2026-05-12 22:35:58','2026-06-23 21:13:05',3811.22,30.00,0,NULL,1.000,NULL,0.00,0,0,0,NULL,0.000,NULL,0.000,NULL,NULL,NULL,NULL,NULL,NULL,NULL,NULL,0,NULL,'2026-06-19','/static/productos_img/YUMMY HUEVOS FRITOS BOLSA.x500g (cod 208 ).jpeg'),(19,'209','YUMMY BOTELLITAS BOLSA...x500g',NULL,4954.59,4.000,0.000,'gomas',21.00,1,'2026-05-12 22:35:58','2026-06-20 21:22:00',3811.22,30.00,0,NULL,1.000,NULL,0.00,0,0,0,NULL,0.000,NULL,0.000,NULL,NULL,NULL,NULL,NULL,NULL,NULL,NULL,0,NULL,'2026-06-19','/static/productos_img/YUMMY BOTELLITAS BOLSA...x500g (cod 209 ).jpeg'),(20,'220','YUMMY ANIMALITOS X 12 UND',NULL,5445.51,4.000,0.000,'gomas',21.00,1,'2026-05-12 22:35:58','2026-06-19 20:56:07',4188.85,30.00,0,NULL,1.000,NULL,0.00,0,0,0,NULL,0.000,NULL,0.000,NULL,NULL,NULL,NULL,NULL,NULL,NULL,NULL,0,NULL,'2026-06-19','/static/productos_img/YUMMY ANIMALITOS X 12 UND (cod 220 ).jpeg'),(21,'221','YUMMY DINO X 12 UND',NULL,5460.00,4.000,0.000,'gomas',21.00,1,'2026-05-12 22:35:58','2026-06-20 21:22:00',4200.00,30.00,0,NULL,1.000,NULL,0.00,0,0,0,NULL,0.000,NULL,0.000,NULL,NULL,NULL,NULL,NULL,NULL,NULL,NULL,0,NULL,'2026-06-13','/static/productos_img/YUMMY DINO X 12 UND (cod 221 ).jpeg'),(22,'222','YUMMY FRUTITAS X 12 UND',NULL,5460.00,4.000,0.000,'gomas',21.00,1,'2026-05-12 22:35:58','2026-06-13 14:00:14',4200.00,30.00,0,NULL,1.000,NULL,0.00,0,0,0,NULL,0.000,NULL,0.000,NULL,NULL,NULL,NULL,NULL,NULL,NULL,NULL,0,NULL,'2026-06-13','/static/productos_img/YUMMY FRUTITAS X 12 UND (cod 222 ).jpeg'),(23,'223','YUMMY OSITOS ACIDOS X 12 UND',NULL,5460.00,0.000,0.000,'gomas',21.00,1,'2026-05-12 22:35:58','2026-06-13 14:00:29',4200.00,30.00,0,NULL,1.000,NULL,0.00,0,0,0,NULL,0.000,NULL,0.000,NULL,NULL,NULL,NULL,NULL,NULL,NULL,NULL,0,NULL,'2026-06-13','/static/productos_img/YUMMY OSITOS ACIDOS X 12 UND (cod 223 ).jpeg'),(24,'224','YUMMY OSITOS X 12 UND',NULL,4954.59,4.000,0.000,'gomas',21.00,1,'2026-05-12 22:35:58','2026-06-19 20:56:07',3811.22,30.00,0,NULL,1.000,NULL,0.00,0,0,0,NULL,0.000,NULL,0.000,NULL,NULL,NULL,NULL,NULL,NULL,NULL,NULL,0,NULL,'2026-06-19','/static/productos_img/YUMMY OSITOS X 12 UND (cod 224 ).jpeg'),(25,'225','YUMMY PECECITOS X 12 UND',NULL,5445.51,4.000,0.000,'gomas',21.00,1,'2026-05-12 22:35:58','2026-06-19 20:56:07',4188.85,30.00,0,NULL,1.000,NULL,0.00,0,0,0,NULL,0.000,NULL,0.000,NULL,NULL,NULL,NULL,NULL,NULL,NULL,NULL,0,NULL,'2026-06-19','/static/productos_img/YUMMY PECECITOS X 12 UND (cod 225 ).jpeg'),(26,'226','YUMMY PIECITOS ACIDOS X 12 UND',NULL,5460.00,1.000,0.000,'gomas',21.00,1,'2026-05-12 22:35:58','2026-06-20 21:22:00',4200.00,30.00,0,NULL,1.000,NULL,0.00,0,0,0,NULL,0.000,NULL,0.000,NULL,NULL,NULL,NULL,NULL,NULL,NULL,NULL,0,NULL,'2026-06-13','/static/productos_img/YUMMY PIECITOS ACIDOS X 12 UND (cod 226 ).jpeg'),(27,'230','GOMA FANTASIA MISKY .......x1k',NULL,8850.13,11.000,0.000,'gomas',21.00,1,'2026-05-12 22:35:58','2026-06-24 13:26:03',6807.79,30.00,0,NULL,1.000,NULL,0.00,0,0,0,NULL,0.000,NULL,0.000,NULL,NULL,NULL,NULL,NULL,NULL,NULL,NULL,0,NULL,'2026-06-19','/static/productos_img/GOMA FANTASIA MISKY .......x1k (cod 230 ).jpeg'),(28,'231','GOMA JELLY ROLL MISKY......x1k',NULL,8850.13,8.000,0.000,'gomas',21.00,1,'2026-05-12 22:35:58','2026-06-23 21:13:05',6807.79,30.00,0,NULL,1.000,NULL,0.00,0,0,0,NULL,0.000,NULL,0.000,NULL,NULL,NULL,NULL,NULL,NULL,NULL,NULL,0,NULL,'2026-06-19','/static/productos_img/GOMA JELLY ROLL MISKY......x1k (cod 231 ).jpeg'),(29,'232','GOMA EUCALIPTUS MISKY......x1k',NULL,8850.13,7.000,0.000,'gomas',21.00,1,'2026-05-12 22:35:58','2026-06-23 21:13:05',6807.79,30.00,0,NULL,1.000,NULL,0.00,0,0,0,NULL,0.000,NULL,0.000,NULL,NULL,NULL,NULL,NULL,NULL,NULL,NULL,0,NULL,'2026-06-19','/static/productos_img/GOMA EUCALIPTUS MISKY......x1k (cod 232 ).jpeg'),(30,'240','GOMAS LA PIÑATA HUESOS ACIDOS X 700 GR',NULL,5197.84,24.000,0.000,'gomas',21.00,1,'2026-05-12 22:35:58','2026-06-23 21:13:05',3998.34,30.00,0,NULL,1.000,NULL,0.00,0,0,0,NULL,0.000,NULL,0.000,NULL,NULL,NULL,NULL,NULL,NULL,NULL,NULL,0,NULL,'2026-06-19','/static/productos_img/GOMAS LA PIÑATA HUESOS ACIDOS X 700 GR (cod 240 ).jpeg'),(31,'241','GOMAS LA PIÑATA ANILLOS X 700 GR',NULL,5197.84,10.000,0.000,'gomas',21.00,1,'2026-05-12 22:35:58','2026-06-23 21:13:05',3998.34,30.00,0,NULL,1.000,NULL,0.00,0,0,0,NULL,0.000,NULL,0.000,NULL,NULL,NULL,NULL,NULL,NULL,NULL,NULL,0,NULL,'2026-06-19','/static/productos_img/GOMAS LA PIÑATA ANILLOS X 700 GR (cod 241 ).jpeg'),(32,'250','GOMA BULL DOG.REGALIZ SANDIA CJAx12u',NULL,3471.00,3.000,0.000,'gomas',21.00,1,'2026-05-12 22:35:58','2026-06-23 15:57:06',2670.00,30.00,0,NULL,1.000,NULL,0.00,0,0,0,NULL,0.000,NULL,0.000,NULL,NULL,NULL,NULL,NULL,NULL,NULL,NULL,0,NULL,'2026-06-13','/static/productos_img/GOMA BULL DOG.REGALIZ SANDIA CJAx12u (cod 250 ).jpeg'),(33,'251','GOMA BULL DOG.REGALIZ FRUT.CJAx12u',NULL,3471.00,9.000,0.000,'gomas',21.00,1,'2026-05-12 22:35:58','2026-06-23 15:57:06',2670.00,30.00,0,NULL,1.000,NULL,0.00,0,0,0,NULL,0.000,NULL,0.000,NULL,NULL,NULL,NULL,NULL,NULL,NULL,NULL,0,NULL,'2026-06-13','/static/productos_img/GOMA BULL DOG.REGALIZ FRUT.CJAx12u (cod 251 ).jpeg'),(34,'252','GOMA BULL DOG.REGALIZ TUTTI F.CJAx12u',NULL,3471.00,6.000,0.000,'gomas',21.00,1,'2026-05-12 22:35:58','2026-06-23 15:57:06',2670.00,30.00,0,NULL,1.000,NULL,0.00,0,0,0,NULL,0.000,NULL,0.000,NULL,NULL,NULL,NULL,NULL,NULL,NULL,NULL,0,NULL,'2026-06-13','/static/productos_img/GOMA BULL DOG.REGALIZ TUTTI F.CJAx12u (cod 252 ).jpeg'),(35,'253','GOMA BULL DOG.REGALIZ FRAMB.CJAx12u',NULL,3471.00,8.000,0.000,'gomas',21.00,1,'2026-05-12 22:35:58','2026-06-23 15:57:06',2670.00,30.00,0,NULL,1.000,NULL,0.00,0,0,0,NULL,0.000,NULL,0.000,NULL,NULL,NULL,NULL,NULL,NULL,NULL,NULL,0,NULL,'2026-06-13','/static/productos_img/GOMA BULL DOG.REGALIZ FRAMB.CJAx12u (cod 253 ).jpeg'),(36,'254','ROLLO GOMITA BILLIKEN FRUTx12u',NULL,4160.00,4.000,0.000,'gomas',21.00,1,'2026-05-12 22:35:58','2026-06-21 12:34:52',3200.00,30.00,0,NULL,1.000,NULL,0.00,0,0,0,NULL,0.000,NULL,0.000,NULL,NULL,NULL,NULL,NULL,NULL,NULL,NULL,0,NULL,'2026-06-11','/static/productos_img/ROLLO GOMITA BILLIKEN FRUTx12u (cod 254 ).jpeg'),(37,'260','(12ux35g)GOMA MISKY ROLL......',NULL,3848.00,1.000,0.000,'gomas',21.00,1,'2026-05-12 22:35:58','2026-06-21 12:35:16',2960.00,30.00,0,NULL,1.000,NULL,0.00,0,0,0,NULL,0.000,NULL,0.000,NULL,NULL,NULL,NULL,NULL,NULL,NULL,NULL,0,NULL,'2026-06-10','/static/productos_img/(12ux35g)GOMA MISKY ROLL...... (cod 260 ).jpeg'),(38,'266','MOGUL MORAS X 500G',NULL,6098.61,15.000,0.000,'gomas',21.00,1,'2026-05-12 22:35:58','2026-06-24 13:26:03',4683.67,30.21,0,NULL,1.000,NULL,0.00,0,0,0,NULL,0.000,NULL,0.000,NULL,NULL,NULL,NULL,NULL,NULL,NULL,NULL,0,NULL,'2026-06-23','/static/productos_img/MOGUL MORAS X 500G (cod 266 ).jpeg'),(39,'267','MOGUL DIENTES X 500G',NULL,6474.00,9.000,0.000,'gomas',21.00,1,'2026-05-12 22:35:58','2026-06-23 21:13:05',4980.00,30.00,0,NULL,1.000,NULL,0.00,0,0,0,NULL,0.000,NULL,0.000,NULL,NULL,NULL,NULL,NULL,NULL,NULL,NULL,0,NULL,'2026-06-11','/static/productos_img/MOGUL DIENTES X 500G (cod 267 ).jpeg'),(40,'268','MOGUL FRUTILLAS CON CREMA X 500G',NULL,6474.00,7.000,0.000,'gomas',21.00,1,'2026-05-12 22:35:58','2026-06-23 21:13:05',4980.00,30.00,0,NULL,1.000,NULL,0.00,0,0,0,NULL,0.000,NULL,0.000,NULL,NULL,NULL,NULL,NULL,NULL,NULL,NULL,0,NULL,'2026-06-11','/static/productos_img/MOGUL FRUTILLAS CON CREMA X 500G (cod 268 ).jpeg'),(41,'269','MOGUL EXTREME SANDIA  X 500G',NULL,6474.00,3.000,0.000,'gomas',21.00,1,'2026-05-12 22:35:58','2026-06-24 13:26:03',4980.00,30.00,0,NULL,1.000,NULL,0.00,0,0,0,NULL,0.000,NULL,0.000,NULL,NULL,NULL,NULL,NULL,NULL,NULL,NULL,0,NULL,'2026-06-11','/static/productos_img/MOGUL EXTREME SANDIA X 500G (cod 269 ).jpeg'),(42,'270','MOGUL EXTREME LADRILLOS X 500G',NULL,6474.00,8.000,0.000,'gomas',21.00,1,'2026-05-12 22:35:58','2026-06-23 21:13:05',4980.00,30.00,0,NULL,1.000,NULL,0.00,0,0,0,NULL,0.000,NULL,0.000,NULL,NULL,NULL,NULL,NULL,NULL,NULL,NULL,0,NULL,'2026-06-11','/static/productos_img/MOGUL EXTREME LADRILLOS X 500G (cod 270 ).jpeg'),(43,'271','MOGUL EXTREME LADRILLOS MIX FRUTAL X 500G',NULL,6473.57,19.000,0.000,'gomas',21.00,1,'2026-05-12 22:35:58','2026-06-23 21:13:05',4717.66,37.22,0,NULL,1.000,NULL,0.00,0,0,0,NULL,0.000,NULL,0.000,NULL,NULL,NULL,NULL,NULL,NULL,NULL,NULL,0,NULL,'2026-06-23','/static/productos_img/MOGUL EXTREME LADRILLOS MIX FRUTAL X 500G (cod 271 ).jpeg'),(44,'272','MOGUL EXTREME TUBITOS FRUTILLA  X 500G',NULL,6474.00,20.000,0.000,'gomas',21.00,1,'2026-05-12 22:35:58','2026-06-23 21:13:05',4980.00,30.00,0,NULL,1.000,NULL,0.00,0,0,0,NULL,0.000,NULL,0.000,NULL,NULL,NULL,NULL,NULL,NULL,NULL,NULL,0,NULL,'2026-06-11','/static/productos_img/MOGUL EXTREME TUBITOS FRUTILLA X 500G (cod 272 ).jpeg'),(45,'273','MOGUL EXTREME TUBITOS MIX FRUTAL X 500G',NULL,6474.00,14.000,0.000,'gomas',21.00,1,'2026-05-12 22:35:58','2026-06-23 21:13:05',4980.00,30.00,0,NULL,1.000,NULL,0.00,0,0,0,NULL,0.000,NULL,0.000,NULL,NULL,NULL,NULL,NULL,NULL,NULL,NULL,0,NULL,'2026-06-11','/static/productos_img/MOGUL EXTREME TUBITOS MIX FRUTAL X 500G (cod 273 ).jpeg'),(46,'274','MOGUL JELLY BEANS X 500G',NULL,6474.00,0.000,0.000,'gomas',21.00,1,'2026-05-12 22:35:58','2026-06-21 12:40:35',4980.00,30.00,0,NULL,1.000,NULL,0.00,0,0,0,NULL,0.000,NULL,0.000,NULL,NULL,NULL,NULL,NULL,NULL,NULL,NULL,0,NULL,'2026-06-11','/static/productos_img/MOGUL JELLY BEANS X 500G (cod 274 ).jpeg'),(47,'275','MOGUL EXTREME OSITOS X 500G',NULL,6473.77,12.000,0.000,'gomas',21.00,1,'2026-05-12 22:35:58','2026-06-23 17:47:43',4683.67,38.22,0,NULL,1.000,NULL,0.00,0,0,0,NULL,0.000,NULL,0.000,NULL,NULL,NULL,NULL,NULL,NULL,NULL,NULL,0,NULL,'2026-06-23','/static/productos_img/MOGUL EXTREME OSITOS X 500G (cod 275 ).jpeg'),(48,'281','GOMAS MOGUL COLA X 12 UNIDADES',NULL,5460.00,0.000,0.000,'gomas',21.00,1,'2026-05-12 22:35:58','2026-06-24 11:51:29',4200.00,30.00,0,NULL,1.000,NULL,0.00,0,0,0,NULL,0.000,NULL,0.000,NULL,NULL,NULL,NULL,NULL,NULL,NULL,NULL,0,NULL,'2026-06-10','/static/productos_img/GOMAS MOGUL COLA X 12 UNIDADES (cod 281 ).jpeg'),(49,'282','YUMMY OJITOS CAJA.....x360g',NULL,10790.00,2.000,0.000,'gomas',21.00,1,'2026-05-12 22:35:58','2026-06-21 12:41:17',8300.00,30.00,0,NULL,1.000,NULL,0.00,0,0,0,NULL,0.000,NULL,0.000,NULL,NULL,NULL,NULL,NULL,NULL,NULL,NULL,0,NULL,'2026-06-11','/static/productos_img/YUMMY OJITOS CAJA.....x360g (cod 282 ).jpeg'),(50,'283','CARAM.GOMA JELLY STICKS FRUT.x10u',NULL,1560.00,19.000,0.000,'gomas',21.00,1,'2026-05-12 22:35:58','2026-06-21 12:41:29',1200.00,30.00,0,NULL,1.000,NULL,0.00,0,0,0,NULL,0.000,NULL,0.000,NULL,NULL,NULL,NULL,NULL,NULL,NULL,NULL,0,NULL,'2026-06-10','/static/productos_img/CARAM.GOMA JELLY STICKS FRUT.x10u (cod 283 ).jpeg'),(51,'284','YUMMY ROLLO SURTIDOSx12u',NULL,4810.00,1.000,0.000,'gomas',21.00,1,'2026-05-12 22:35:58','2026-06-21 12:41:41',3700.00,30.00,0,NULL,1.000,NULL,0.00,0,0,0,NULL,0.000,NULL,0.000,NULL,NULL,NULL,NULL,NULL,NULL,NULL,NULL,0,NULL,'2026-06-11','/static/productos_img/YUMMY ROLLO SURTIDOSx12u (cod 284 ).jpeg'),(52,'285','GOMITA DOCILE MIX DULCE/ACIDO X500',NULL,3224.00,20.000,0.000,'gomas',21.00,1,'2026-05-12 22:35:58','2026-06-23 21:13:05',2480.00,30.00,0,NULL,1.000,NULL,0.00,0,0,0,NULL,0.000,NULL,0.000,NULL,NULL,NULL,NULL,NULL,NULL,NULL,NULL,0,NULL,'2026-06-10','/static/productos_img/GOMITA DOCILE MIX DULCE ACIDO.x500g (cod 285 ).jpeg'),(53,'302','MR.POPS EVOLUTION CEREZA..x24u',NULL,4901.00,7.000,0.000,'chupetines',21.00,1,'2026-05-12 22:35:58','2026-06-24 13:26:03',3770.00,30.00,0,NULL,1.000,NULL,0.00,0,0,0,NULL,0.000,NULL,0.000,NULL,NULL,NULL,NULL,NULL,NULL,NULL,NULL,0,NULL,'2026-06-10','/static/productos_img/MR.POPS EVOLUTION CEREZA..x24u (cod 302 ).jpeg'),(54,'303','MR.POPS EVOLUT.BLUE BERRY.x24u',NULL,4900.72,11.000,0.000,'chupetines',21.00,1,'2026-05-12 22:35:58','2026-06-24 13:26:03',3736.73,31.15,0,NULL,1.000,NULL,0.00,0,0,0,NULL,0.000,NULL,0.000,NULL,NULL,NULL,NULL,NULL,NULL,NULL,NULL,0,NULL,'2026-06-23','/static/productos_img/MR.POPS EVOLUT.BLUE BERRY.x24u (cod 303 ).jpeg'),(55,'304','MR.POPS EVOLUTION EXTREME.x24u',NULL,4901.00,3.000,0.000,'chupetines',21.00,1,'2026-05-12 22:35:58','2026-06-21 12:42:41',3770.00,30.00,0,NULL,1.000,NULL,0.00,0,0,0,NULL,0.000,NULL,0.000,NULL,NULL,NULL,NULL,NULL,NULL,NULL,NULL,0,NULL,'2026-06-10','/static/productos_img/MR.POPS EVOLUTION EXTREME.x24u (cod 304 ).jpeg'),(56,'305','MR.POPS ARQUIT.FTAL.......x50u',NULL,5259.74,14.000,0.000,'chupetines',21.00,1,'2026-05-12 22:35:58','2026-06-23 17:47:43',4044.71,30.04,0,NULL,1.000,NULL,0.00,0,0,0,NULL,0.000,NULL,0.000,NULL,NULL,NULL,NULL,NULL,NULL,NULL,NULL,0,'2528','2026-06-23','/static/productos_img/MR.POPS ARQUIT.FTAL.......x50u (cod 305 ).jpeg'),(57,'307','CHUPETIN MAST. TATOO FRUTILLA X50U',NULL,6318.00,4.000,0.000,'chupetines',21.00,1,'2026-05-12 22:35:58','2026-06-21 12:46:53',4860.00,30.00,0,NULL,1.000,NULL,0.00,0,0,0,NULL,0.000,NULL,0.000,NULL,NULL,NULL,NULL,NULL,NULL,NULL,NULL,0,NULL,'2026-06-10','/static/productos_img/CHUPETIN MAST. TATOO FRUTILLA X50U (cod 307 ).jpeg'),(58,'308','CHUPETIN MAST. TATOO TUTTI FRUT X50U',NULL,6318.00,2.000,0.000,'chupetines',21.00,1,'2026-05-12 22:35:58','2026-06-21 12:55:28',4860.00,30.00,0,NULL,1.000,NULL,0.00,0,0,0,NULL,0.000,NULL,0.000,NULL,NULL,NULL,NULL,NULL,NULL,NULL,NULL,0,NULL,'2026-06-10','/static/productos_img/CHUPETIN MAST. TATOO TUTTI FRUT X50U (cod 308 ).jpeg'),(59,'309','CHUPETIN MASTICABLE PINTA LENGUA X 50UND',NULL,4160.00,0.000,0.000,'chupetines',21.00,1,'2026-05-12 22:35:58','2026-06-22 21:42:20',3200.00,30.00,0,NULL,1.000,NULL,0.00,0,0,0,NULL,0.000,NULL,0.000,NULL,NULL,NULL,NULL,NULL,NULL,NULL,NULL,0,NULL,'2026-06-10','/static/productos_img/CHUPETIN MASTICABLE PINTA LENGUA X 50UND (cod 309 ).jpeg'),(60,'310','CHUPETIN PUSH POP.........x20u',NULL,9906.00,3.000,0.000,'chupetines',21.00,1,'2026-05-12 22:35:58','2026-06-23 21:13:05',7620.00,30.00,0,NULL,1.000,NULL,0.00,0,0,0,NULL,0.000,NULL,0.000,NULL,NULL,NULL,NULL,NULL,NULL,NULL,NULL,0,NULL,'2026-06-10','/static/productos_img/CHUPETIN PUSH POP.........x20u (cod 310 ).jpeg'),(61,'311','CHUPETIN PICO-DULCE.......x48u',NULL,10790.00,3.000,0.000,'chupetines',21.00,1,'2026-05-12 22:35:58','2026-06-24 11:51:29',8300.00,30.00,0,NULL,1.000,NULL,0.00,0,0,0,NULL,0.000,NULL,0.000,NULL,NULL,NULL,NULL,NULL,NULL,NULL,NULL,0,NULL,'2026-06-10','/static/productos_img/CHUPETIN PICO-DULCE.......x48u (cod 311 ).jpeg'),(62,'312','CRAZY BULL DOG CHUPETIN + POLVO X 10 UND',NULL,5800.60,3.000,0.000,'chupetines',21.00,1,'2026-05-12 22:35:58','2026-06-24 13:38:22',4462.00,30.00,0,NULL,1.000,NULL,0.00,0,0,0,NULL,0.000,NULL,0.000,NULL,NULL,NULL,NULL,NULL,NULL,NULL,NULL,0,NULL,'2026-06-10','/static/productos_img/CRAZY BULL DOG CHUPETIN + POLVO X 10 UND (cod 312 ).jpeg'),(63,'400','MASTICABLE SURTIDO MISKY X 800gs',NULL,6589.52,22.000,0.000,'caramelos',21.00,1,'2026-05-12 22:35:58','2026-06-23 12:39:44',5068.86,30.00,0,NULL,1.000,NULL,0.00,0,0,0,NULL,0.000,NULL,0.000,NULL,NULL,NULL,NULL,NULL,NULL,NULL,NULL,0,NULL,'2026-06-19','/static/productos_img/MASTICABLE SURTIDO MISKY X 800gs (cod 400 ).jpeg'),(64,'402','(x32u)MAST.LENGUETAZO T.FRUTI...',NULL,7059.00,6.000,0.000,'caramelos',21.00,1,'2026-05-12 22:35:58','2026-06-24 11:51:29',5430.00,30.00,0,NULL,1.000,NULL,0.00,0,0,0,NULL,0.000,NULL,0.000,NULL,NULL,NULL,NULL,NULL,NULL,NULL,NULL,0,NULL,'2026-06-13','/static/productos_img/(x32u)MAST.LENGUETAZO T.FRUTI... (cod 402 ).jpeg'),(65,'404','PALITO DE LA SELVA.......x660g',NULL,9405.64,4.000,0.000,'caramelos',21.00,1,'2026-05-12 22:35:58','2026-06-24 13:26:03',7235.11,30.00,0,NULL,1.000,NULL,0.00,0,0,0,NULL,0.000,NULL,0.000,NULL,NULL,NULL,NULL,NULL,NULL,NULL,NULL,0,NULL,'2026-06-19','/static/productos_img/PALITO DE LA SELVA.......x660g (cod 404 ).jpeg'),(66,'406','CARAM.FLYNN PAFF TUTTI....x70u',NULL,6600.10,7.000,0.000,'caramelos',21.00,1,'2026-05-12 22:35:58','2026-06-24 11:51:29',5077.00,30.00,0,NULL,1.000,NULL,0.00,0,0,0,NULL,0.000,NULL,0.000,NULL,NULL,NULL,NULL,NULL,NULL,NULL,NULL,0,NULL,'2026-06-10','/static/productos_img/CARAM.FLYNN PAFF TUTTI....x70u (cod 406 ).jpeg'),(67,'407','MASTICABLE BILLIKEN YOGURT',NULL,4330.30,16.000,0.000,'caramelos',21.00,1,'2026-05-12 22:35:58','2026-06-21 13:00:24',3331.00,30.00,0,NULL,1.000,NULL,0.00,0,0,0,NULL,0.000,NULL,0.000,NULL,NULL,NULL,NULL,NULL,NULL,NULL,NULL,0,NULL,'2026-06-10','/static/productos_img/MASTICABLE BILLIKEN YOGURT (cod 407 ).jpeg'),(68,'408','MASTICABLE BULLDOG X 700G',NULL,5108.61,12.000,0.000,'caramelos',21.00,1,'2026-05-12 22:35:58','2026-06-21 13:00:38',3929.70,30.00,0,NULL,1.000,NULL,0.00,0,0,0,NULL,0.000,NULL,0.000,NULL,NULL,NULL,NULL,NULL,NULL,NULL,NULL,0,NULL,'2026-06-19','/static/productos_img/MASTICABLE BULLDOG X 700G (cod 408 ).jpeg'),(69,'409','CARAM.MAST.DROPSY SELVA..x700g',NULL,5200.00,4.000,0.000,'caramelos',21.00,1,'2026-05-12 22:35:58','2026-06-21 13:00:55',4000.00,30.00,0,NULL,1.000,NULL,0.00,0,0,0,NULL,0.000,NULL,0.000,NULL,NULL,NULL,NULL,NULL,NULL,NULL,NULL,0,NULL,NULL,'/static/productos_img/CARAM.MAST.DROPSY SELVA..x700g (cod 409 ).jpeg'),(70,'28288','CAR.FLYNN PAFF TUTTI BOLSx504g',NULL,6470.10,11.000,0.000,'caramelos',21.00,1,'2026-05-12 22:35:58','2026-06-21 13:01:29',4977.00,30.00,0,NULL,1.000,NULL,0.00,0,0,0,NULL,0.000,NULL,0.000,NULL,NULL,NULL,NULL,NULL,NULL,NULL,NULL,0,NULL,'2026-06-10','/static/productos_img/CAR.FLYNN PAFF TUTTI BOLSx504g (cod 28288 ).jpeg'),(71,'29508','MAST.RICOMAS FRUTIL/LIMONx280g',NULL,2141.10,2.000,0.000,'caramelos',21.00,1,'2026-05-12 22:35:58','2026-06-21 13:03:05',1647.00,30.00,0,NULL,1.000,NULL,0.00,0,0,0,NULL,0.000,NULL,0.000,NULL,NULL,NULL,NULL,NULL,NULL,NULL,NULL,0,NULL,'2026-06-10','/static/productos_img/MAST.RICOMAS FRUTIL LIMONx280g (cod 29508 ).jpeg'),(72,'501','PASTILLAS BULL DOG UVA X12U',NULL,4524.59,4.000,0.000,'pastillas',21.00,1,'2026-05-12 22:35:58','2026-06-24 13:38:22',3480.45,30.00,0,NULL,1.000,NULL,0.00,0,0,0,NULL,0.000,NULL,0.000,NULL,NULL,NULL,NULL,NULL,NULL,NULL,NULL,0,NULL,'2026-06-19','/static/productos_img/PASTILLAS BULL DOG UVA X12U (cod 501 ).jpeg'),(73,'504','PASTILLAS BULL DOG MIX TUITTI FRUTTI ACIDA X12U',NULL,4524.59,8.000,0.000,'pastillas',21.00,1,'2026-05-12 22:35:58','2026-06-23 21:13:05',3480.45,30.00,0,NULL,1.000,NULL,0.00,0,0,0,NULL,0.000,NULL,0.000,NULL,NULL,NULL,NULL,NULL,NULL,NULL,NULL,0,NULL,'2026-06-19','/static/productos_img/PASTILLAS BULL DOG MIX TUITTI FRUTTI ACIDA X12U (cod 504 ).jpeg'),(74,'505','PASTILLAS BULL DOG SANDIA ACIDA X 12 UND',NULL,4602.00,0.000,0.000,'pastillas',21.00,1,'2026-05-12 22:35:58','2026-06-21 13:04:03',3540.00,30.00,0,NULL,1.000,NULL,0.00,0,0,0,NULL,0.000,NULL,0.000,NULL,NULL,NULL,NULL,NULL,NULL,NULL,NULL,0,NULL,'2026-06-11','/static/productos_img/PASTILLAS BULL DOG SANDIA ACIDA X 12 UND (cod 505 ).jpeg'),(75,'506','PASTILLAS BULL DOG TUTTI FRUTTI  LIMONX 12 UND',NULL,4524.59,9.000,0.000,'pastillas',21.00,1,'2026-05-12 22:35:58','2026-06-21 13:04:37',3480.45,30.00,0,NULL,1.000,NULL,0.00,0,0,0,NULL,0.000,NULL,0.000,NULL,NULL,NULL,NULL,NULL,NULL,NULL,NULL,0,NULL,'2026-06-19','/static/productos_img/PASTILLAS BULL DOG TUTTI FRUTTI LIMONX 12 UND (cod 506 ).jpeg'),(76,'507','PASTILLAS BULL DOG LIMON EXTREME X12 UND',NULL,4602.00,3.000,0.000,'pastillas',21.00,1,'2026-05-12 22:35:58','2026-06-24 13:38:22',3540.00,30.00,0,NULL,1.000,NULL,0.00,0,0,0,NULL,0.000,NULL,0.000,NULL,NULL,NULL,NULL,NULL,NULL,NULL,NULL,0,NULL,'2026-06-11','/static/productos_img/PASTILLAS BULL DOG LIMON EXTREME X12 UND (cod 507 ).jpeg'),(77,'508','LA YAPA...................x36u',NULL,10478.00,2.000,0.000,'pastillas',21.00,1,'2026-05-12 22:35:58','2026-06-21 13:05:46',8060.00,30.00,0,NULL,1.000,NULL,0.00,0,0,0,NULL,0.000,NULL,0.000,NULL,NULL,NULL,NULL,NULL,NULL,NULL,NULL,0,NULL,'2026-06-11','/static/productos_img/LA YAPA...................x36u (cod 508 ).jpeg'),(78,'509','PASTILLA PUNCH X60U',NULL,4680.00,4.000,0.000,'pastillas',21.00,1,'2026-05-12 22:35:58','2026-06-21 13:05:59',3600.00,30.00,0,NULL,1.000,NULL,0.00,0,0,0,NULL,0.000,NULL,0.000,NULL,NULL,NULL,NULL,NULL,NULL,NULL,NULL,0,NULL,'2026-06-11','/static/productos_img/PASTILLA PUNCH X60U (cod 509 ).jpeg'),(79,'511','MENTITAS MENTA X 12 UND',NULL,4108.00,11.000,0.000,'pastillas',21.00,1,'2026-05-12 22:35:58','2026-06-21 13:06:17',3160.00,30.00,0,NULL,1.000,NULL,0.00,0,0,0,NULL,0.000,NULL,0.000,NULL,NULL,NULL,NULL,NULL,NULL,NULL,NULL,0,NULL,'2026-06-11','/static/productos_img/MENTITAS MENTA X 12 UND (cod 511 ).jpeg'),(80,'512','MENTITAS FRUTAL X 12 UND',NULL,4108.00,10.000,0.000,'pastillas',21.00,1,'2026-05-12 22:35:58','2026-06-21 13:06:29',3160.00,30.00,0,NULL,1.000,NULL,0.00,0,0,0,NULL,0.000,NULL,0.000,NULL,NULL,NULL,NULL,NULL,NULL,NULL,NULL,0,NULL,'2026-06-11','/static/productos_img/MENTITAS FRUTAL X 12 UND (cod 512 ).jpeg'),(81,'513','MENTITAS KIDS TUTTI FRUTTI X12U',NULL,4108.00,6.000,0.000,'pastillas',21.00,1,'2026-05-12 22:35:58','2026-06-24 13:38:22',3160.00,30.00,0,NULL,1.000,NULL,0.00,0,0,0,NULL,0.000,NULL,0.000,NULL,NULL,NULL,NULL,NULL,NULL,NULL,NULL,0,NULL,'2026-06-11','/static/productos_img/MENTITAS KIDS TUTTI FRUTTI X12U (cod 513 ).jpeg'),(82,'514','MENTITAS KIDS DULCE DE LECHE X 12 UND',NULL,4108.00,7.000,0.000,'pastillas',21.00,1,'2026-05-12 22:35:58','2026-06-21 13:06:52',3160.00,30.00,0,NULL,1.000,NULL,0.00,0,0,0,NULL,0.000,NULL,0.000,NULL,NULL,NULL,NULL,NULL,NULL,NULL,NULL,0,NULL,'2026-06-11','/static/productos_img/MENTITAS KIDS DULCE DE LECHE X 12 UND (cod 514 ).jpeg'),(83,'526','MENTHO PLUS MENTOL........x12u',NULL,6240.00,4.000,0.000,'pastillas',21.00,1,'2026-05-12 22:35:58','2026-06-21 13:07:21',4800.00,30.00,0,NULL,1.000,NULL,0.00,0,0,0,NULL,0.000,NULL,0.000,NULL,NULL,NULL,NULL,NULL,NULL,NULL,NULL,0,NULL,'2026-06-11','/static/productos_img/MENTHO PLUS MENTOL........x12u (cod 526 ).jpeg'),(84,'527','MENTHO PLUS STRONG........x12u',NULL,6240.00,10.000,0.000,'pastillas',21.00,1,'2026-05-12 22:35:58','2026-06-24 13:26:03',4800.00,30.00,0,NULL,1.000,NULL,0.00,0,0,0,NULL,0.000,NULL,0.000,NULL,NULL,NULL,NULL,NULL,NULL,NULL,NULL,0,NULL,'2026-06-11','/static/productos_img/MENTHO PLUS STRONG........x12u (cod 527 ).jpeg'),(85,'528','MENTHO PLUS MENTA.........x12u',NULL,6240.00,1.000,0.000,'pastillas',21.00,1,'2026-05-12 22:35:58','2026-06-23 21:13:05',4800.00,30.00,0,NULL,1.000,NULL,0.00,0,0,0,NULL,0.000,NULL,0.000,NULL,NULL,NULL,NULL,NULL,NULL,NULL,NULL,0,NULL,'2026-06-11','/static/productos_img/MENTHO PLUS MENTA.........x12u (cod 528 ).jpeg'),(86,'529','MENTHO PLUS CEREZA........x12u',NULL,6240.00,11.000,0.000,'pastillas',21.00,1,'2026-05-12 22:35:58','2026-06-23 12:39:44',4800.00,30.00,0,NULL,1.000,NULL,0.00,0,0,0,NULL,0.000,NULL,0.000,NULL,NULL,NULL,NULL,NULL,NULL,NULL,NULL,0,NULL,'2026-06-11','/static/productos_img/MENTHO PLUS CEREZA........x12u (cod 529 ).jpeg'),(87,'530','MENTHO PLUS MIEL..........x12u',NULL,6239.70,17.000,0.000,'pastillas',21.00,1,'2026-05-12 22:35:58','2026-06-23 17:47:43',4533.68,37.63,0,NULL,1.000,NULL,0.00,0,0,0,NULL,0.000,NULL,0.000,NULL,NULL,NULL,NULL,NULL,NULL,NULL,NULL,0,NULL,'2026-06-23','/static/productos_img/MENTHO PLUS MIEL..........x12u (cod 530 ).jpeg'),(88,'600','MARSHMALLOW GONGYS STICK CAJAx216g 18UNID',NULL,4160.00,0.000,0.000,'malvaviscos',21.00,1,'2026-05-12 22:35:58','2026-06-21 13:18:32',3200.00,30.00,0,NULL,1.000,NULL,0.00,0,0,0,NULL,0.000,NULL,0.000,NULL,NULL,NULL,NULL,NULL,NULL,NULL,NULL,0,NULL,'2026-06-11','/static/productos_img/MARSHMALLOW GONGYS STICK CAJAx216g 18UNID (cod 600 ).jpeg'),(89,'601','(28g)MARSHMALLOW GONGYS FRUTIL',NULL,379.18,126.000,0.000,'malvaviscos',21.00,1,'2026-05-12 22:35:58','2026-06-21 13:18:46',291.68,30.00,0,NULL,1.000,NULL,0.00,0,0,0,NULL,0.000,NULL,0.000,NULL,NULL,NULL,NULL,NULL,NULL,NULL,NULL,0,NULL,'2026-06-19','/static/productos_img/(28g)MARSHMALLOW GONGYS FRUTIL (cod 601 ).jpeg'),(90,'602','(28g)MARSHMALLOW GONGYS NUBECI',NULL,379.18,106.000,0.000,'malvaviscos',21.00,1,'2026-05-12 22:35:58','2026-06-21 14:23:56',291.68,30.00,0,NULL,1.000,NULL,0.00,0,0,0,NULL,0.000,NULL,0.000,NULL,NULL,NULL,NULL,NULL,NULL,NULL,NULL,0,NULL,'2026-06-19','/static/productos_img/(28g)MARSHMALLOW GONGYS NUBECI (cod 602 ).jpeg'),(91,'603','(28g)MARSHMALLOW GONGYS.......',NULL,379.18,52.000,0.000,'malvaviscos',21.00,1,'2026-05-12 22:35:58','2026-06-21 14:24:07',291.68,30.00,0,NULL,1.000,NULL,0.00,0,0,0,NULL,0.000,NULL,0.000,NULL,NULL,NULL,NULL,NULL,NULL,NULL,NULL,0,NULL,'2026-06-19','/static/productos_img/(28g)MARSHMALLOW GONGYS....... (cod 603 ).jpeg'),(92,'700','CHOC TOKKE C/LECHE Y MANI 62G',NULL,1861.60,0.000,0.000,'chocolates',21.00,1,'2026-05-12 22:35:58','2026-06-24 13:59:53',1432.00,30.00,0,NULL,1.000,NULL,0.00,0,0,0,NULL,0.000,NULL,0.000,NULL,NULL,NULL,NULL,NULL,NULL,NULL,NULL,0,NULL,'2026-06-10','/static/productos_img/CHOC TOKKE C LECHE Y MANI 62G (cod 700 ).jpeg'),(93,'701','CHOC.TOKKE RELLE.D/LECHE..x72g',NULL,1861.60,5.000,0.000,'chocolates',21.00,1,'2026-05-12 22:35:58','2026-06-23 21:13:05',1432.00,30.00,0,NULL,1.000,NULL,0.00,0,0,0,NULL,0.000,NULL,0.000,NULL,NULL,NULL,NULL,NULL,NULL,NULL,NULL,0,NULL,'2026-06-10','/static/productos_img/CHOC.TOKKE RELLE.D LECHE..x72g (cod 701 ).jpeg'),(94,'702','CHOCOLATE MISKY  NGRO x25g',NULL,787.55,181.000,0.000,'chocolates',21.00,1,'2026-05-12 22:35:58','2026-06-24 13:22:16',605.81,30.00,0,NULL,1.000,NULL,0.00,0,0,0,NULL,0.000,NULL,0.000,NULL,NULL,NULL,NULL,NULL,NULL,NULL,NULL,0,NULL,'2026-06-19','/static/productos_img/CHOCOLATE MISKY NGRO x25g (cod 702 ).jpeg'),(95,'703','CHOCOLATE MISKY  BCO x25g',NULL,787.55,219.000,0.000,'chocolates',21.00,1,'2026-05-12 22:35:58','2026-06-24 13:22:16',605.81,30.00,0,NULL,1.000,NULL,0.00,0,0,0,NULL,0.000,NULL,0.000,NULL,NULL,NULL,NULL,NULL,NULL,NULL,NULL,0,NULL,'2026-06-19','/static/productos_img/CHOCOLATE MISKY BCO x25g (cod 703 ).jpeg'),(96,'704','ROCKLETS 24 X 20GS',NULL,16348.88,20.000,0.000,'chocolates',21.00,1,'2026-05-12 22:35:58','2026-06-23 21:13:05',12479.11,31.01,0,NULL,1.000,NULL,0.00,0,0,0,NULL,0.000,NULL,0.000,NULL,NULL,NULL,NULL,NULL,NULL,NULL,NULL,0,NULL,'2026-06-23','/static/productos_img/ROCKLETS 24 X 20GS (cod 704 ).jpeg'),(97,'705','CHOC. C/MANI COF. BLOCK 20X38GS',NULL,1482.00,61.000,0.000,'chocolates',21.00,1,'2026-05-12 22:35:58','2026-06-24 13:26:03',1140.00,30.00,0,NULL,1.000,NULL,0.00,0,0,0,NULL,0.000,NULL,0.000,NULL,NULL,NULL,NULL,NULL,NULL,NULL,NULL,0,NULL,'2026-06-10','/static/productos_img/CHOC. C MANI COF. BLOCK 20X38GS (cod 705 ).jpeg'),(98,'706','BOCADITO NEVARES DUL.D/LECx15u',NULL,3681.60,10.000,0.000,'chocolates',21.00,1,'2026-05-12 22:35:58','2026-06-22 21:42:20',2832.00,30.00,0,NULL,1.000,NULL,0.00,0,0,0,NULL,0.000,NULL,0.000,NULL,NULL,NULL,NULL,NULL,NULL,NULL,NULL,0,NULL,'2026-06-10','/static/productos_img/BOCADITO NEVARES DUL.D LECx15u (cod 706 ).jpeg'),(99,'707','CREMA KROOMY SURTIDOS ( 48u )',NULL,8601.67,12.000,0.000,'chocolates',21.00,1,'2026-05-12 22:35:58','2026-06-24 13:38:22',6616.67,30.00,0,NULL,1.000,NULL,0.00,0,0,0,NULL,0.000,NULL,0.000,NULL,NULL,NULL,NULL,NULL,NULL,NULL,NULL,0,NULL,'2026-06-19','/static/productos_img/CREMA KROOMY SURTIDOS ( 48u ) (cod 707 ).jpeg'),(100,'708','BONOBON OBLEA LECHE....20ux30g',NULL,850.20,162.000,0.000,'chocolates',21.00,1,'2026-05-12 22:35:58','2026-06-24 11:51:29',654.00,30.00,0,NULL,1.000,NULL,0.00,0,0,0,NULL,0.000,NULL,0.000,NULL,NULL,NULL,NULL,NULL,NULL,NULL,NULL,0,NULL,'2026-06-10','/static/productos_img/BONOBON OBLEA LECHE....20ux30g (cod 708 ).jpeg'),(101,'709','SMACK BAR X12U',NULL,4901.00,7.000,0.000,'chocolates',21.00,1,'2026-05-12 22:35:58','2026-06-21 13:25:59',3770.00,30.00,0,NULL,1.000,NULL,0.00,0,0,0,NULL,0.000,NULL,0.000,NULL,NULL,NULL,NULL,NULL,NULL,NULL,NULL,0,NULL,'2026-06-10','/static/productos_img/SMACK BAR X12U (cod 709 ).jpeg'),(102,'710','OBLEA SMACK RELLENA X33g',NULL,299.00,112.000,0.000,'chocolates',21.00,1,'2026-05-12 22:35:58','2026-06-21 13:26:12',230.00,30.00,0,NULL,1.000,NULL,0.00,0,0,0,NULL,0.000,NULL,0.000,NULL,NULL,NULL,NULL,NULL,NULL,NULL,NULL,0,NULL,NULL,'/static/productos_img/OBLEA SMACK RELLENA X33g (cod 710 ).jpeg'),(103,'712','BOMBON SMACKX 30u',NULL,6467.16,5.000,0.000,'chocolates',21.00,1,'2026-05-12 22:35:58','2026-06-21 13:26:24',4974.74,30.00,0,NULL,1.000,NULL,0.00,0,0,0,NULL,0.000,NULL,0.000,NULL,NULL,NULL,NULL,NULL,NULL,NULL,NULL,0,NULL,'2026-06-19','/static/productos_img/BOMBON SMACKX 30u (cod 712 ).jpeg'),(104,'713','BOMBONES BON O BON 30 X 15GS',NULL,13910.00,7.000,0.000,'chocolates',21.00,1,'2026-05-12 22:35:58','2026-06-24 11:51:29',10700.00,30.00,0,NULL,1.000,NULL,0.00,0,0,0,NULL,0.000,NULL,0.000,NULL,NULL,NULL,NULL,NULL,NULL,NULL,NULL,0,NULL,'2026-06-10','/static/productos_img/BOMBONES BON O BON 30 X 15GS (cod 713 ).jpeg'),(105,'760','CHOC.NUGATON LECHE........x27g',NULL,665.60,74.000,0.000,'chocolates',21.00,1,'2026-05-12 22:35:58','2026-06-24 11:51:29',512.00,30.00,0,NULL,1.000,NULL,0.00,0,0,0,NULL,0.000,NULL,0.000,NULL,NULL,NULL,NULL,NULL,NULL,NULL,NULL,0,NULL,'2026-06-10','/static/productos_img/CHOC.NUGATON LECHE........x27g (cod 760 ).jpeg'),(106,'761','MECANO....................x19g',NULL,722.80,32.000,0.000,'chocolates',21.00,1,'2026-05-12 22:35:58','2026-06-21 13:27:15',556.00,30.00,0,NULL,1.000,NULL,0.00,0,0,0,NULL,0.000,NULL,0.000,NULL,NULL,NULL,NULL,NULL,NULL,NULL,NULL,0,NULL,'2026-06-10','/static/productos_img/MECANO....................x19g (cod 761 ).jpeg'),(107,'762','CREMA DUCREM DIP + CEREAL BAL 18unid',NULL,5772.00,0.000,0.000,'chocolates',21.00,1,'2026-05-12 22:35:58','2026-06-21 13:27:39',4440.00,30.00,0,NULL,1.000,NULL,0.00,0,0,0,NULL,0.000,NULL,0.000,NULL,NULL,NULL,NULL,NULL,NULL,NULL,NULL,0,NULL,'2026-06-10','/static/productos_img/CREMA DUCREM DIP + CEREAL BAL 18unid (cod 762 ).jpeg'),(108,'763','CREMA DUCREM DIP + GRANULETI 18unid',NULL,5772.00,0.000,0.000,'chocolates',21.00,1,'2026-05-12 22:35:58','2026-06-21 13:27:53',4440.00,30.00,0,NULL,1.000,NULL,0.00,0,0,0,NULL,0.000,NULL,0.000,NULL,NULL,NULL,NULL,NULL,NULL,NULL,NULL,0,NULL,'2026-06-10','/static/productos_img/CREMA DUCREM DIP + GRANULETI 18unid (cod 763 ).jpeg'),(109,'714','GUAYMALLEN TRIPLE CHOCOLATE',NULL,465.40,129.000,0.000,'alfajores',21.00,1,'2026-05-12 22:35:58','2026-06-24 13:01:42',358.00,30.00,0,NULL,1.000,NULL,0.00,0,0,0,NULL,0.000,NULL,0.000,NULL,NULL,NULL,NULL,NULL,NULL,NULL,NULL,0,NULL,'2026-06-13','/static/productos_img/prod_d80115bc5a0c41bb9fbb98ae7f35ed58.jpeg'),(110,'715','GUAYMALLEN TRIPLE BLANCO',NULL,465.40,134.000,0.000,'alfajores',21.00,1,'2026-05-12 22:35:58','2026-06-24 13:01:42',358.00,30.00,0,NULL,1.000,NULL,0.00,0,0,0,NULL,0.000,NULL,0.000,NULL,NULL,NULL,NULL,NULL,NULL,NULL,NULL,0,NULL,'2026-06-13','/static/productos_img/GUAYMALLEN TRIPLE BLANCO (cod 715 ).jpeg'),(111,'716','GUAYMALLEN SIMPLE BLANCO',NULL,288.60,292.000,0.000,'alfajores',21.00,1,'2026-05-12 22:35:58','2026-06-24 11:35:22',222.00,30.00,0,NULL,1.000,NULL,0.00,0,0,0,NULL,0.000,NULL,0.000,NULL,NULL,NULL,NULL,NULL,NULL,NULL,NULL,0,NULL,'2026-06-10','/static/productos_img/GUAYMALLEN SIMPLE BLANCO (cod 716 ).jpeg'),(112,'717','GUAYMALLEN SIMPLE CHOCOLATE',NULL,288.60,326.000,0.000,'alfajores',21.00,1,'2026-05-12 22:35:58','2026-06-24 11:35:22',222.00,30.00,0,NULL,1.000,NULL,0.00,0,0,0,NULL,0.000,NULL,0.000,NULL,NULL,NULL,NULL,NULL,NULL,NULL,NULL,0,NULL,'2026-06-10','/static/productos_img/GUAYMALLEN SIMPLE CHOCOLATE (cod 717 ).jpeg'),(113,'718','ALF FANTOCHE TRI.CHOCOLATEx85g',NULL,831.65,248.000,0.000,'alfajores',21.00,1,'2026-05-12 22:35:58','2026-06-24 13:26:03',639.73,30.00,0,NULL,1.000,NULL,0.00,0,0,0,NULL,0.000,NULL,0.000,NULL,NULL,NULL,NULL,NULL,NULL,NULL,NULL,0,NULL,'2026-06-19','/static/productos_img/ALF FANTOCHE TRI.CHOCOLATEx85g (cod 718 ).jpeg'),(114,'719','ALF FANTOCHE TRIPLE BLANCO.x85g',NULL,831.65,140.000,0.000,'alfajores',21.00,1,'2026-05-12 22:35:58','2026-06-24 11:51:29',639.73,30.00,0,NULL,1.000,NULL,0.00,0,0,0,NULL,0.000,NULL,0.000,NULL,NULL,NULL,NULL,NULL,NULL,NULL,NULL,0,NULL,'2026-06-19','/static/productos_img/ALF FANTOCHE TRIPLE BLANCO.x85g (cod 719 ).jpeg'),(115,'720','ALFAJOR RASTA NEGRO X 18U',NULL,1223.30,62.000,0.000,'alfajores',21.00,1,'2026-05-12 22:35:58','2026-06-24 13:26:03',941.00,30.00,0,NULL,1.000,NULL,0.00,0,0,0,NULL,0.000,NULL,0.000,NULL,NULL,NULL,NULL,NULL,NULL,NULL,NULL,0,NULL,'2026-06-13','/static/productos_img/ALFAJOR RASTA NEGRO X 18U (cod 720 ).jpeg'),(116,'721','ALFAJOR RASTA BLANCO X 18U',NULL,1222.99,10077.000,0.000,'alfajores',21.00,1,'2026-05-12 22:35:58','2026-06-21 14:18:53',940.76,30.00,0,NULL,1.000,NULL,0.00,0,0,0,NULL,0.000,NULL,0.000,NULL,NULL,NULL,NULL,NULL,NULL,NULL,NULL,0,NULL,'2026-06-19','/static/productos_img/ALFAJOR RASTA BLANCO X 18U (cod 721 ).jpeg'),(117,'722','ALFAJOR GULA NEGRO X 18U',NULL,1190.80,27.000,0.000,'alfajores',21.00,1,'2026-05-12 22:35:58','2026-06-21 14:19:06',916.00,30.00,0,NULL,1.000,NULL,0.00,0,0,0,NULL,0.000,NULL,0.000,NULL,NULL,NULL,NULL,NULL,NULL,NULL,NULL,0,NULL,'2026-06-10','/static/productos_img/ALFAJOR GULA NEGRO X 18U (cod 722 ).jpeg'),(118,'723','ALFAJOR GULA BLANCO X 18U',NULL,1190.80,0.000,0.000,'alfajores',21.00,1,'2026-05-12 22:35:58','2026-06-21 14:19:26',916.00,30.00,0,NULL,1.000,NULL,0.00,0,0,0,NULL,0.000,NULL,0.000,NULL,NULL,NULL,NULL,NULL,NULL,NULL,NULL,0,NULL,'2026-06-10','/static/productos_img/ALFAJOR GULA BLANCO X 18U (cod 723 ).jpeg'),(119,'724','ALFAJOR GULA KING RALLADO X 18U',NULL,1190.80,10.000,0.000,'alfajores',21.00,1,'2026-05-12 22:35:58','2026-06-21 14:19:37',916.00,30.00,0,NULL,1.000,NULL,0.00,0,0,0,NULL,0.000,NULL,0.000,NULL,NULL,NULL,NULL,NULL,NULL,NULL,NULL,0,NULL,'2026-06-10','/static/productos_img/ALFAJOR GULA KING RALLADO X 18U (cod 724 ).jpeg'),(120,'728','ALF FANTOCHE SUPER TRIPLE NEGx100g',NULL,988.00,182.000,0.000,'alfajores',21.00,1,'2026-05-12 22:35:58','2026-06-23 20:57:23',760.00,30.00,0,NULL,1.000,NULL,0.00,0,0,0,NULL,0.000,NULL,0.000,NULL,NULL,NULL,NULL,NULL,NULL,NULL,NULL,0,NULL,'2026-06-10','/static/productos_img/ALF FANTOCHE SUPER TRIPLE NEGx100g (cod 728 ).jpeg'),(121,'729','ALFAJOR CHOCOTORTA 71,5',NULL,1328.60,7.000,0.000,'alfajores',21.00,1,'2026-05-12 22:35:58','2026-06-24 13:26:03',1022.00,30.00,0,NULL,1.000,NULL,0.00,0,0,0,NULL,0.000,NULL,0.000,NULL,NULL,NULL,NULL,NULL,NULL,NULL,NULL,0,NULL,'2026-06-09','/static/productos_img/ALFAJOR CHOCOTORTA 71,5 (cod 729 ).jpeg'),(122,'735','ALF BON O BON TRIPLE NEGROx60g',NULL,1328.60,87.000,0.000,'alfajores',21.00,1,'2026-05-12 22:35:58','2026-06-23 21:13:05',1022.00,30.00,0,NULL,1.000,NULL,0.00,0,0,0,NULL,0.000,NULL,0.000,NULL,NULL,NULL,NULL,NULL,NULL,NULL,NULL,0,NULL,'2026-06-09','/static/productos_img/ALF BON O BON TRIPLE NEGROx60g (cod 735 ).jpeg'),(123,'736','ALF COFLER BLOCK TRIPLE...x60g',NULL,1328.60,93.000,0.000,'alfajores',21.00,1,'2026-05-12 22:35:58','2026-06-24 13:26:03',1022.00,30.00,0,NULL,1.000,NULL,0.00,0,0,0,NULL,0.000,NULL,0.000,NULL,NULL,NULL,NULL,NULL,NULL,NULL,NULL,0,NULL,'2026-06-09','/static/productos_img/ALF COFLER BLOCK TRIPLE...x60g (cod 736 ).jpeg'),(124,'737','ALF OREO TRIPLE...........x55g',NULL,1433.90,0.000,0.000,'alfajores',21.00,1,'2026-05-12 22:35:58','2026-06-21 14:20:42',1103.00,30.00,0,NULL,1.000,NULL,0.00,0,0,0,NULL,0.000,NULL,0.000,NULL,NULL,NULL,NULL,NULL,NULL,NULL,NULL,0,NULL,'2026-06-13','/static/productos_img/ALF OREO TRIPLE...........x55g (cod 737 ).jpeg'),(125,'738','ALF PEPITOS TRIPLE........x57g',NULL,1433.90,30.000,0.000,'alfajores',21.00,1,'2026-05-12 22:35:58','2026-06-23 21:13:05',1103.00,30.00,0,NULL,1.000,NULL,0.00,0,0,0,NULL,0.000,NULL,0.000,NULL,NULL,NULL,NULL,NULL,NULL,NULL,NULL,0,NULL,'2026-06-13','/static/productos_img/ALF PEPITOS TRIPLE........x57g (cod 738 ).jpeg'),(126,'739','ALF RASTA MAICENA TRICOx100g',NULL,1670.50,9.000,0.000,'alfajores',21.00,1,'2026-05-12 22:35:58','2026-06-21 14:21:03',1285.00,30.00,0,NULL,1.000,NULL,0.00,0,0,0,NULL,0.000,NULL,0.000,NULL,NULL,NULL,NULL,NULL,NULL,NULL,NULL,0,NULL,'2026-06-10','/static/productos_img/ALF RASTA MAICENA TRICOx100g (cod 739 ).jpeg'),(127,'740','ALF PESCADO RAUL SIMPLE NEGRO.x50g',NULL,690.30,83.000,0.000,'alfajores',21.00,1,'2026-05-12 22:35:58','2026-06-24 11:51:29',531.00,30.00,0,NULL,1.000,NULL,0.00,0,0,0,NULL,0.000,NULL,0.000,NULL,NULL,NULL,NULL,NULL,NULL,NULL,NULL,0,NULL,'2026-06-10','/static/productos_img/ALF PESCADO RAUL SIMPLE NEGRO.x50g (cod 740 ).jpeg'),(128,'741','ALF PESCADO RAUL SIMPLE BLANCO.x50g',NULL,690.30,31.000,0.000,'alfajores',21.00,1,'2026-05-12 22:35:58','2026-06-24 11:51:29',531.00,30.00,0,NULL,1.000,NULL,0.00,0,0,0,NULL,0.000,NULL,0.000,NULL,NULL,NULL,NULL,NULL,NULL,NULL,NULL,0,NULL,'2026-06-10','/static/productos_img/ALF PESCADO RAUL SIMPLE BLANCO.x50g (cod 741 ).jpeg'),(129,'751','TURRON MISKY',NULL,199.39,308.000,0.000,'turrones',21.00,1,'2026-05-12 22:35:58','2026-06-24 11:51:29',153.38,30.00,0,NULL,1.000,NULL,0.00,0,0,0,NULL,0.000,NULL,0.000,NULL,NULL,NULL,NULL,NULL,NULL,NULL,NULL,0,NULL,'2026-06-19','/static/productos_img/TURRON MISKY (cod 751 ).jpeg'),(130,'800','GIRASOL PIPAS..........30ux18g',NULL,7563.56,7.000,0.000,'girasoles',21.00,1,'2026-05-12 22:35:58','2026-06-21 14:35:40',5818.12,30.00,0,NULL,1.000,NULL,0.00,0,0,0,NULL,0.000,NULL,0.000,NULL,NULL,NULL,NULL,NULL,NULL,NULL,NULL,0,NULL,'2026-06-19','/static/productos_img/GIRASOL PIPAS..........30ux18g (cod 800 ).jpeg'),(131,'801','GIRASOL PIPAS GIGANTES.12ux50g',NULL,7500.28,26.000,0.000,'girasoles',21.00,1,'2026-05-12 22:35:58','2026-06-24 11:35:22',5769.45,30.00,0,NULL,1.000,NULL,0.00,0,0,0,NULL,0.000,NULL,0.000,NULL,NULL,NULL,NULL,NULL,NULL,NULL,NULL,0,NULL,'2026-06-21','/static/productos_img/GIRASOL PIPAS GIGANTES.12ux50g (cod 801 ).jpeg'),(132,'900','JUGO ARCOR POLVO NARANJA..x18u',NULL,5310.00,8.000,0.000,'jugos en polvo',21.00,1,'2026-05-12 22:35:58','2026-06-23 17:27:35',4085.00,29.99,0,NULL,1.000,NULL,0.00,0,0,0,NULL,0.000,NULL,0.000,NULL,NULL,NULL,NULL,NULL,NULL,NULL,NULL,0,NULL,'2026-06-23','/static/productos_img/JUGO ARCOR POLVO NARANJA..x18u (cod 900 ).jpeg'),(133,'901','JUGO ARCOR POLVO NARANJA DULCE..x18u',NULL,5309.71,0.000,0.000,'jugos en polvo',21.00,1,'2026-05-12 22:35:58','2026-06-24 13:37:35',4084.71,29.99,0,NULL,1.000,NULL,0.00,0,0,0,NULL,0.000,NULL,0.000,NULL,NULL,NULL,NULL,NULL,NULL,NULL,NULL,0,NULL,'2026-06-23','/static/productos_img/JUGO ARCOR POLVO NARANJA DULCE..x18u (cod 901 ).jpeg'),(134,'902','JUGO ARCOR POLVO NARAN.DURAZNOx18u',NULL,5310.00,6.000,0.000,'jugos en polvo',21.00,1,'2026-05-12 22:35:58','2026-06-23 17:27:37',4085.00,29.99,0,NULL,1.000,NULL,0.00,0,0,0,NULL,0.000,NULL,0.000,NULL,NULL,NULL,NULL,NULL,NULL,NULL,NULL,0,NULL,'2026-06-23','/static/productos_img/JUGO ARCOR POLVO NARAN.DURAZNOx18u (cod 902 ).jpeg'),(135,'903','JUGO ARCOR POLVO MANZANA..x18u',NULL,5310.00,13.000,0.000,'jugos en polvo',21.00,1,'2026-05-12 22:35:58','2026-06-23 17:27:40',4085.00,29.99,0,NULL,1.000,NULL,0.00,0,0,0,NULL,0.000,NULL,0.000,NULL,NULL,NULL,NULL,NULL,NULL,NULL,NULL,0,NULL,'2026-06-23','/static/productos_img/JUGO ARCOR POLVO MANZANA..x18u (cod 903 ).jpeg'),(136,'904','JUGO ARCOR POLVO MULTIFRUTx18u',NULL,5310.00,8.000,0.000,'jugos en polvo',21.00,1,'2026-05-12 22:35:58','2026-06-23 17:27:42',4085.00,29.99,0,NULL,1.000,NULL,0.00,0,0,0,NULL,0.000,NULL,0.000,NULL,NULL,NULL,NULL,NULL,NULL,NULL,NULL,0,NULL,'2026-06-23','/static/productos_img/JUGO ARCOR POLVO MULTIFRUTx18u (cod 904 ).jpeg'),(137,'905','JUGO ARCOR POLVO LIMONADA.x18u',NULL,5309.71,0.000,0.000,'jugos en polvo',21.00,1,'2026-05-12 22:35:58','2026-06-24 13:37:35',4084.71,29.99,0,NULL,1.000,NULL,0.00,0,0,0,NULL,0.000,NULL,0.000,NULL,NULL,NULL,NULL,NULL,NULL,NULL,NULL,0,NULL,'2026-06-23','/static/productos_img/JUGO ARCOR POLVO LIMONADA.x18u (cod 905 ).jpeg'),(138,'906','JUGO ARCOR POLVO FRUT/ANANA/BANANA',NULL,5310.00,11.000,0.000,'jugos en polvo',21.00,1,'2026-05-12 22:35:58','2026-06-23 17:27:08',4085.00,29.99,0,NULL,1.000,NULL,0.00,0,0,0,NULL,0.000,NULL,0.000,NULL,NULL,NULL,NULL,NULL,NULL,NULL,NULL,0,NULL,'2026-06-23','/static/productos_img/JUGO ARCOR POLVO FRUT ANANA BANANA (cod 906 ).jpeg'),(139,'907','JUGO ARCOR POLVO NARANJA BANANA.x18u',NULL,5310.00,11.000,0.000,'jugos en polvo',21.00,1,'2026-05-12 22:35:58','2026-06-23 17:27:09',4085.00,29.99,0,NULL,1.000,NULL,0.00,0,0,0,NULL,0.000,NULL,0.000,NULL,NULL,NULL,NULL,NULL,NULL,NULL,NULL,0,NULL,'2026-06-23','/static/productos_img/JUGO ARCOR POLVO NARANJA BANANA.x18u (cod 907 ).jpeg'),(140,'908','JUGO ARCOR POLVO ANANA.x18u',NULL,5310.00,26.000,0.000,'jugos en polvo',21.00,1,'2026-05-12 22:35:58','2026-06-23 17:27:10',4085.00,29.99,0,NULL,1.000,NULL,0.00,0,0,0,NULL,0.000,NULL,0.000,NULL,NULL,NULL,NULL,NULL,NULL,NULL,NULL,0,NULL,'2026-06-23','/static/productos_img/JUGO ARCOR POLVO ANANA.x18u (cod 908 ).jpeg'),(141,'909','JUGO ARCOR POLVO NARANJA MANGO.x18u',NULL,5310.00,12.000,0.000,'jugos en polvo',21.00,1,'2026-05-12 22:35:58','2026-06-23 17:27:11',4085.00,29.99,0,NULL,1.000,NULL,0.00,0,0,0,NULL,0.000,NULL,0.000,NULL,NULL,NULL,NULL,NULL,NULL,NULL,NULL,0,NULL,'2026-06-23','/static/productos_img/JUGO ARCOR POLVO NARANJA MANGO.x18u (cod 909 ).jpeg'),(142,'910','JUGO ARCOR POLVO POM.ROSADx18u',NULL,5310.00,0.000,0.000,'jugos en polvo',21.00,1,'2026-05-12 22:35:58','2026-06-23 17:27:12',4085.00,29.99,0,NULL,1.000,NULL,0.00,0,0,0,NULL,0.000,NULL,0.000,NULL,NULL,NULL,NULL,NULL,NULL,NULL,NULL,0,NULL,'2026-06-23','/static/productos_img/JUGO ARCOR POLVO POM.ROSADx18u (cod 910 ).jpeg'),(143,'911','JUGO ARCOR POLVO DURAZNO..x18u',NULL,5310.00,0.000,0.000,'jugos en polvo',21.00,1,'2026-05-12 22:35:58','2026-06-23 17:27:14',4085.00,29.99,0,NULL,1.000,NULL,0.00,0,0,0,NULL,0.000,NULL,0.000,NULL,NULL,NULL,NULL,NULL,NULL,NULL,NULL,0,NULL,'2026-06-23','/static/productos_img/JUGO ARCOR POLVO DURAZNO..x18u (cod 911 ).jpeg'),(144,'918','CERVEZA 361 PET............x1l',NULL,1664.00,98.000,0.000,'cervezas',21.00,1,'2026-05-12 22:35:58','2026-06-21 15:25:36',1280.00,30.00,0,NULL,1.000,NULL,0.00,0,0,0,NULL,0.000,NULL,0.000,NULL,NULL,NULL,NULL,NULL,NULL,NULL,NULL,0,NULL,'2026-06-13','/static/productos_img/CERVEZA 361 PET............x1l (cod 918 ).jpeg'),(145,'931','BAGGIO DURAZNO...........x200m',NULL,530.40,36.000,0.000,'jugos frutales',21.00,1,'2026-05-12 22:35:58','2026-06-21 15:09:55',408.00,30.00,0,NULL,1.000,NULL,0.00,0,0,0,NULL,0.000,NULL,0.000,NULL,NULL,NULL,NULL,NULL,NULL,NULL,NULL,0,NULL,'2026-06-11','/static/productos_img/BAGGIO DURAZNO...........x200m (cod 931 ).jpeg'),(146,'932','BAGGIO MANZANA...........x200m',NULL,530.18,99.000,0.000,'jugos frutales',21.00,1,'2026-05-12 22:35:58','2026-06-21 15:10:12',407.83,30.00,0,NULL,1.000,NULL,0.00,0,0,0,NULL,0.000,NULL,0.000,NULL,NULL,NULL,NULL,NULL,NULL,NULL,NULL,0,NULL,'2026-06-19','/static/productos_img/BAGGIO MANZANA...........x200m (cod 932 ).jpeg'),(147,'933','BAGGIO NARANJA...........x200m',NULL,530.18,57.000,0.000,'jugos frutales',21.00,1,'2026-05-12 22:35:58','2026-06-21 15:10:26',407.83,30.00,0,NULL,1.000,NULL,0.00,0,0,0,NULL,0.000,NULL,0.000,NULL,NULL,NULL,NULL,NULL,NULL,NULL,NULL,0,NULL,'2026-06-19','/static/productos_img/BAGGIO NARANJA...........x200m (cod 933 ).jpeg'),(148,'934','BAGGIO MULTIFRUTAL.......x200m',NULL,530.18,81.000,0.000,'jugos frutales',21.00,1,'2026-05-12 22:35:58','2026-06-24 13:38:22',407.83,30.00,0,NULL,1.000,NULL,0.00,0,0,0,NULL,0.000,NULL,0.000,NULL,NULL,NULL,NULL,NULL,NULL,NULL,NULL,0,NULL,'2026-06-19','/static/productos_img/BAGGIO MULTIFRUTAL.......x200m (cod 934 ).jpeg'),(149,'937','LECHE CHOCOLATADA FANTOCHE.....x200m',NULL,1040.00,0.000,0.000,'leche chocolatada',21.00,1,'2026-05-12 22:35:58','2026-06-21 15:34:41',800.00,30.00,0,NULL,1.000,NULL,0.00,0,0,0,NULL,0.000,NULL,0.000,NULL,NULL,NULL,NULL,NULL,NULL,NULL,NULL,0,NULL,'2026-06-11','/static/productos_img/LECHE CHOCOLATADA FANTOCHE.....x200m (cod 937 ).jpeg'),(150,'1000','MAGDAL DON SATUR REL.D/LEx250g',NULL,2080.00,0.000,0.000,'galletas',21.00,1,'2026-05-12 22:35:58','2026-06-21 15:11:10',1600.00,30.00,0,NULL,1.000,NULL,0.00,0,0,0,NULL,0.000,NULL,0.000,NULL,NULL,NULL,NULL,NULL,NULL,NULL,NULL,0,NULL,'2026-06-11','/static/productos_img/MAGDAL DON SATUR REL.D LEx250g (cod 1000 ).jpeg'),(151,'1001','MAGDAL DON SATUR VAINILLAx250g',NULL,2080.00,0.000,0.000,'galletas',21.00,1,'2026-05-12 22:35:58','2026-06-21 15:11:29',1600.00,30.00,0,NULL,1.000,NULL,0.00,0,0,0,NULL,0.000,NULL,0.000,NULL,NULL,NULL,NULL,NULL,NULL,NULL,NULL,0,NULL,'2026-06-11','/static/productos_img/MAGDAL DON SATUR VAINILLAx250g (cod 1001 ).jpeg'),(152,'1002','MAGDAL DON SATUR MARMOLADx250g',NULL,2080.00,0.000,0.000,'galletas',21.00,1,'2026-05-12 22:35:58','2026-06-21 15:11:43',1600.00,30.00,0,NULL,1.000,NULL,0.00,0,0,0,NULL,0.000,NULL,0.000,NULL,NULL,NULL,NULL,NULL,NULL,NULL,NULL,0,NULL,'2026-06-11','/static/productos_img/MAGDAL DON SATUR MARMOLADx250g (cod 1002 ).jpeg'),(153,'1003','MAGD DON SATUR CHOC/D/D/Lx250g',NULL,2080.00,8.000,0.000,'galletas',21.00,1,'2026-05-12 22:35:58','2026-06-21 15:12:05',1600.00,30.00,0,NULL,1.000,NULL,0.00,0,0,0,NULL,0.000,NULL,0.000,NULL,NULL,NULL,NULL,NULL,NULL,NULL,NULL,0,NULL,'2026-06-11','/static/productos_img/MAGD DON SATUR CHOC D D Lx250g (cod 1003 ).jpeg'),(154,'1004','MAGDAL DON SATUR C/CHIPS.x250g',NULL,2080.00,0.000,0.000,'galletas',21.00,1,'2026-05-12 22:35:58','2026-06-21 15:12:26',1600.00,30.00,0,NULL,1.000,NULL,0.00,0,0,0,NULL,0.000,NULL,0.000,NULL,NULL,NULL,NULL,NULL,NULL,NULL,NULL,0,NULL,'2026-06-11','/static/productos_img/MAGDAL DON SATUR C CHIPS.x250g (cod 1004 ).jpeg'),(155,'1010','DON SATUR BIZCOCH.GRASA x200g',NULL,1148.19,169.000,0.000,'galletas',21.00,1,'2026-05-12 22:35:58','2026-06-23 20:57:23',883.22,30.00,0,NULL,1.000,NULL,0.00,0,0,0,NULL,0.000,NULL,0.000,NULL,NULL,NULL,NULL,NULL,NULL,NULL,NULL,0,NULL,'2026-06-19','/static/productos_img/DON SATUR BIZCOCH.GRASA x200g (cod 1010 ).jpeg'),(156,'1011','DON SATUR BIZCOCHO DULCE.x200g',NULL,1148.19,97.000,0.000,'galletas',21.00,1,'2026-05-12 22:35:58','2026-06-21 15:13:02',883.22,30.00,0,NULL,1.000,NULL,0.00,0,0,0,NULL,0.000,NULL,0.000,NULL,NULL,NULL,NULL,NULL,NULL,NULL,NULL,0,NULL,'2026-06-19','/static/productos_img/DON SATUR BIZCOCHO DULCE.x200g (cod 1011 ).jpeg'),(157,'1012','DON SATUR BIZCOCH.NEGRITOx200g',NULL,1232.40,58.000,0.000,'galletas',21.00,1,'2026-05-12 22:35:58','2026-06-21 15:14:01',948.00,30.00,0,NULL,1.000,NULL,0.00,0,0,0,NULL,0.000,NULL,0.000,NULL,NULL,NULL,NULL,NULL,NULL,NULL,NULL,0,NULL,'2026-06-13','/static/productos_img/DON SATUR BIZCOCH.NEGRITOx200g (cod 1012 ).jpeg'),(158,'1014','GALL TRIO PEPAS..........x320g',NULL,1243.10,48.000,0.000,'galletas',21.00,1,'2026-05-12 22:35:58','2026-06-21 15:14:16',956.23,30.00,0,NULL,1.000,NULL,0.00,0,0,0,NULL,0.000,NULL,0.000,NULL,NULL,NULL,NULL,NULL,NULL,NULL,NULL,0,NULL,'2026-06-19','/static/productos_img/GALL TRIO PEPAS..........x320g (cod 1014 ).jpeg'),(159,'1015','GALL TRIO PEPAS C/CHIPS..x300g',NULL,1363.32,55.000,0.000,'galletas',21.00,1,'2026-05-12 22:35:58','2026-06-21 15:15:29',1048.71,30.00,0,NULL,1.000,NULL,0.00,0,0,0,NULL,0.000,NULL,0.000,NULL,NULL,NULL,NULL,NULL,NULL,NULL,NULL,0,NULL,'2026-06-19','/static/productos_img/GALL TRIO PEPAS C CHIPS..x300g (cod 1015 ).jpeg'),(160,'1017','GALL TRIO TRICHOC........x300g',NULL,1363.32,31.000,0.000,'galletas',21.00,1,'2026-05-12 22:35:58','2026-06-23 20:57:23',1048.71,30.00,0,NULL,1.000,NULL,0.00,0,0,0,NULL,0.000,NULL,0.000,NULL,NULL,NULL,NULL,NULL,NULL,NULL,NULL,0,NULL,'2026-06-19','/static/productos_img/GALL TRIO TRICHOC........x300g (cod 1017 ).jpeg'),(161,'1018','GALL TRIO GLASY..........x300g',NULL,1363.32,41.000,0.000,'galletas',21.00,1,'2026-05-12 22:35:58','2026-06-21 15:16:08',1048.71,30.00,0,NULL,1.000,NULL,0.00,0,0,0,NULL,0.000,NULL,0.000,NULL,NULL,NULL,NULL,NULL,NULL,NULL,NULL,0,NULL,'2026-06-19','/static/productos_img/GALL TRIO GLASY..........x300g (cod 1018 ).jpeg'),(162,'1022','.9 DE ORO GRASA',NULL,1190.80,110.000,0.000,'galletas',21.00,1,'2026-05-12 22:35:58','2026-06-23 21:13:05',916.00,30.00,0,NULL,1.000,NULL,0.00,0,0,0,NULL,0.000,NULL,0.000,NULL,NULL,NULL,NULL,NULL,NULL,NULL,NULL,0,NULL,'2026-06-11','/static/productos_img/.9 DE ORO GRASA (cod 1022 ).jpeg'),(163,'1023','.9 DE ORO AGRIDULCE',NULL,1190.80,71.000,0.000,'galletas',21.00,1,'2026-05-12 22:35:58','2026-06-24 11:51:29',916.00,30.00,0,NULL,1.000,NULL,0.00,0,0,0,NULL,0.000,NULL,0.000,NULL,NULL,NULL,NULL,NULL,NULL,NULL,NULL,0,NULL,'2026-06-11','/static/productos_img/.9 DE ORO AGRIDULCE (cod 1023 ).jpeg'),(164,'1024','.9 DE ORO AZUCARADO',NULL,1190.80,14.000,0.000,'galletas',21.00,1,'2026-05-12 22:35:58','2026-06-23 12:39:44',916.00,30.00,0,NULL,1.000,NULL,0.00,0,0,0,NULL,0.000,NULL,0.000,NULL,NULL,NULL,NULL,NULL,NULL,NULL,NULL,0,NULL,'2026-06-11','/static/productos_img/.9 DE ORO AZUCARADO (cod 1024 ).jpeg'),(165,'1029','VARIEDAD.................x390g',NULL,2574.00,6.000,0.000,'galletas',21.00,1,'2026-05-12 22:35:58','2026-06-23 21:13:05',1980.00,30.00,0,NULL,1.000,NULL,0.00,0,0,0,NULL,0.000,NULL,0.000,NULL,NULL,NULL,NULL,NULL,NULL,NULL,NULL,0,NULL,'2026-06-11','/static/productos_img/VARIEDAD.................x390g (cod 1029 ).jpeg'),(166,'1030','SURTIDO BAGLEY...........x400g',NULL,2678.00,11.000,0.000,'galletas',21.00,1,'2026-05-12 22:35:58','2026-06-24 13:22:16',2060.00,30.00,0,NULL,1.000,NULL,0.00,0,0,0,NULL,0.000,NULL,0.000,NULL,NULL,NULL,NULL,NULL,NULL,NULL,NULL,0,NULL,'2026-06-11','/static/productos_img/SURTIDO BAGLEY...........x400g (cod 1030 ).jpeg'),(167,'1031','GALL.DIVERSION SURTIDA...x400g',NULL,2340.00,13.000,0.000,'galletas',21.00,1,'2026-05-12 22:35:58','2026-06-24 13:26:03',1800.00,30.00,0,NULL,1.000,NULL,0.00,0,0,0,NULL,0.000,NULL,0.000,NULL,NULL,NULL,NULL,NULL,NULL,NULL,NULL,0,NULL,'2026-06-11','/static/productos_img/GALL.DIVERSION SURTIDA...x400g (cod 1031 ).jpeg'),(168,'1032','GALL LA PROVIDENCIA TRIP.x303g',NULL,1222.00,40.000,0.000,'galletas',21.00,1,'2026-05-12 22:35:58','2026-06-21 15:19:23',940.00,30.00,0,NULL,1.000,NULL,0.00,0,0,0,NULL,0.000,NULL,0.000,NULL,NULL,NULL,NULL,NULL,NULL,NULL,NULL,0,NULL,'2026-06-11','/static/productos_img/GALL LA PROVIDENCIA TRIP.x303g (cod 1032 ).jpeg'),(169,'960','MANI TARRO CERVECERO ORIGINAL',NULL,1525.20,35.000,0.000,'manies',21.00,1,'2026-05-12 22:35:58','2026-06-24 13:26:03',820.00,86.00,0,NULL,1.000,NULL,0.00,0,0,0,NULL,0.000,NULL,0.000,NULL,NULL,NULL,NULL,NULL,NULL,NULL,NULL,0,NULL,'2026-06-09','/static/productos_img/MANI TARRO CERVECERO ORIGINAL (cod 960 ).jpeg'),(170,'961','MANI TARRO CERVECERO PIZZA',NULL,1525.20,60.000,0.000,'manies',21.00,1,'2026-05-12 22:35:58','2026-06-24 13:26:03',820.00,86.00,0,NULL,1.000,NULL,0.00,0,0,0,NULL,0.000,NULL,0.000,NULL,NULL,NULL,NULL,NULL,NULL,NULL,NULL,0,NULL,'2026-06-09','/static/productos_img/MANI TARRO CERVECERO PIZZA (cod 961 ).jpeg'),(171,'962','MANI TARRO CERVECERO JAMON',NULL,1525.20,57.000,0.000,'manies',21.00,1,'2026-05-12 22:35:58','2026-06-24 13:26:03',820.00,86.00,0,NULL,1.000,NULL,0.00,0,0,0,NULL,0.000,NULL,0.000,NULL,NULL,NULL,NULL,NULL,NULL,NULL,NULL,0,NULL,'2026-06-09','/static/productos_img/MANI TARRO CERVECERO JAMON (cod 962 ).jpeg'),(172,'963','MANI TARRO  CERVECERO SALAME',NULL,1525.20,28.000,0.000,'manies',21.00,1,'2026-05-12 22:35:58','2026-06-24 13:05:49',820.00,86.00,0,NULL,1.000,NULL,0.00,0,0,0,NULL,0.000,NULL,0.000,NULL,NULL,NULL,NULL,NULL,NULL,NULL,NULL,0,NULL,'2026-06-09','/static/productos_img/MANI TARRO CERVECERO SALAME (cod 963 ).jpeg'),(173,'964','MANI TARRO CERVECERO QUESO',NULL,1525.20,41.000,0.000,'manies',21.00,1,'2026-05-12 22:35:58','2026-06-24 13:05:49',820.00,86.00,0,NULL,1.000,NULL,0.00,0,0,0,NULL,0.000,NULL,0.000,NULL,NULL,NULL,NULL,NULL,NULL,NULL,NULL,0,NULL,'2026-06-09','/static/productos_img/MANI TARRO CERVECERO QUESO (cod 964 ).jpeg'),(174,'965','MANI TARRO CERVECERO PROVENZAL',NULL,1525.20,0.000,0.000,'manies',21.00,1,'2026-05-12 22:35:58','2026-06-23 12:39:44',820.00,86.00,0,NULL,1.000,NULL,0.00,0,0,0,NULL,0.000,NULL,0.000,NULL,NULL,NULL,NULL,NULL,NULL,NULL,NULL,0,NULL,'2026-06-09','/static/productos_img/MANI TARRO CERVECERO PROVENZAL (cod 965 ).jpeg'),(175,'968','MANI TARRO CON PIEL',NULL,1525.20,1.000,0.000,'manies',21.00,1,'2026-05-12 22:35:58','2026-06-22 21:38:54',820.00,86.00,0,NULL,1.000,NULL,0.00,0,0,0,NULL,0.000,NULL,0.000,NULL,NULL,NULL,NULL,NULL,NULL,NULL,NULL,0,NULL,'2026-06-09','/static/productos_img/MANI TARRO CON PIEL (cod 968 ).jpeg'),(176,'969','MANI TARRO SIN PIEL',NULL,1525.20,45.000,0.000,'manies',21.00,1,'2026-05-12 22:35:58','2026-06-24 13:05:49',820.00,86.00,0,NULL,1.000,NULL,0.00,0,0,0,NULL,0.000,NULL,0.000,NULL,NULL,NULL,NULL,NULL,NULL,NULL,NULL,0,NULL,'2026-06-09','/static/productos_img/MANI TARRO SIN PIEL (cod 969 ).jpeg'),(177,'970','MANI CON CASCARA',NULL,1525.20,63.000,0.000,'manies',21.00,1,'2026-05-12 22:35:58','2026-06-24 13:07:04',820.00,86.00,0,NULL,1.000,NULL,0.00,0,0,0,NULL,0.000,NULL,0.000,NULL,NULL,NULL,NULL,NULL,NULL,NULL,NULL,0,NULL,'2026-06-09','/static/productos_img/MANI CON CASCARA (cod 970 ).jpeg'),(178,'972','MANI TARRO SIN PIEL \"SIN SAL\"',NULL,1525.20,9.000,0.000,'manies',21.00,1,'2026-05-12 22:35:58','2026-06-21 15:22:13',820.00,86.00,0,NULL,1.000,NULL,0.00,0,0,0,NULL,0.000,NULL,0.000,NULL,NULL,NULL,NULL,NULL,NULL,NULL,NULL,0,NULL,'2026-06-09','/static/productos_img/MANI TARRO SIN PIEL SIN SAL (cod 972 ).jpeg'),(179,'980','PAPAS FRITAS COPETIN PEÑA \"800gr\"',NULL,7800.00,3.000,0.000,NULL,21.00,1,'2026-05-12 22:35:58','2026-06-23 12:39:44',6000.00,30.00,0,NULL,1.000,NULL,0.00,0,0,0,NULL,0.000,NULL,0.000,NULL,NULL,NULL,NULL,NULL,NULL,NULL,NULL,0,NULL,'2026-06-09','/static/productos_img/PAPAS FRITAS COPETIN PEÑA 1KG (cod 980 ).jpeg'),(180,'1100','PAPEL DRPIN CELLULOSE....',NULL,637.00,43.000,0.000,NULL,21.00,1,'2026-05-12 22:35:58','2026-06-13 21:07:50',490.00,30.00,0,NULL,1.000,NULL,0.00,0,0,0,NULL,0.000,NULL,0.000,NULL,NULL,NULL,NULL,NULL,NULL,NULL,NULL,0,NULL,'2026-06-11','/static/productos_img/PAPEL DRPIN CELLULOSE.... (cod 1100 ).jpeg'),(181,'1120','ENC COCINA CANDELA CLASICO x25',NULL,7280.00,6.000,0.000,NULL,21.00,1,'2026-05-12 22:35:58','2026-06-17 15:30:26',5600.00,30.00,0,NULL,1.000,NULL,0.00,0,0,0,NULL,0.000,NULL,0.000,NULL,NULL,NULL,NULL,NULL,NULL,NULL,NULL,0,NULL,'2026-06-11','/static/productos_img/ENC COCINA CANDELA CLASICO x25 (cod 1120 ).jpeg'),(182,'1121','ENC COCINA ECONOMICO TRANSPARENTE x 25 unid',NULL,6864.00,7.000,0.000,NULL,21.00,1,'2026-05-12 22:35:58','2026-06-11 12:19:07',5280.00,30.00,0,NULL,1.000,NULL,0.00,0,0,0,NULL,0.000,NULL,0.000,NULL,NULL,NULL,NULL,NULL,NULL,NULL,NULL,0,NULL,'2026-06-11','/static/productos_img/ENC COCINA ECONOMICO TRANSPARENTE x 25 unid (cod 1121 ).jpeg'),(183,'2222','PASTILLAS BULL DOG MIX (((SURTIDAS))) X12U',NULL,4316.00,1.000,0.000,'pastillas',21.00,1,'2026-05-12 22:35:58','2026-06-21 15:22:54',3320.00,30.00,0,NULL,1.000,NULL,0.00,0,0,0,NULL,0.000,NULL,0.000,NULL,NULL,NULL,NULL,NULL,NULL,NULL,NULL,0,NULL,'2026-06-11','/static/productos_img/PASTILLAS BULL DOG MIX (((SURTIDAS))) X12U (cod 2222 ).jpeg'),(184,'3333','GOMA BULL DOG.REGALIZ (((SURTIDAS))).CJAx12u',NULL,3250.00,1.000,0.000,'gomas',21.00,1,'2026-05-12 22:35:58','2026-06-21 15:31:01',2500.00,30.00,0,NULL,1.000,NULL,0.00,0,0,0,NULL,0.000,NULL,0.000,NULL,NULL,NULL,NULL,NULL,NULL,NULL,NULL,0,NULL,'2026-06-11','/static/productos_img/GOMA BULL DOG.REGALIZ (((SURTIDAS))).CJAx12u (cod 3333 ).jpeg'),(185,'4444','YUMMY  (((SURTIDAS))) X 12 UND',NULL,5018.00,1.000,0.000,'gomas',21.00,1,'2026-05-12 22:35:58','2026-06-21 15:31:19',3860.00,30.00,0,NULL,1.000,NULL,0.00,0,0,0,NULL,0.000,NULL,0.000,NULL,NULL,NULL,NULL,NULL,NULL,NULL,NULL,0,NULL,'2026-06-11','/static/productos_img/YUMMY (((SURTIDAS))) X 12 UND (cod 4444 ).jpeg'),(186,'1212','MENTITAS (((SURTIDAS))) X 12 UND',NULL,4134.00,0.000,0.000,'pastillas',21.00,1,'2026-05-12 22:35:58','2026-06-21 15:31:34',3180.00,30.00,0,NULL,1.000,NULL,0.00,0,0,0,NULL,0.000,NULL,0.000,NULL,NULL,NULL,NULL,NULL,NULL,NULL,NULL,0,NULL,'2026-06-11','/static/productos_img/MENTITAS (((SURTIDAS))) X 12 UND (cod 1212 ).jpeg'),(187,'1111','MENTITAS KIDS (((SURTIDAS))) X 12 UND',NULL,4134.00,1.000,0.000,'pastillas',21.00,1,'2026-05-12 22:35:58','2026-06-21 15:31:57',3180.00,30.00,0,NULL,1.000,NULL,0.00,0,0,0,NULL,0.000,NULL,0.000,NULL,NULL,NULL,NULL,NULL,NULL,NULL,NULL,0,NULL,'2026-06-11','/static/productos_img/MENTITAS KIDS (((SURTIDAS))) X 12 UND (cod 1111 ).jpeg'),(188,'6886','MENTHO PLUS ((SURTIDO))......x12u',NULL,6240.00,1.000,0.000,'pastillas',21.00,1,'2026-05-12 22:35:58','2026-06-22 21:42:20',4800.00,30.00,0,NULL,1.000,NULL,0.00,0,0,0,NULL,0.000,NULL,0.000,NULL,NULL,NULL,NULL,NULL,NULL,NULL,NULL,0,NULL,'2026-06-11','/static/productos_img/MENTHO PLUS ((SURTIDO))......x12u (cod 6886 ).jpeg'),(189,'7076','BELDENT FRESH SPARKS SURTIDO',NULL,12610.00,2.000,0.000,'chicles',21.00,1,'2026-05-12 22:35:58','2026-06-24 11:35:22',9700.00,30.00,0,NULL,1.000,NULL,0.00,0,0,0,NULL,0.000,NULL,0.000,NULL,NULL,NULL,NULL,NULL,NULL,NULL,NULL,0,NULL,'2026-06-11','/static/productos_img/BELDENT FRESH SPARKS SURTIDO (cod 7076 ).jpeg'),(190,'144','TOP LINE SEVEN MENTA',NULL,11622.00,6.000,100.000,'chicles',21.00,1,'2026-05-30 16:44:53','2026-06-24 13:38:22',8940.00,30.00,0,NULL,1.000,NULL,0.00,0,0,0,NULL,0.000,NULL,0.000,NULL,NULL,NULL,NULL,NULL,NULL,NULL,NULL,0,NULL,'2026-06-10','/static/productos_img/TOP LINE SEVEN MENTA (cod 144 ).jpeg'),(191,'276','MOGUL FRUTILLA ACIDA X 500',NULL,6474.00,4.000,1.000,'gomas',21.00,1,'2026-05-30 17:09:07','2026-06-23 21:13:05',4980.00,30.00,0,NULL,1.000,NULL,0.00,0,0,0,NULL,0.000,NULL,0.000,NULL,NULL,NULL,NULL,NULL,NULL,NULL,NULL,0,NULL,'2026-06-11','/static/productos_img/MOGUL FRUTILLA ACIDA.....x500g (cod 276 ).jpeg'),(192,'936','LECHE CHOCOLATADA BAGGIO X200',NULL,1040.00,0.000,0.000,'leche chocolatada',21.00,1,'2026-06-01 00:40:55','2026-06-21 15:35:10',800.00,30.00,0,NULL,1.000,NULL,0.00,0,0,0,NULL,0.000,NULL,0.000,NULL,NULL,NULL,NULL,NULL,NULL,NULL,NULL,0,NULL,'2026-06-11','/static/productos_img/LECHE CHOCOLATADA BAGGIO.x200m (cod 936 ).jpeg'),(193,'711','BOMBON VAUQUITA',NULL,7891.00,0.000,0.000,'chocolates',21.00,1,'2026-06-01 00:42:19','2026-06-23 12:39:44',6070.00,30.00,0,NULL,1.000,NULL,0.00,0,0,0,NULL,0.000,NULL,0.000,NULL,NULL,NULL,NULL,NULL,NULL,NULL,NULL,0,NULL,'2026-06-10','/static/productos_img/BOMBON VAUQUITA X 30u (cod 711 ).jpeg'),(194,'742','ALF MINI TORTA AGUILA X69G',NULL,1328.60,71.000,0.000,'alfajores',21.00,1,'2026-06-01 00:43:53','2026-06-24 11:51:29',1022.00,30.00,0,NULL,1.000,NULL,0.00,0,0,0,NULL,0.000,NULL,0.000,NULL,NULL,NULL,NULL,NULL,NULL,NULL,NULL,0,NULL,'2026-06-09','/static/productos_img/ALF MINI TORTA AGUILA.....x69g (cod 742 ).jpeg'),(195,'743','ALF MINI TORTA AGUILA BROWNIE X74G',NULL,1328.60,85.000,0.000,'alfajores',21.00,1,'2026-06-01 00:44:40','2026-06-24 11:51:29',1022.00,30.00,0,NULL,1.000,NULL,0.00,0,0,0,NULL,0.000,NULL,0.000,NULL,NULL,NULL,NULL,NULL,NULL,NULL,NULL,0,NULL,'2026-06-09','/static/productos_img/ALF MINITOR.AGUILA BROWNIEx74g (cod 743 ).jpeg'),(196,'502','PASTILLAS BULL DOG UVA/MANDARINA  X12U',NULL,4602.00,6.000,0.000,'pastillas',21.00,1,'2026-06-01 00:46:41','2026-06-21 15:27:00',3540.00,30.00,0,NULL,1.000,NULL,0.00,0,0,0,NULL,0.000,NULL,0.000,NULL,NULL,NULL,NULL,NULL,NULL,NULL,NULL,0,NULL,'2026-06-11',NULL),(197,'1033','SERRANITAS OFERTA 14 X3 X315G',NULL,1387.00,0.000,0.000,'galletas',21.00,1,'2026-06-01 00:49:17','2026-06-24 13:37:35',1066.92,30.00,0,NULL,1.000,NULL,0.00,0,0,0,NULL,0.000,NULL,0.000,NULL,NULL,NULL,NULL,NULL,NULL,NULL,NULL,0,'14361','2026-06-23','/static/productos_img/SERRANITAS OFERTA 14 X 3 X 315g (cod 1033 ).jpeg'),(198,'1034','SERRANAS SANDWICH 16 X3X 112G',NULL,1605.38,97.000,0.000,'galletas',21.00,1,'2026-06-01 00:51:06','2026-06-23 17:47:43',1234.91,30.00,0,NULL,1.000,NULL,0.00,0,0,0,NULL,0.000,NULL,0.000,NULL,NULL,NULL,NULL,NULL,NULL,NULL,NULL,0,'7049','2026-06-23','/static/productos_img/SERRANAS SANDWICH 16 X 3 X 112GR (cod 1034 ).jpeg'),(199,'286','GOMITAS DOCILE GAJOS SURTIDO X500',NULL,3224.00,11.000,0.000,'gomas',21.00,1,'2026-06-01 00:56:34','2026-06-23 15:57:06',2480.00,30.00,0,NULL,1.000,NULL,0.00,0,0,0,NULL,0.000,NULL,0.000,NULL,NULL,NULL,NULL,NULL,NULL,NULL,NULL,0,NULL,'2026-06-10','/static/productos_img/GOMITA DOCILE GAJOS SURTIDO..x500g (cod 286 ).jpeg'),(200,'287','GOMITAS DOCILE CONITO SINO SUTIDO X500',NULL,3224.00,10.000,0.000,'gomas',21.00,1,'2026-06-01 00:57:24','2026-06-23 21:13:05',2480.00,30.00,0,NULL,1.000,NULL,0.00,0,0,0,NULL,0.000,NULL,0.000,NULL,NULL,NULL,NULL,NULL,NULL,NULL,NULL,0,NULL,'2026-06-10','/static/productos_img/GOMITA DOCILE CONITO SINO SURTIDO..x500g (cod 287 ).jpeg'),(201,'3466','BONOBON OBLEA BLANCO 20X30G',NULL,850.20,74.000,0.000,'chocolates',21.00,1,'2026-06-01 20:56:43','2026-06-24 11:51:29',654.00,30.00,0,NULL,1.000,NULL,0.00,0,0,0,NULL,0.000,NULL,0.000,NULL,NULL,NULL,NULL,NULL,NULL,NULL,NULL,0,NULL,'2026-06-10','/static/productos_img/prod_28ba6469f4314c9f97270abb6dd1dba8.jpeg'),(202,'973','CEREAL MIX PLACERES CHOCOL X23G',NULL,844.06,0.000,0.000,'cereales',21.00,1,'2026-06-02 17:25:01','2026-06-21 15:32:44',766.91,10.06,0,NULL,1.000,NULL,0.00,0,0,0,NULL,0.000,NULL,0.000,NULL,NULL,NULL,NULL,NULL,NULL,NULL,NULL,0,NULL,'2026-06-02',NULL),(203,'974','CEREAL MIX ORIGINAL X23G',NULL,844.05,0.000,0.000,'cereales',21.00,1,'2026-06-02 17:30:09','2026-06-21 15:33:07',766.90,10.06,0,NULL,1.000,NULL,0.00,0,0,0,NULL,0.000,NULL,0.000,NULL,NULL,NULL,NULL,NULL,NULL,NULL,NULL,0,NULL,'2026-06-02',NULL),(204,'975','CEREAL MIX YOGH/FRUT.LIGHT X28G',NULL,844.06,0.000,0.000,'cereales',21.00,1,'2026-06-02 17:31:25','2026-06-21 15:33:21',766.91,10.06,0,NULL,1.000,NULL,0.00,0,0,0,NULL,0.000,NULL,0.000,NULL,NULL,NULL,NULL,NULL,NULL,NULL,NULL,0,NULL,'2026-06-02',NULL),(205,'288','GOMITA DOCILE MIX DIVERTIDO X250',NULL,2756.00,14.000,0.000,'gomas',21.00,1,'2026-06-02 17:37:06','2026-06-24 13:54:57',2120.00,30.00,0,NULL,1.000,NULL,0.00,0,0,0,NULL,0.000,NULL,0.000,NULL,NULL,NULL,NULL,NULL,NULL,NULL,NULL,0,NULL,'2026-06-24',NULL),(206,'3000','PROD VARIOS',NULL,66474.20,1.000,0.000,NULL,21.00,1,'2026-06-02 21:20:25','2026-06-21 15:35:55',51134.00,30.00,0,NULL,1.000,NULL,0.00,0,0,0,NULL,0.000,NULL,0.000,NULL,NULL,NULL,NULL,NULL,NULL,NULL,NULL,0,NULL,'2026-06-02',NULL),(207,'981','MANI JAPONES',NULL,6500.00,4.000,0.000,'manies',21.00,1,'2026-06-08 22:06:10','2026-06-21 15:29:15',5000.00,30.00,0,NULL,1.000,NULL,0.00,0,0,0,NULL,0.000,NULL,0.000,NULL,NULL,NULL,NULL,NULL,NULL,NULL,NULL,0,NULL,'2026-06-09',NULL),(208,'227','MORITA YUMMY X 12UN',NULL,5460.00,0.000,0.000,'gomas',21.00,1,'2026-06-11 14:40:35','2026-06-21 15:29:37',4200.00,30.00,0,NULL,1.000,NULL,0.00,0,0,0,NULL,0.000,NULL,0.000,NULL,NULL,NULL,NULL,NULL,NULL,NULL,NULL,0,NULL,'2026-06-13',NULL),(209,'277','MOGUL OSITOS X 500gr',NULL,6474.00,5.000,0.000,'gomas',21.00,1,'2026-06-19 13:14:46','2026-06-19 13:24:01',4980.00,30.00,0,NULL,1.000,NULL,0.00,0,0,0,NULL,0.000,NULL,0.000,NULL,NULL,NULL,NULL,NULL,NULL,NULL,NULL,0,NULL,'2026-06-19',NULL),(210,'725','ALF GOAT NEGRO X75G',NULL,1375.30,84.000,0.000,'alfajores',21.00,1,'2026-06-23 17:31:24','2026-06-24 13:43:03',1057.92,30.00,0,NULL,1.000,NULL,0.00,0,0,0,NULL,0.000,NULL,0.000,NULL,NULL,NULL,NULL,NULL,NULL,NULL,NULL,0,'15489','2026-06-23','/static/productos_img/prod_6c5477184b5f482098ce81d6c566bd35.jpeg'),(211,'278','MOGUL LADRILLO BLUEB X500G MUNDIAL',NULL,5969.17,18.000,0.000,'gomas',21.00,1,'2026-06-23 17:33:22','2026-06-24 13:43:03',4591.67,30.00,0,NULL,1.000,NULL,0.00,0,0,0,NULL,0.000,NULL,0.000,NULL,NULL,NULL,NULL,NULL,NULL,NULL,NULL,0,'15109','2026-06-23','/static/productos_img/prod_18585287ed0f4a228da7fd9ea0ab67fa.jpeg');
/*!40000 ALTER TABLE `producto` ENABLE KEYS */;
UNLOCK TABLES;

--
-- Table structure for table `producto_costo_historico`
--

DROP TABLE IF EXISTS `producto_costo_historico`;
/*!40101 SET @saved_cs_client     = @@character_set_client */;
/*!50503 SET character_set_client = utf8mb4 */;
CREATE TABLE `producto_costo_historico` (
  `id` int(11) NOT NULL AUTO_INCREMENT,
  `producto_id` int(11) NOT NULL,
  `factura_compra_id` int(11) DEFAULT NULL,
  `costo_anterior` decimal(10,2) DEFAULT NULL,
  `costo_nuevo` decimal(10,2) DEFAULT NULL,
  `margen_anterior` decimal(10,2) DEFAULT NULL,
  `margen2_anterior` decimal(5,2) DEFAULT NULL,
  `margen3_anterior` decimal(5,2) DEFAULT NULL,
  `margen4_anterior` decimal(5,2) DEFAULT NULL,
  `margen5_anterior` decimal(5,2) DEFAULT NULL,
  `precio_anterior` decimal(10,2) DEFAULT NULL,
  `precio2_anterior` decimal(10,2) DEFAULT NULL,
  `precio3_anterior` decimal(10,2) DEFAULT NULL,
  `precio4_anterior` decimal(10,2) DEFAULT NULL,
  `precio5_anterior` decimal(10,2) DEFAULT NULL,
  `stock_anterior` decimal(10,3) DEFAULT NULL,
  `fecha` datetime NOT NULL DEFAULT current_timestamp(),
  `usuario_id` int(11) DEFAULT NULL,
  `motivo` varchar(100) DEFAULT NULL COMMENT 'compra, anulacion, manual',
  PRIMARY KEY (`id`),
  KEY `fk_pch_producto` (`producto_id`),
  KEY `fk_pch_factura` (`factura_compra_id`),
  KEY `fk_pch_usuario` (`usuario_id`),
  KEY `idx_pch_producto_fecha` (`producto_id`,`fecha`),
  CONSTRAINT `fk_pch_factura` FOREIGN KEY (`factura_compra_id`) REFERENCES `factura_compra` (`id`) ON DELETE SET NULL,
  CONSTRAINT `fk_pch_producto` FOREIGN KEY (`producto_id`) REFERENCES `producto` (`id`),
  CONSTRAINT `fk_pch_usuario` FOREIGN KEY (`usuario_id`) REFERENCES `usuario` (`id`)
) ENGINE=InnoDB AUTO_INCREMENT=117 DEFAULT CHARSET=utf8mb4 COLLATE=utf8mb4_unicode_ci;
/*!40101 SET character_set_client = @saved_cs_client */;

--
-- Dumping data for table `producto_costo_historico`
--

LOCK TABLES `producto_costo_historico` WRITE;
/*!40000 ALTER TABLE `producto_costo_historico` DISABLE KEYS */;
INSERT INTO `producto_costo_historico` VALUES (1,38,1,5198.40,4683.66,16.29,NULL,NULL,NULL,NULL,6045.22,NULL,NULL,NULL,NULL,3.000,'2026-06-01 18:17:05',NULL,'compra'),(2,39,1,5203.20,4683.66,16.18,NULL,NULL,NULL,NULL,6045.00,NULL,NULL,NULL,NULL,7.000,'2026-06-01 18:17:05',NULL,'compra'),(3,100,1,681.67,613.96,20.00,NULL,NULL,NULL,NULL,818.00,NULL,NULL,NULL,NULL,0.000,'2026-06-01 18:17:05',NULL,'compra'),(4,201,1,0.00,613.96,38.00,NULL,NULL,NULL,NULL,0.00,NULL,NULL,NULL,NULL,0.000,'2026-06-01 18:17:05',NULL,'compra'),(5,123,1,1070.83,961.93,20.00,NULL,NULL,NULL,NULL,1285.00,NULL,NULL,NULL,NULL,0.000,'2026-06-01 18:17:05',NULL,'compra'),(6,86,1,5333.33,4533.67,20.00,NULL,NULL,NULL,NULL,6400.00,NULL,NULL,NULL,NULL,1.000,'2026-06-01 18:17:05',NULL,'compra'),(7,84,1,5333.33,4533.67,20.00,NULL,NULL,NULL,NULL,6400.00,NULL,NULL,NULL,NULL,1.000,'2026-06-01 18:17:05',NULL,'compra'),(8,87,1,5333.33,4533.67,20.00,NULL,NULL,NULL,NULL,6400.00,NULL,NULL,NULL,NULL,0.000,'2026-06-01 18:17:05',NULL,'compra'),(9,1,1,2495.87,4533.67,21.00,NULL,NULL,NULL,NULL,3020.00,NULL,NULL,NULL,NULL,4.000,'2026-06-01 18:17:05',NULL,'compra'),(10,40,1,5858.46,4683.66,16.07,NULL,NULL,NULL,NULL,6800.00,NULL,NULL,NULL,NULL,6.000,'2026-06-01 18:17:05',NULL,'compra'),(11,104,1,11333.33,9994.27,20.00,NULL,NULL,NULL,NULL,13600.00,NULL,NULL,NULL,NULL,0.000,'2026-06-01 18:17:05',NULL,'compra'),(12,191,1,4718.00,4683.66,40.00,NULL,NULL,NULL,NULL,6605.20,NULL,NULL,NULL,NULL,0.000,'2026-06-01 18:17:05',NULL,'compra'),(13,47,1,5896.56,4683.66,15.32,NULL,NULL,NULL,NULL,6800.00,NULL,NULL,NULL,NULL,0.000,'2026-06-01 18:17:05',NULL,'compra'),(14,194,1,921.42,961.93,40.00,NULL,NULL,NULL,NULL,1289.99,NULL,NULL,NULL,NULL,6.000,'2026-06-01 18:17:05',NULL,'compra'),(15,195,1,921.42,961.93,40.00,NULL,NULL,NULL,NULL,1289.99,NULL,NULL,NULL,NULL,4.000,'2026-06-01 18:17:05',NULL,'compra'),(16,132,1,3916.67,3676.73,20.00,NULL,NULL,NULL,NULL,4700.00,NULL,NULL,NULL,NULL,0.000,'2026-06-01 18:17:05',NULL,'compra'),(17,136,1,3916.67,3676.73,20.00,NULL,NULL,NULL,NULL,4700.00,NULL,NULL,NULL,NULL,0.000,'2026-06-01 18:17:05',NULL,'compra'),(18,139,1,3916.67,3676.73,20.00,NULL,NULL,NULL,NULL,4700.00,NULL,NULL,NULL,NULL,0.000,'2026-06-01 18:17:05',NULL,'compra'),(19,141,1,3916.67,3676.73,20.00,NULL,NULL,NULL,NULL,4700.00,NULL,NULL,NULL,NULL,3.000,'2026-06-01 18:17:05',NULL,'compra'),(20,138,1,3916.67,3676.73,20.00,NULL,NULL,NULL,NULL,4700.00,NULL,NULL,NULL,NULL,0.000,'2026-06-01 18:17:05',NULL,'compra'),(21,122,1,1038.33,961.93,20.00,NULL,NULL,NULL,NULL,1246.00,NULL,NULL,NULL,NULL,0.000,'2026-06-01 18:17:05',NULL,'compra'),(22,121,1,1070.83,961.93,20.00,NULL,NULL,NULL,NULL,1285.00,NULL,NULL,NULL,NULL,0.000,'2026-06-01 18:17:05',NULL,'compra'),(23,206,2,0.00,51134.00,30.00,NULL,NULL,NULL,NULL,0.00,NULL,NULL,NULL,NULL,0.000,'2026-06-02 18:23:14',3,'compra'),(24,120,3,779.17,642.74,20.00,NULL,NULL,NULL,NULL,935.00,NULL,NULL,NULL,NULL,105.000,'2026-06-02 20:48:53',3,'compra'),(25,95,3,605.80,608.65,30.00,NULL,NULL,NULL,NULL,787.54,NULL,NULL,NULL,NULL,78.000,'2026-06-02 20:48:53',3,'compra'),(26,94,3,605.80,608.65,30.00,NULL,NULL,NULL,NULL,787.54,NULL,NULL,NULL,NULL,60.000,'2026-06-02 20:48:54',3,'compra'),(27,128,3,534.70,500.73,29.05,NULL,NULL,NULL,NULL,690.03,NULL,NULL,NULL,NULL,47.000,'2026-06-02 20:48:54',3,'compra'),(28,127,3,534.70,537.20,29.06,NULL,NULL,NULL,NULL,690.08,NULL,NULL,NULL,NULL,129.000,'2026-06-02 20:48:54',3,'compra'),(29,6,3,10500.00,9494.31,20.00,NULL,NULL,NULL,NULL,12600.00,NULL,NULL,NULL,NULL,0.000,'2026-06-02 20:48:54',3,'compra'),(30,163,3,914.95,919.26,30.07,NULL,NULL,NULL,NULL,1190.08,NULL,NULL,NULL,NULL,7.000,'2026-06-02 20:48:54',3,'compra'),(31,164,3,914.95,919.26,30.07,NULL,NULL,NULL,NULL,1190.08,NULL,NULL,NULL,NULL,25.000,'2026-06-02 20:48:54',3,'compra'),(32,162,3,914.95,919.26,30.07,NULL,NULL,NULL,NULL,1190.08,NULL,NULL,NULL,NULL,100.000,'2026-06-02 20:48:54',3,'compra'),(33,52,3,2448.90,2461.46,29.85,NULL,NULL,NULL,NULL,3179.90,NULL,NULL,NULL,NULL,16.000,'2026-06-02 20:48:54',3,'compra'),(34,29,3,6807.80,6839.85,29.99,NULL,NULL,NULL,NULL,8849.46,NULL,NULL,NULL,NULL,4.000,'2026-06-02 20:48:54',3,'compra'),(35,27,3,6807.78,6839.76,29.99,NULL,NULL,NULL,NULL,8849.43,NULL,NULL,NULL,NULL,6.000,'2026-06-02 20:48:54',3,'compra'),(36,13,3,3811.22,3829.15,29.89,NULL,NULL,NULL,NULL,4950.39,NULL,NULL,NULL,NULL,1.000,'2026-06-02 20:48:54',3,'compra'),(37,19,3,3811.22,3829.15,29.90,NULL,NULL,NULL,NULL,4950.77,NULL,NULL,NULL,NULL,0.000,'2026-06-02 20:48:54',3,'compra'),(38,17,3,3811.22,3829.15,29.90,NULL,NULL,NULL,NULL,4950.77,NULL,NULL,NULL,NULL,0.000,'2026-06-02 20:48:54',3,'compra'),(39,12,3,3811.22,3829.15,29.88,NULL,NULL,NULL,NULL,4950.01,NULL,NULL,NULL,NULL,0.000,'2026-06-02 20:48:54',3,'compra'),(40,18,3,3811.22,3829.15,29.88,NULL,NULL,NULL,NULL,4950.01,NULL,NULL,NULL,NULL,0.000,'2026-06-02 20:48:54',3,'compra'),(41,10,3,3811.22,3829.15,29.88,NULL,NULL,NULL,NULL,4950.01,NULL,NULL,NULL,NULL,1.000,'2026-06-02 20:48:54',3,'compra'),(42,11,3,3811.22,3829.15,29.88,NULL,NULL,NULL,NULL,4950.01,NULL,NULL,NULL,NULL,1.000,'2026-06-02 20:48:54',3,'compra'),(43,129,3,153.38,154.10,29.75,NULL,NULL,NULL,NULL,199.01,NULL,NULL,NULL,NULL,43.000,'2026-06-02 20:48:54',3,'compra'),(44,144,3,1200.00,1205.64,30.00,NULL,NULL,NULL,NULL,1560.00,NULL,NULL,NULL,NULL,44.000,'2026-06-02 20:48:54',3,'compra'),(45,176,4,1013.33,479.99,50.00,NULL,NULL,NULL,NULL,1520.00,NULL,NULL,NULL,NULL,13.000,'2026-06-08 19:09:38',3,'compra'),(46,175,4,1013.33,479.99,50.00,NULL,NULL,NULL,NULL,1520.00,NULL,NULL,NULL,NULL,16.000,'2026-06-08 19:09:38',3,'compra'),(47,177,4,1013.33,540.00,50.00,NULL,NULL,NULL,NULL,1520.00,NULL,NULL,NULL,NULL,40.000,'2026-06-08 19:09:38',3,'compra'),(48,173,4,1013.33,540.00,50.00,NULL,NULL,NULL,NULL,1520.00,NULL,NULL,NULL,NULL,10.000,'2026-06-08 19:09:38',3,'compra'),(49,170,4,1013.33,540.00,50.00,NULL,NULL,NULL,NULL,1520.00,NULL,NULL,NULL,NULL,1.000,'2026-06-08 19:09:38',3,'compra'),(50,172,4,1013.33,540.00,50.00,NULL,NULL,NULL,NULL,1520.00,NULL,NULL,NULL,NULL,6.000,'2026-06-08 19:09:38',3,'compra'),(51,169,4,1013.33,540.00,50.00,NULL,NULL,NULL,NULL,1520.00,NULL,NULL,NULL,NULL,0.000,'2026-06-08 19:09:38',3,'compra'),(52,171,4,1013.33,540.00,50.00,NULL,NULL,NULL,NULL,1520.00,NULL,NULL,NULL,NULL,1.000,'2026-06-08 19:09:38',3,'compra'),(53,174,4,1013.33,540.00,50.00,NULL,NULL,NULL,NULL,1520.00,NULL,NULL,NULL,NULL,1.000,'2026-06-08 19:09:38',3,'compra'),(54,179,4,7416.67,5999.99,20.00,NULL,NULL,NULL,NULL,8900.00,NULL,NULL,NULL,NULL,0.000,'2026-06-08 19:09:38',3,'compra'),(55,207,4,0.00,5000.00,60.00,NULL,NULL,NULL,NULL,0.00,NULL,NULL,NULL,NULL,0.000,'2026-06-08 19:09:38',3,'compra'),(56,13,5,3820.00,3811.22,30.00,NULL,NULL,NULL,NULL,4966.00,NULL,NULL,NULL,NULL,3.000,'2026-06-19 17:56:07',3,'compra'),(57,19,5,3820.00,3811.22,30.00,NULL,NULL,NULL,NULL,4966.00,NULL,NULL,NULL,NULL,1.000,'2026-06-19 17:56:07',3,'compra'),(58,17,5,3820.00,3811.22,30.00,NULL,NULL,NULL,NULL,4966.00,NULL,NULL,NULL,NULL,5.000,'2026-06-19 17:56:07',3,'compra'),(59,18,5,3820.00,3811.22,30.00,NULL,NULL,NULL,NULL,4966.00,NULL,NULL,NULL,NULL,0.000,'2026-06-19 17:56:07',3,'compra'),(60,24,5,4200.00,3811.22,30.00,NULL,NULL,NULL,NULL,5460.00,NULL,NULL,NULL,NULL,0.000,'2026-06-19 17:56:07',3,'compra'),(61,14,5,3820.00,3811.22,30.00,NULL,NULL,NULL,NULL,4966.00,NULL,NULL,NULL,NULL,4.000,'2026-06-19 17:56:07',3,'compra'),(62,129,5,154.00,153.38,30.00,NULL,NULL,NULL,NULL,200.20,NULL,NULL,NULL,NULL,158.000,'2026-06-19 17:56:07',3,'compra'),(63,147,5,408.00,407.83,30.00,NULL,NULL,NULL,NULL,530.40,NULL,NULL,NULL,NULL,21.000,'2026-06-19 17:56:07',3,'compra'),(64,148,5,408.00,407.83,30.00,NULL,NULL,NULL,NULL,530.40,NULL,NULL,NULL,NULL,9.000,'2026-06-19 17:56:07',3,'compra'),(65,146,5,408.00,407.83,30.00,NULL,NULL,NULL,NULL,530.40,NULL,NULL,NULL,NULL,27.000,'2026-06-19 17:56:07',3,'compra'),(66,113,5,640.00,639.73,30.00,NULL,NULL,NULL,NULL,832.00,NULL,NULL,NULL,NULL,0.000,'2026-06-19 17:56:07',3,'compra'),(67,114,5,640.00,639.73,30.00,NULL,NULL,NULL,NULL,832.00,NULL,NULL,NULL,NULL,12.000,'2026-06-19 17:56:07',3,'compra'),(68,116,5,941.00,940.76,30.00,NULL,NULL,NULL,NULL,1223.30,NULL,NULL,NULL,NULL,10009.000,'2026-06-19 17:56:07',3,'compra'),(69,94,5,608.65,605.81,30.00,NULL,NULL,NULL,NULL,791.25,NULL,NULL,NULL,NULL,99.000,'2026-06-19 17:56:07',3,'compra'),(70,90,5,288.00,291.68,30.00,NULL,NULL,NULL,NULL,374.40,NULL,NULL,NULL,NULL,58.000,'2026-06-19 17:56:07',3,'compra'),(71,63,5,5080.00,5068.86,30.00,NULL,NULL,NULL,NULL,6604.00,NULL,NULL,NULL,NULL,15.000,'2026-06-19 17:56:07',3,'compra'),(72,65,5,6620.00,7235.11,30.00,NULL,NULL,NULL,NULL,8606.00,NULL,NULL,NULL,NULL,5.000,'2026-06-19 17:56:07',3,'compra'),(73,68,5,4000.00,3929.70,30.00,NULL,NULL,NULL,NULL,5200.00,NULL,NULL,NULL,NULL,6.000,'2026-06-19 17:56:07',3,'compra'),(74,91,5,288.00,291.68,30.00,NULL,NULL,NULL,NULL,374.40,NULL,NULL,NULL,NULL,4.000,'2026-06-19 17:56:07',3,'compra'),(75,89,5,288.00,291.68,30.00,NULL,NULL,NULL,NULL,374.40,NULL,NULL,NULL,NULL,78.000,'2026-06-19 17:56:07',3,'compra'),(76,131,5,5820.00,5769.45,30.00,NULL,NULL,NULL,NULL,7566.00,NULL,NULL,NULL,NULL,12.000,'2026-06-19 17:56:07',3,'compra'),(77,130,5,5820.00,5818.12,30.00,NULL,NULL,NULL,NULL,7566.00,NULL,NULL,NULL,NULL,1.000,'2026-06-19 17:56:07',3,'compra'),(78,161,5,950.00,1048.71,30.00,NULL,NULL,NULL,NULL,1235.00,NULL,NULL,NULL,NULL,17.000,'2026-06-19 17:56:07',3,'compra'),(79,159,5,950.00,1048.71,30.00,NULL,NULL,NULL,NULL,1235.00,NULL,NULL,NULL,NULL,31.000,'2026-06-19 17:56:07',3,'compra'),(80,158,5,874.00,956.23,30.00,NULL,NULL,NULL,NULL,1136.20,NULL,NULL,NULL,NULL,0.000,'2026-06-19 17:56:07',3,'compra'),(81,160,5,950.00,1048.71,30.00,NULL,NULL,NULL,NULL,1235.00,NULL,NULL,NULL,NULL,15.000,'2026-06-19 17:56:07',3,'compra'),(82,156,5,948.00,883.22,30.00,NULL,NULL,NULL,NULL,1232.40,NULL,NULL,NULL,NULL,67.000,'2026-06-19 17:56:07',3,'compra'),(83,155,5,948.00,883.22,30.00,NULL,NULL,NULL,NULL,1232.40,NULL,NULL,NULL,NULL,131.000,'2026-06-19 17:56:07',3,'compra'),(84,29,5,6808.00,6807.79,30.00,NULL,NULL,NULL,NULL,8850.40,NULL,NULL,NULL,NULL,4.000,'2026-06-19 17:56:07',3,'compra'),(85,27,5,6808.00,6807.79,30.00,NULL,NULL,NULL,NULL,8850.40,NULL,NULL,NULL,NULL,10.000,'2026-06-19 17:56:07',3,'compra'),(86,28,5,6808.00,6807.79,30.00,NULL,NULL,NULL,NULL,8850.40,NULL,NULL,NULL,NULL,4.000,'2026-06-19 17:56:07',3,'compra'),(87,31,5,4000.00,3998.34,30.00,NULL,NULL,NULL,NULL,5200.00,NULL,NULL,NULL,NULL,8.000,'2026-06-19 17:56:07',3,'compra'),(88,30,5,4000.00,3998.34,30.00,NULL,NULL,NULL,NULL,5200.00,NULL,NULL,NULL,NULL,13.000,'2026-06-19 17:56:07',3,'compra'),(89,20,5,4200.00,4188.85,30.00,NULL,NULL,NULL,NULL,5460.00,NULL,NULL,NULL,NULL,2.000,'2026-06-19 17:56:07',3,'compra'),(90,10,5,3820.00,4188.86,30.00,NULL,NULL,NULL,NULL,4966.00,NULL,NULL,NULL,NULL,4.000,'2026-06-19 17:56:07',3,'compra'),(91,11,5,3820.00,4188.86,30.00,NULL,NULL,NULL,NULL,4966.00,NULL,NULL,NULL,NULL,3.000,'2026-06-19 17:56:07',3,'compra'),(92,25,5,4200.00,4188.85,30.00,NULL,NULL,NULL,NULL,5460.00,NULL,NULL,NULL,NULL,2.000,'2026-06-19 17:56:07',3,'compra'),(93,75,5,3540.00,3480.45,30.00,NULL,NULL,NULL,NULL,4602.00,NULL,NULL,NULL,NULL,3.000,'2026-06-19 17:56:07',3,'compra'),(94,73,5,3540.00,3480.45,30.00,NULL,NULL,NULL,NULL,4602.00,NULL,NULL,NULL,NULL,3.000,'2026-06-19 17:56:07',3,'compra'),(95,72,5,3540.00,3480.45,30.00,NULL,NULL,NULL,NULL,4602.00,NULL,NULL,NULL,NULL,0.000,'2026-06-19 17:56:07',3,'compra'),(96,95,5,608.65,605.81,30.00,NULL,NULL,NULL,NULL,791.25,NULL,NULL,NULL,NULL,152.000,'2026-06-19 17:56:07',3,'compra'),(97,99,5,6616.00,6616.67,30.00,NULL,NULL,NULL,NULL,8600.80,NULL,NULL,NULL,NULL,5.000,'2026-06-19 17:56:07',3,'compra'),(98,103,5,4994.00,4974.74,30.00,NULL,NULL,NULL,NULL,6492.20,NULL,NULL,NULL,NULL,1.000,'2026-06-19 17:56:07',3,'compra'),(99,6,5,9460.00,9449.85,30.00,NULL,NULL,NULL,NULL,12298.00,NULL,NULL,NULL,NULL,0.000,'2026-06-19 17:56:07',3,'compra'),(100,8,5,9460.00,9449.85,30.00,NULL,NULL,NULL,NULL,12298.00,NULL,NULL,NULL,NULL,2.000,'2026-06-19 17:56:07',3,'compra'),(101,7,5,9460.00,9449.85,30.00,NULL,NULL,NULL,NULL,12298.00,NULL,NULL,NULL,NULL,1.000,'2026-06-19 17:56:07',3,'compra'),(102,15,5,3820.00,3811.22,30.00,NULL,NULL,NULL,NULL,4966.00,NULL,NULL,NULL,NULL,2.000,'2026-06-19 17:56:07',3,'compra'),(103,16,5,3820.00,3811.22,30.00,NULL,NULL,NULL,NULL,4966.00,NULL,NULL,NULL,NULL,8.000,'2026-06-19 17:56:07',3,'compra'),(104,96,6,12480.00,12479.11,31.01,NULL,NULL,NULL,NULL,16350.05,NULL,NULL,NULL,NULL,9.000,'2026-06-23 14:47:43',3,'compra'),(105,56,6,4045.00,4044.71,30.04,NULL,NULL,NULL,NULL,5260.00,NULL,NULL,NULL,NULL,2.000,'2026-06-23 14:47:43',3,'compra'),(106,38,6,4684.00,4683.67,30.21,NULL,NULL,NULL,NULL,6099.00,NULL,NULL,NULL,NULL,4.000,'2026-06-23 14:47:43',3,'compra'),(107,198,6,1235.00,1234.91,30.00,NULL,NULL,NULL,NULL,1605.50,NULL,NULL,NULL,NULL,33.000,'2026-06-23 14:47:43',3,'compra'),(108,87,6,4534.00,4533.68,37.63,NULL,NULL,NULL,NULL,6240.00,NULL,NULL,NULL,NULL,5.000,'2026-06-23 14:47:43',3,'compra'),(109,54,6,3737.00,3736.73,31.15,NULL,NULL,NULL,NULL,4901.00,NULL,NULL,NULL,NULL,0.000,'2026-06-23 14:47:43',3,'compra'),(110,211,6,4592.00,4591.67,30.00,NULL,NULL,NULL,NULL,5969.60,NULL,NULL,NULL,NULL,0.000,'2026-06-23 14:47:43',3,'compra'),(111,197,6,1067.00,1066.92,30.00,NULL,NULL,NULL,NULL,1387.10,NULL,NULL,NULL,NULL,0.000,'2026-06-23 14:47:43',3,'compra'),(112,137,6,4085.00,4084.71,29.99,NULL,NULL,NULL,NULL,5310.00,NULL,NULL,NULL,NULL,0.000,'2026-06-23 14:47:43',3,'compra'),(113,133,6,4085.00,4084.71,29.99,NULL,NULL,NULL,NULL,5310.00,NULL,NULL,NULL,NULL,0.000,'2026-06-23 14:47:43',3,'compra'),(114,47,6,4684.00,4683.67,38.22,NULL,NULL,NULL,NULL,6474.00,NULL,NULL,NULL,NULL,6.000,'2026-06-23 14:47:43',3,'compra'),(115,43,6,4718.00,4717.66,37.22,NULL,NULL,NULL,NULL,6474.00,NULL,NULL,NULL,NULL,1.000,'2026-06-23 14:47:43',3,'compra'),(116,210,6,1058.00,1057.92,30.00,NULL,NULL,NULL,NULL,1375.40,NULL,NULL,NULL,NULL,0.000,'2026-06-23 14:47:43',3,'compra');
/*!40000 ALTER TABLE `producto_costo_historico` ENABLE KEYS */;
UNLOCK TABLES;

--
-- Table structure for table `producto_proveedor`
--

DROP TABLE IF EXISTS `producto_proveedor`;
/*!40101 SET @saved_cs_client     = @@character_set_client */;
/*!50503 SET character_set_client = utf8mb4 */;
CREATE TABLE `producto_proveedor` (
  `id` int(11) NOT NULL AUTO_INCREMENT,
  `producto_id` int(11) NOT NULL,
  `proveedor_id` int(11) NOT NULL,
  `codigo_proveedor` varchar(50) NOT NULL,
  `fecha_creacion` datetime NOT NULL DEFAULT current_timestamp(),
  PRIMARY KEY (`id`),
  UNIQUE KEY `uk_pp_producto_proveedor` (`producto_id`,`proveedor_id`),
  KEY `idx_pp_codigo_proveedor` (`proveedor_id`,`codigo_proveedor`),
  CONSTRAINT `fk_pp_producto_schiro` FOREIGN KEY (`producto_id`) REFERENCES `producto` (`id`) ON DELETE CASCADE,
  CONSTRAINT `fk_pp_proveedor_schiro` FOREIGN KEY (`proveedor_id`) REFERENCES `proveedor` (`id`) ON DELETE CASCADE
) ENGINE=InnoDB DEFAULT CHARSET=utf8mb4 COLLATE=utf8mb4_unicode_ci;
/*!40101 SET character_set_client = @saved_cs_client */;

--
-- Dumping data for table `producto_proveedor`
--

LOCK TABLES `producto_proveedor` WRITE;
/*!40000 ALTER TABLE `producto_proveedor` DISABLE KEYS */;
/*!40000 ALTER TABLE `producto_proveedor` ENABLE KEYS */;
UNLOCK TABLES;

--
-- Table structure for table `proveedor`
--

DROP TABLE IF EXISTS `proveedor`;
/*!40101 SET @saved_cs_client     = @@character_set_client */;
/*!50503 SET character_set_client = utf8mb4 */;
CREATE TABLE `proveedor` (
  `id` int(11) NOT NULL AUTO_INCREMENT,
  `razon_social` varchar(150) NOT NULL,
  `cuit` varchar(20) DEFAULT NULL,
  `condicion_iva` varchar(50) NOT NULL DEFAULT 'Responsable Inscripto',
  `direccion` varchar(200) DEFAULT NULL,
  `telefono` varchar(30) DEFAULT NULL,
  `email` varchar(100) DEFAULT NULL,
  `saldo` decimal(12,2) NOT NULL DEFAULT 0.00 COMMENT 'Deuda acumulada (positivo = le debo)',
  `activo` tinyint(1) NOT NULL DEFAULT 1,
  `fecha_creacion` datetime NOT NULL DEFAULT current_timestamp(),
  PRIMARY KEY (`id`)
) ENGINE=InnoDB AUTO_INCREMENT=4 DEFAULT CHARSET=utf8mb4 COLLATE=utf8mb4_general_ci;
/*!40101 SET character_set_client = @saved_cs_client */;

--
-- Dumping data for table `proveedor`
--

LOCK TABLES `proveedor` WRITE;
/*!40000 ALTER TABLE `proveedor` DISABLE KEYS */;
INSERT INTO `proveedor` VALUES (1,'DIMSA SA',NULL,'Responsable Inscripto',NULL,NULL,NULL,2655885.79,1,'2026-06-01 17:39:06'),(2,'PEDRO BALESTRINO E HIJOS','30330567393','Responsable Inscripto','AV. ALVAREZ 347',NULL,NULL,3210333.92,1,'2026-06-02 18:17:38'),(3,'MANI CORDOBES',NULL,'Responsable Inscripto',NULL,NULL,NULL,0.00,1,'2026-06-08 18:52:54');
/*!40000 ALTER TABLE `proveedor` ENABLE KEYS */;
UNLOCK TABLES;

--
-- Table structure for table `proveedor_movimiento`
--

DROP TABLE IF EXISTS `proveedor_movimiento`;
/*!40101 SET @saved_cs_client     = @@character_set_client */;
/*!50503 SET character_set_client = utf8mb4 */;
CREATE TABLE `proveedor_movimiento` (
  `id` int(11) NOT NULL AUTO_INCREMENT,
  `proveedor_id` int(11) NOT NULL,
  `fecha` date NOT NULL,
  `tipo` varchar(20) NOT NULL COMMENT 'factura/pago/nota_credito/saldo_inicial/ajuste',
  `referencia_id` int(11) DEFAULT NULL,
  `descripcion` varchar(200) DEFAULT NULL,
  `debe` decimal(12,2) NOT NULL DEFAULT 0.00,
  `haber` decimal(12,2) NOT NULL DEFAULT 0.00,
  `saldo_acumulado` decimal(12,2) NOT NULL DEFAULT 0.00,
  `fecha_carga` datetime NOT NULL DEFAULT current_timestamp(),
  PRIMARY KEY (`id`),
  KEY `idx_prov_mov_prov` (`proveedor_id`),
  KEY `idx_prov_mov_fecha` (`fecha`),
  KEY `idx_prov_mov_tipo` (`tipo`),
  CONSTRAINT `fk_prov_mov_prov` FOREIGN KEY (`proveedor_id`) REFERENCES `proveedor` (`id`) ON UPDATE CASCADE
) ENGINE=InnoDB AUTO_INCREMENT=3 DEFAULT CHARSET=utf8mb4 COLLATE=utf8mb4_general_ci;
/*!40101 SET character_set_client = @saved_cs_client */;

--
-- Dumping data for table `proveedor_movimiento`
--

LOCK TABLES `proveedor_movimiento` WRITE;
/*!40000 ALTER TABLE `proveedor_movimiento` DISABLE KEYS */;
INSERT INTO `proveedor_movimiento` VALUES (1,2,'2026-06-02','pago',1,'Pago OP R 0001-00000001 (imputado $51134.64)',0.00,51134.64,0.00,'2026-06-02 18:24:06'),(2,3,'2026-06-24','pago',2,'Pago OP R 0001-00000002 (imputado $400198.93)',0.00,400198.93,0.00,'2026-06-24 10:44:05');
/*!40000 ALTER TABLE `proveedor_movimiento` ENABLE KEYS */;
UNLOCK TABLES;

--
-- Table structure for table `recibo_cobro`
--

DROP TABLE IF EXISTS `recibo_cobro`;
/*!40101 SET @saved_cs_client     = @@character_set_client */;
/*!50503 SET character_set_client = utf8mb4 */;
CREATE TABLE `recibo_cobro` (
  `id` int(11) NOT NULL AUTO_INCREMENT,
  `cliente_id` int(11) NOT NULL,
  `usuario_id` int(11) NOT NULL,
  `fecha` datetime NOT NULL DEFAULT current_timestamp(),
  `numero` varchar(20) DEFAULT NULL,
  `total` decimal(12,2) NOT NULL,
  `observaciones` text DEFAULT NULL,
  `estado` varchar(10) NOT NULL DEFAULT 'emitido',
  PRIMARY KEY (`id`),
  KEY `cliente_id` (`cliente_id`),
  CONSTRAINT `recibo_cobro_ibfk_1` FOREIGN KEY (`cliente_id`) REFERENCES `cliente` (`id`)
) ENGINE=InnoDB AUTO_INCREMENT=98 DEFAULT CHARSET=utf8mb4 COLLATE=utf8mb4_unicode_ci;
/*!40101 SET character_set_client = @saved_cs_client */;

--
-- Dumping data for table `recibo_cobro`
--

LOCK TABLES `recibo_cobro` WRITE;
/*!40000 ALTER TABLE `recibo_cobro` DISABLE KEYS */;
INSERT INTO `recibo_cobro` VALUES (1,52,3,'2026-06-02 17:24:10','R00000001',68750.00,NULL,'emitido'),(2,46,3,'2026-06-02 18:13:17','R00000002',352209.60,NULL,'emitido'),(3,66,3,'2026-06-02 18:14:29','R00000003',38600.00,NULL,'emitido'),(4,63,3,'2026-06-02 18:30:06','R00000004',40000.00,NULL,'emitido'),(5,70,3,'2026-06-02 18:30:43','R00000005',26796.00,NULL,'emitido'),(6,62,3,'2026-06-02 18:31:55','R00000006',30046.00,NULL,'emitido'),(7,66,3,'2026-06-02 18:33:07','R00000007',40100.00,NULL,'emitido'),(8,69,3,'2026-06-07 19:56:36','R00000008',45914.00,NULL,'emitido'),(9,64,3,'2026-06-07 19:57:47','R00000009',52014.00,NULL,'emitido'),(10,60,3,'2026-06-07 19:58:29','R00000010',57348.00,NULL,'emitido'),(11,68,3,'2026-06-07 20:11:12','R00000011',122000.00,NULL,'emitido'),(12,55,3,'2026-06-07 20:12:33','R00000012',106143.00,NULL,'emitido'),(13,49,3,'2026-06-07 20:13:05','R00000013',45142.00,NULL,'emitido'),(14,38,3,'2026-06-07 20:13:37','R00000014',39571.46,NULL,'emitido'),(15,17,3,'2026-06-07 20:18:44','R00000015',8152.00,NULL,'emitido'),(16,59,3,'2026-06-07 20:19:20','R00000016',60000.00,NULL,'emitido'),(17,72,3,'2026-06-07 20:21:29','R00000017',36511.70,NULL,'emitido'),(18,39,3,'2026-06-07 20:22:50','R00000018',32095.80,NULL,'emitido'),(19,66,3,'2026-06-07 20:24:55','R00000019',64186.00,NULL,'emitido'),(20,36,3,'2026-06-07 20:35:51','R00000020',44450.00,NULL,'emitido'),(21,19,3,'2026-06-07 20:36:34','R00000021',26761.00,NULL,'emitido'),(22,71,3,'2026-06-07 20:37:30','R00000022',50000.00,NULL,'emitido'),(23,17,3,'2026-06-07 20:38:12','R00000023',28000.00,NULL,'emitido'),(24,50,3,'2026-06-08 11:03:36','R00000024',15000.00,NULL,'emitido'),(25,52,3,'2026-06-11 16:42:03','R00000025',110782.30,NULL,'emitido'),(26,53,3,'2026-06-12 19:15:17','R00000026',25000.00,NULL,'emitido'),(27,65,3,'2026-06-12 19:16:17','R00000027',51000.00,NULL,'emitido'),(28,50,3,'2026-06-12 19:17:36','R00000028',20500.00,NULL,'emitido'),(29,62,3,'2026-06-12 19:18:15','R00000029',30000.00,NULL,'emitido'),(30,63,3,'2026-06-12 19:19:20','R00000030',61500.00,NULL,'emitido'),(31,66,3,'2026-06-12 19:22:24','R00000031',47900.00,NULL,'emitido'),(32,66,3,'2026-06-12 19:26:12','R00000032',37700.00,NULL,'emitido'),(33,80,3,'2026-06-12 19:27:05','R00000033',136090.91,NULL,'emitido'),(34,57,3,'2026-06-12 19:27:44','R00000034',350000.00,NULL,'emitido'),(35,67,3,'2026-06-12 19:28:12','R00000035',15000.00,NULL,'emitido'),(36,50,3,'2026-06-12 19:28:47','R00000036',10000.00,NULL,'emitido'),(37,55,3,'2026-06-12 19:29:40','R00000037',89395.12,NULL,'emitido'),(38,51,3,'2026-06-12 19:30:06','R00000038',119317.50,NULL,'emitido'),(39,82,3,'2026-06-12 19:30:30','R00000039',31256.00,NULL,'emitido'),(40,66,3,'2026-06-12 19:31:08','R00000040',18100.00,NULL,'emitido'),(41,75,3,'2026-06-12 19:31:35','R00000041',46999.78,NULL,'emitido'),(42,62,3,'2026-06-12 19:53:53','R00000042',20000.00,NULL,'emitido'),(43,66,3,'2026-06-12 19:54:34','R00000043',24050.00,NULL,'emitido'),(44,65,3,'2026-06-12 19:55:13','R00000044',80000.00,NULL,'emitido'),(45,19,3,'2026-06-12 19:56:25','R00000045',51187.06,NULL,'emitido'),(46,64,3,'2026-06-12 20:16:24','R00000046',50000.00,NULL,'emitido'),(47,49,3,'2026-06-12 20:17:43','R00000047',39143.00,NULL,'emitido'),(48,71,3,'2026-06-12 20:18:25','R00000048',30000.00,NULL,'emitido'),(49,63,3,'2026-06-12 20:18:59','R00000049',30000.00,NULL,'emitido'),(50,66,3,'2026-06-12 20:20:03','R00000050',40700.00,NULL,'emitido'),(51,61,3,'2026-06-12 21:41:44','R00000051',33155.00,NULL,'emitido'),(52,68,3,'2026-06-12 21:54:52','R00000052',236324.00,NULL,'emitido'),(53,62,3,'2026-06-12 22:20:38','R00000053',26818.00,NULL,'emitido'),(54,4,3,'2026-06-12 22:22:01','R00000054',30000.00,NULL,'emitido'),(55,92,3,'2026-06-12 22:27:34','R00000055',71615.06,NULL,'emitido'),(56,52,3,'2026-06-18 18:21:54','R00000056',252679.66,NULL,'emitido'),(57,60,3,'2026-06-18 18:53:50','R00000057',30000.00,NULL,'emitido'),(58,61,3,'2026-06-18 18:54:23','R00000058',51832.91,NULL,'emitido'),(59,66,3,'2026-06-18 18:55:34','R00000059',32900.00,NULL,'emitido'),(60,62,3,'2026-06-18 19:00:30','R00000060',28103.30,NULL,'emitido'),(61,89,3,'2026-06-18 19:01:03','R00000061',160000.00,NULL,'emitido'),(62,58,3,'2026-06-18 19:02:09','R00000062',100000.00,NULL,'emitido'),(63,30,3,'2026-06-18 19:02:36','R00000063',87201.38,NULL,'emitido'),(64,78,3,'2026-06-18 19:05:31','R00000064',17700.26,NULL,'emitido'),(65,74,3,'2026-06-18 19:05:56','R00000065',121730.94,NULL,'emitido'),(66,50,3,'2026-06-18 19:07:29','R00000066',25000.00,NULL,'emitido'),(67,49,3,'2026-06-18 19:07:55','R00000067',26780.00,NULL,'emitido'),(68,54,3,'2026-06-18 19:08:29','R00000068',870000.00,NULL,'emitido'),(69,57,3,'2026-06-18 19:09:45','R00000069',150000.00,NULL,'emitido'),(70,4,3,'2026-06-18 19:10:18','R00000070',28000.00,NULL,'emitido'),(71,67,3,'2026-06-19 19:14:35','R00000071',50000.00,NULL,'emitido'),(72,17,3,'2026-06-19 19:15:13','R00000072',25400.00,NULL,'emitido'),(73,16,3,'2026-06-19 19:15:39','R00000073',14768.00,NULL,'emitido'),(74,71,3,'2026-06-19 19:16:25','R00000074',40000.00,NULL,'emitido'),(75,66,3,'2026-06-19 19:17:21','R00000075',50700.00,NULL,'emitido'),(76,51,3,'2026-06-19 19:18:13','R00000076',118922.29,NULL,'emitido'),(77,47,3,'2026-06-19 19:20:42','R00000077',133323.37,NULL,'emitido'),(78,74,3,'2026-06-19 19:21:26','R00000078',53941.40,NULL,'emitido'),(79,53,3,'2026-06-19 19:23:14','R00000079',43800.00,NULL,'emitido'),(80,29,3,'2026-06-19 19:23:47','R00000080',58608.70,NULL,'emitido'),(81,73,3,'2026-06-19 19:24:55','R00000081',23242.46,NULL,'emitido'),(82,64,3,'2026-06-19 19:25:48','R00000082',50000.00,NULL,'emitido'),(83,56,3,'2026-06-19 19:26:34','R00000083',111678.00,NULL,'emitido'),(84,55,3,'2026-06-19 19:28:15','R00000084',80986.86,NULL,'emitido'),(85,4,3,'2026-06-19 19:34:10','R00000085',14000.00,NULL,'emitido'),(86,4,3,'2026-06-19 19:36:55','R00000086',6400.00,' [ANULADO por usuario 3 el 2026-06-22 12:30:46]','anulada'),(87,50,3,'2026-06-19 19:37:49','R00000087',10000.00,NULL,'emitido'),(88,81,3,'2026-06-22 10:17:56','R00000088',30000.00,NULL,'emitido'),(89,48,3,'2026-06-22 10:22:33','R00000089',39000.00,NULL,'emitido'),(90,59,3,'2026-06-22 10:23:52','R00000090',68710.04,NULL,'emitido'),(91,98,3,'2026-06-22 10:27:13','R00000091',6492.20,NULL,'emitido'),(92,65,3,'2026-06-22 10:28:45','R00000092',80000.00,NULL,'emitido'),(93,67,3,'2026-06-22 10:29:36','R00000093',26878.40,NULL,'emitido'),(94,49,3,'2026-06-22 10:30:02','R00000094',22198.80,NULL,'emitido'),(95,66,3,'2026-06-22 10:33:19','R00000095',85950.00,NULL,'emitido'),(96,63,3,'2026-06-22 10:34:14','R00000096',45000.00,NULL,'emitido'),(97,52,3,'2026-06-23 17:30:33','R00000097',159130.20,NULL,'emitido');
/*!40000 ALTER TABLE `recibo_cobro` ENABLE KEYS */;
UNLOCK TABLES;

--
-- Table structure for table `recibo_cobro_detalle`
--

DROP TABLE IF EXISTS `recibo_cobro_detalle`;
/*!40101 SET @saved_cs_client     = @@character_set_client */;
/*!50503 SET character_set_client = utf8mb4 */;
CREATE TABLE `recibo_cobro_detalle` (
  `id` int(11) NOT NULL AUTO_INCREMENT,
  `recibo_id` int(11) NOT NULL,
  `movimiento_id` int(11) NOT NULL,
  `monto_imputado` decimal(12,2) NOT NULL,
  PRIMARY KEY (`id`),
  KEY `recibo_id` (`recibo_id`),
  KEY `movimiento_id` (`movimiento_id`),
  CONSTRAINT `recibo_cobro_detalle_ibfk_1` FOREIGN KEY (`recibo_id`) REFERENCES `recibo_cobro` (`id`),
  CONSTRAINT `recibo_cobro_detalle_ibfk_2` FOREIGN KEY (`movimiento_id`) REFERENCES `cta_cte_movimiento` (`id`)
) ENGINE=InnoDB AUTO_INCREMENT=108 DEFAULT CHARSET=utf8mb4 COLLATE=utf8mb4_unicode_ci;
/*!40101 SET character_set_client = @saved_cs_client */;

--
-- Dumping data for table `recibo_cobro_detalle`
--

LOCK TABLES `recibo_cobro_detalle` WRITE;
/*!40000 ALTER TABLE `recibo_cobro_detalle` DISABLE KEYS */;
INSERT INTO `recibo_cobro_detalle` VALUES (1,1,10,68750.00),(2,2,26,352209.60),(3,3,24,38600.00),(4,4,21,40000.00),(5,5,29,26796.00),(6,6,20,30046.00),(7,7,24,40100.00),(8,8,28,45914.00),(9,9,22,52014.00),(10,10,18,57348.00),(11,11,27,122000.00),(12,12,13,106143.00),(13,13,3,45142.00),(14,14,55,39571.46),(15,15,8,8152.00),(16,16,17,60000.00),(17,17,45,36511.70),(18,18,54,32095.80),(19,19,24,20136.00),(20,19,50,44050.00),(21,20,9,44450.00),(22,21,6,26761.00),(23,22,31,50000.00),(24,23,8,28000.00),(25,24,5,15000.00),(26,25,57,110782.30),(27,26,11,25000.00),(28,27,23,51000.00),(29,28,5,16115.00),(30,28,62,4385.00),(31,29,32,30000.00),(32,30,21,61500.00),(33,31,50,47900.00),(34,32,50,37700.00),(35,33,88,136090.91),(36,34,15,350000.00),(37,35,25,15000.00),(38,36,62,10000.00),(39,37,46,89395.12),(40,38,7,119317.50),(41,39,64,31256.00),(42,40,50,18100.00),(43,41,56,46999.78),(44,42,32,20000.00),(45,43,50,24050.00),(46,44,23,80000.00),(47,45,52,20362.00),(48,45,103,30825.06),(49,46,41,50000.00),(50,47,96,39143.00),(51,48,31,30000.00),(52,49,21,30000.00),(53,50,50,40700.00),(54,51,19,33155.00),(55,52,27,236324.00),(56,53,32,6818.00),(57,53,97,20000.00),(58,54,51,30000.00),(59,55,87,71615.06),(60,56,86,252679.66),(61,57,42,30000.00),(62,58,61,51832.91),(63,59,50,32900.00),(64,60,97,28103.30),(65,61,135,160000.00),(66,62,16,100000.00),(67,63,53,87201.38),(68,64,152,17700.26),(69,65,49,121730.94),(70,66,63,25000.00),(71,67,94,26780.00),(72,68,12,870000.00),(73,69,15,50115.00),(74,69,84,99885.00),(75,70,51,28000.00),(76,71,148,50000.00),(77,72,153,25400.00),(78,73,156,14768.00),(79,74,31,40000.00),(80,75,50,4041.65),(81,75,100,46658.35),(82,76,48,118922.29),(83,77,1,133323.37),(84,78,161,53941.40),(85,79,11,43800.00),(86,80,155,58608.70),(87,81,44,23242.46),(88,82,41,42129.43),(89,82,95,7870.57),(90,83,14,111678.00),(91,84,92,80986.86),(92,85,51,14000.00),(93,86,51,6400.00),(94,87,63,10000.00),(95,88,60,30000.00),(96,89,2,39000.00),(97,90,65,68710.04),(98,91,149,6492.20),(99,92,23,50669.00),(100,92,47,29331.00),(101,93,148,26878.40),(102,94,142,22198.80),(103,95,100,85950.00),(104,96,21,3044.00),(105,96,30,37964.08),(106,96,82,3991.92),(107,97,143,159130.20);
/*!40000 ALTER TABLE `recibo_cobro_detalle` ENABLE KEYS */;
UNLOCK TABLES;

--
-- Table structure for table `recibo_cobro_medio`
--

DROP TABLE IF EXISTS `recibo_cobro_medio`;
/*!40101 SET @saved_cs_client     = @@character_set_client */;
/*!50503 SET character_set_client = utf8mb4 */;
CREATE TABLE `recibo_cobro_medio` (
  `id` int(11) NOT NULL AUTO_INCREMENT,
  `recibo_id` int(11) NOT NULL,
  `medio` enum('efectivo','debito','credito','transferencia','mercado_pago','otro') NOT NULL,
  `importe` decimal(12,2) NOT NULL,
  `referencia` varchar(100) DEFAULT NULL,
  PRIMARY KEY (`id`),
  KEY `recibo_id` (`recibo_id`),
  CONSTRAINT `recibo_cobro_medio_ibfk_1` FOREIGN KEY (`recibo_id`) REFERENCES `recibo_cobro` (`id`)
) ENGINE=InnoDB AUTO_INCREMENT=99 DEFAULT CHARSET=utf8mb4 COLLATE=utf8mb4_unicode_ci;
/*!40101 SET character_set_client = @saved_cs_client */;

--
-- Dumping data for table `recibo_cobro_medio`
--

LOCK TABLES `recibo_cobro_medio` WRITE;
/*!40000 ALTER TABLE `recibo_cobro_medio` DISABLE KEYS */;
INSERT INTO `recibo_cobro_medio` VALUES (1,1,'transferencia',68750.00,NULL),(2,2,'efectivo',352209.60,NULL),(3,3,'efectivo',38600.00,NULL),(4,4,'efectivo',40000.00,NULL),(5,5,'efectivo',26796.00,NULL),(6,6,'efectivo',30046.00,NULL),(7,7,'efectivo',40100.00,NULL),(8,8,'transferencia',45914.00,NULL),(9,9,'transferencia',20000.00,NULL),(10,9,'efectivo',32014.00,NULL),(11,10,'efectivo',57348.00,NULL),(12,11,'transferencia',122000.00,NULL),(13,12,'transferencia',106143.00,NULL),(14,13,'transferencia',45142.00,NULL),(15,14,'transferencia',39571.46,NULL),(16,15,'transferencia',8152.00,NULL),(17,16,'transferencia',60000.00,NULL),(18,17,'efectivo',36511.70,NULL),(19,18,'efectivo',32095.80,NULL),(20,19,'efectivo',64186.00,NULL),(21,20,'efectivo',44450.00,NULL),(22,21,'efectivo',26761.00,NULL),(23,22,'efectivo',50000.00,NULL),(24,23,'efectivo',28000.00,NULL),(25,24,'transferencia',15000.00,NULL),(26,25,'transferencia',110782.30,NULL),(27,26,'transferencia',25000.00,NULL),(28,27,'transferencia',51000.00,NULL),(29,28,'transferencia',20500.00,NULL),(30,29,'transferencia',30000.00,NULL),(31,30,'efectivo',61500.00,NULL),(32,31,'efectivo',47900.00,NULL),(33,32,'efectivo',37700.00,NULL),(34,33,'efectivo',136090.91,NULL),(35,34,'efectivo',350000.00,NULL),(36,35,'transferencia',15000.00,NULL),(37,36,'transferencia',10000.00,NULL),(38,37,'transferencia',89395.12,NULL),(39,38,'transferencia',119317.50,NULL),(40,39,'transferencia',31256.00,NULL),(41,40,'transferencia',18100.00,NULL),(42,41,'transferencia',46999.78,NULL),(43,42,'efectivo',20000.00,NULL),(44,43,'efectivo',24050.00,NULL),(45,44,'efectivo',80000.00,NULL),(46,45,'efectivo',51187.06,NULL),(47,46,'transferencia',50000.00,NULL),(48,47,'transferencia',39143.00,NULL),(49,48,'efectivo',30000.00,NULL),(50,49,'efectivo',30000.00,NULL),(51,50,'efectivo',40700.00,NULL),(52,51,'efectivo',33155.00,NULL),(53,52,'transferencia',236324.00,NULL),(54,53,'efectivo',26818.00,NULL),(55,54,'efectivo',30000.00,NULL),(56,55,'efectivo',71615.06,NULL),(57,56,'efectivo',252679.66,NULL),(58,57,'efectivo',30000.00,NULL),(59,58,'efectivo',51832.91,NULL),(60,59,'efectivo',32900.00,NULL),(61,60,'efectivo',28103.30,NULL),(62,61,'efectivo',160000.00,NULL),(63,62,'efectivo',100000.00,NULL),(64,63,'efectivo',87201.38,NULL),(65,64,'efectivo',17700.26,NULL),(66,65,'efectivo',121730.94,NULL),(67,66,'efectivo',25000.00,NULL),(68,67,'efectivo',26780.00,NULL),(69,68,'efectivo',870000.00,NULL),(70,69,'efectivo',150000.00,NULL),(71,70,'efectivo',28000.00,NULL),(72,71,'efectivo',50000.00,NULL),(73,72,'efectivo',25400.00,NULL),(74,73,'efectivo',14768.00,NULL),(75,74,'efectivo',40000.00,NULL),(76,75,'efectivo',50700.00,NULL),(77,76,'efectivo',118922.29,NULL),(78,77,'efectivo',133323.37,NULL),(79,78,'efectivo',53941.40,NULL),(80,79,'efectivo',43800.00,NULL),(81,80,'efectivo',58608.70,NULL),(82,81,'efectivo',23242.46,NULL),(83,82,'efectivo',50000.00,NULL),(84,83,'efectivo',111678.00,NULL),(85,84,'transferencia',80986.86,NULL),(86,85,'transferencia',14000.00,NULL),(87,86,'efectivo',6400.00,NULL),(88,87,'transferencia',10000.00,NULL),(89,88,'transferencia',30000.00,NULL),(90,89,'transferencia',39000.00,NULL),(91,90,'transferencia',68710.04,NULL),(92,91,'transferencia',6492.20,NULL),(93,92,'transferencia',80000.00,NULL),(94,93,'transferencia',26878.40,NULL),(95,94,'transferencia',22198.80,NULL),(96,95,'efectivo',85950.00,NULL),(97,96,'efectivo',45000.00,NULL),(98,97,'transferencia',159130.20,NULL);
/*!40000 ALTER TABLE `recibo_cobro_medio` ENABLE KEYS */;
UNLOCK TABLES;

--
-- Table structure for table `recibo_cobro_numerador`
--

DROP TABLE IF EXISTS `recibo_cobro_numerador`;
/*!40101 SET @saved_cs_client     = @@character_set_client */;
/*!50503 SET character_set_client = utf8mb4 */;
CREATE TABLE `recibo_cobro_numerador` (
  `id` int(11) NOT NULL AUTO_INCREMENT,
  `ultimo_numero` int(11) NOT NULL DEFAULT 0,
  PRIMARY KEY (`id`)
) ENGINE=InnoDB AUTO_INCREMENT=2 DEFAULT CHARSET=utf8mb4 COLLATE=utf8mb4_general_ci;
/*!40101 SET character_set_client = @saved_cs_client */;

--
-- Dumping data for table `recibo_cobro_numerador`
--

LOCK TABLES `recibo_cobro_numerador` WRITE;
/*!40000 ALTER TABLE `recibo_cobro_numerador` DISABLE KEYS */;
INSERT INTO `recibo_cobro_numerador` VALUES (1,97);
/*!40000 ALTER TABLE `recibo_cobro_numerador` ENABLE KEYS */;
UNLOCK TABLES;

--
-- Table structure for table `remito`
--

DROP TABLE IF EXISTS `remito`;
/*!40101 SET @saved_cs_client     = @@character_set_client */;
/*!50503 SET character_set_client = utf8mb4 */;
CREATE TABLE `remito` (
  `id` int(11) NOT NULL AUTO_INCREMENT,
  `cliente_id` int(11) NOT NULL,
  `fecha` date NOT NULL,
  `fecha_creacion` datetime NOT NULL DEFAULT current_timestamp(),
  `tipo_comprobante` varchar(5) NOT NULL DEFAULT 'R',
  `punto_venta` varchar(5) NOT NULL DEFAULT '00001',
  `numero` varchar(10) NOT NULL,
  `estado` enum('pendiente','liquidado','facturado','anulado') NOT NULL DEFAULT 'pendiente',
  `total_al_emitir` decimal(12,2) NOT NULL DEFAULT 0.00,
  `observaciones` text DEFAULT NULL,
  `motivo_anulacion` text DEFAULT NULL,
  `fecha_anulacion` datetime DEFAULT NULL,
  `factura_venta_id` int(11) DEFAULT NULL,
  `fecha_facturacion` datetime DEFAULT NULL,
  `usuario_id` int(11) DEFAULT NULL,
  `zona_id` int(11) DEFAULT NULL COMMENT 'Zona de reparto (heredada del cliente)',
  `en_reparto_fecha` date DEFAULT NULL COMMENT 'Fecha asignada al reparto (NULL = no asignado)',
  `orden_reparto_manual` int(11) DEFAULT NULL COMMENT 'Orden manual drag-and-drop',
  PRIMARY KEY (`id`),
  KEY `idx_remito_cliente` (`cliente_id`),
  KEY `idx_remito_estado` (`estado`),
  KEY `idx_remito_fecha` (`fecha`),
  KEY `fk_remito_zona_rep` (`zona_id`),
  KEY `idx_remito_reparto` (`en_reparto_fecha`,`orden_reparto_manual`),
  CONSTRAINT `fk_remito_cliente_schiro` FOREIGN KEY (`cliente_id`) REFERENCES `cliente` (`id`),
  CONSTRAINT `fk_remito_zona_rep` FOREIGN KEY (`zona_id`) REFERENCES `zona` (`id`) ON DELETE SET NULL
) ENGINE=InnoDB AUTO_INCREMENT=2 DEFAULT CHARSET=utf8mb4 COLLATE=utf8mb4_unicode_ci;
/*!40101 SET character_set_client = @saved_cs_client */;

--
-- Dumping data for table `remito`
--

LOCK TABLES `remito` WRITE;
/*!40000 ALTER TABLE `remito` DISABLE KEYS */;
INSERT INTO `remito` VALUES (1,52,'2026-06-19','2026-06-19 20:12:20','R','1','00000001','pendiente',25434.32,'Generado desde pedido #2 — Horario de comercio',NULL,NULL,NULL,NULL,3,NULL,NULL,NULL);
/*!40000 ALTER TABLE `remito` ENABLE KEYS */;
UNLOCK TABLES;

--
-- Table structure for table `remito_detalle`
--

DROP TABLE IF EXISTS `remito_detalle`;
/*!40101 SET @saved_cs_client     = @@character_set_client */;
/*!50503 SET character_set_client = utf8mb4 */;
CREATE TABLE `remito_detalle` (
  `id` int(11) NOT NULL AUTO_INCREMENT,
  `remito_id` int(11) NOT NULL,
  `producto_id` int(11) NOT NULL,
  `cantidad` decimal(10,3) NOT NULL,
  `precio_unitario_al_emitir` decimal(12,2) NOT NULL,
  `subtotal_al_emitir` decimal(12,2) NOT NULL,
  `iva` decimal(5,2) NOT NULL DEFAULT 21.00,
  PRIMARY KEY (`id`),
  KEY `idx_rd_remito` (`remito_id`),
  KEY `idx_rd_producto` (`producto_id`),
  CONSTRAINT `fk_rd_producto_schiro` FOREIGN KEY (`producto_id`) REFERENCES `producto` (`id`),
  CONSTRAINT `fk_rd_remito_schiro` FOREIGN KEY (`remito_id`) REFERENCES `remito` (`id`) ON DELETE CASCADE
) ENGINE=InnoDB AUTO_INCREMENT=5 DEFAULT CHARSET=utf8mb4 COLLATE=utf8mb4_unicode_ci;
/*!40101 SET character_set_client = @saved_cs_client */;

--
-- Dumping data for table `remito_detalle`
--

LOCK TABLES `remito_detalle` WRITE;
/*!40000 ALTER TABLE `remito_detalle` DISABLE KEYS */;
INSERT INTO `remito_detalle` VALUES (1,1,163,2.000,1440.87,2881.74,21.00),(2,1,37,1.000,4656.08,4656.08,21.00),(3,1,40,1.000,7833.54,7833.54,21.00),(4,1,114,10.000,1006.30,10062.96,21.00);
/*!40000 ALTER TABLE `remito_detalle` ENABLE KEYS */;
UNLOCK TABLES;

--
-- Table structure for table `remito_liquidacion`
--

DROP TABLE IF EXISTS `remito_liquidacion`;
/*!40101 SET @saved_cs_client     = @@character_set_client */;
/*!50503 SET character_set_client = utf8mb4 */;
CREATE TABLE `remito_liquidacion` (
  `id` int(11) NOT NULL AUTO_INCREMENT,
  `remito_id` int(11) NOT NULL,
  `fecha_liquidacion` datetime NOT NULL DEFAULT current_timestamp(),
  `usuario_id` int(11) DEFAULT NULL,
  `usuario_nombre` varchar(100) DEFAULT NULL,
  `observaciones` text DEFAULT NULL,
  PRIMARY KEY (`id`),
  UNIQUE KEY `uk_rl_remito` (`remito_id`),
  CONSTRAINT `fk_rl_remito` FOREIGN KEY (`remito_id`) REFERENCES `remito` (`id`) ON DELETE CASCADE
) ENGINE=InnoDB DEFAULT CHARSET=utf8mb4 COLLATE=utf8mb4_unicode_ci;
/*!40101 SET character_set_client = @saved_cs_client */;

--
-- Dumping data for table `remito_liquidacion`
--

LOCK TABLES `remito_liquidacion` WRITE;
/*!40000 ALTER TABLE `remito_liquidacion` DISABLE KEYS */;
/*!40000 ALTER TABLE `remito_liquidacion` ENABLE KEYS */;
UNLOCK TABLES;

--
-- Table structure for table `remito_liquidacion_detalle`
--

DROP TABLE IF EXISTS `remito_liquidacion_detalle`;
/*!40101 SET @saved_cs_client     = @@character_set_client */;
/*!50503 SET character_set_client = utf8mb4 */;
CREATE TABLE `remito_liquidacion_detalle` (
  `id` int(11) NOT NULL AUTO_INCREMENT,
  `liquidacion_id` int(11) NOT NULL,
  `remito_detalle_id` int(11) NOT NULL,
  `producto_id` int(11) NOT NULL,
  `cant_original` decimal(10,3) NOT NULL,
  `cant_entregada` decimal(10,3) NOT NULL DEFAULT 0.000,
  `cant_devuelta` decimal(10,3) NOT NULL DEFAULT 0.000,
  `cant_rotura` decimal(10,3) NOT NULL DEFAULT 0.000,
  `motivo` varchar(200) DEFAULT NULL,
  PRIMARY KEY (`id`),
  KEY `idx_rld_liq` (`liquidacion_id`),
  KEY `idx_rld_remito_detalle` (`remito_detalle_id`),
  KEY `idx_rld_producto` (`producto_id`),
  CONSTRAINT `fk_rld_liq` FOREIGN KEY (`liquidacion_id`) REFERENCES `remito_liquidacion` (`id`) ON DELETE CASCADE,
  CONSTRAINT `fk_rld_producto` FOREIGN KEY (`producto_id`) REFERENCES `producto` (`id`),
  CONSTRAINT `fk_rld_remito_detalle` FOREIGN KEY (`remito_detalle_id`) REFERENCES `remito_detalle` (`id`)
) ENGINE=InnoDB DEFAULT CHARSET=utf8mb4 COLLATE=utf8mb4_unicode_ci;
/*!40101 SET character_set_client = @saved_cs_client */;

--
-- Dumping data for table `remito_liquidacion_detalle`
--

LOCK TABLES `remito_liquidacion_detalle` WRITE;
/*!40000 ALTER TABLE `remito_liquidacion_detalle` DISABLE KEYS */;
/*!40000 ALTER TABLE `remito_liquidacion_detalle` ENABLE KEYS */;
UNLOCK TABLES;

--
-- Table structure for table `remito_numerador`
--

DROP TABLE IF EXISTS `remito_numerador`;
/*!40101 SET @saved_cs_client     = @@character_set_client */;
/*!50503 SET character_set_client = utf8mb4 */;
CREATE TABLE `remito_numerador` (
  `punto_venta` varchar(5) NOT NULL,
  `ultimo_numero` int(11) NOT NULL DEFAULT 0,
  PRIMARY KEY (`punto_venta`)
) ENGINE=InnoDB DEFAULT CHARSET=utf8mb4 COLLATE=utf8mb4_unicode_ci;
/*!40101 SET character_set_client = @saved_cs_client */;

--
-- Dumping data for table `remito_numerador`
--

LOCK TABLES `remito_numerador` WRITE;
/*!40000 ALTER TABLE `remito_numerador` DISABLE KEYS */;
INSERT INTO `remito_numerador` VALUES ('1',1);
/*!40000 ALTER TABLE `remito_numerador` ENABLE KEYS */;
UNLOCK TABLES;

--
-- Table structure for table `stock_audit`
--

DROP TABLE IF EXISTS `stock_audit`;
/*!40101 SET @saved_cs_client     = @@character_set_client */;
/*!50503 SET character_set_client = utf8mb4 */;
CREATE TABLE `stock_audit` (
  `id` int(11) NOT NULL AUTO_INCREMENT,
  `fecha` datetime DEFAULT current_timestamp(),
  `producto_id` int(11) NOT NULL,
  `codigo_producto` varchar(50) DEFAULT NULL,
  `nombre_producto` varchar(200) DEFAULT NULL,
  `tipo` varchar(50) NOT NULL,
  `cantidad` decimal(15,3) NOT NULL,
  `signo` char(1) NOT NULL,
  `stock_anterior` decimal(15,3) DEFAULT NULL,
  `stock_nuevo` decimal(15,3) DEFAULT NULL,
  `referencia_tipo` varchar(50) DEFAULT NULL,
  `referencia_id` int(11) DEFAULT NULL,
  `motivo` text DEFAULT NULL,
  `usuario_id` int(11) DEFAULT NULL,
  `usuario_nombre` varchar(100) DEFAULT NULL,
  PRIMARY KEY (`id`),
  KEY `idx_fecha` (`fecha`),
  KEY `idx_producto` (`producto_id`),
  KEY `idx_tipo` (`tipo`)
) ENGINE=InnoDB DEFAULT CHARSET=utf8mb4 COLLATE=utf8mb4_unicode_ci;
/*!40101 SET character_set_client = @saved_cs_client */;

--
-- Dumping data for table `stock_audit`
--

LOCK TABLES `stock_audit` WRITE;
/*!40000 ALTER TABLE `stock_audit` DISABLE KEYS */;
/*!40000 ALTER TABLE `stock_audit` ENABLE KEYS */;
UNLOCK TABLES;

--
-- Table structure for table `stock_movimiento`
--

DROP TABLE IF EXISTS `stock_movimiento`;
/*!40101 SET @saved_cs_client     = @@character_set_client */;
/*!50503 SET character_set_client = utf8mb4 */;
CREATE TABLE `stock_movimiento` (
  `id` int(11) NOT NULL AUTO_INCREMENT,
  `producto_id` int(11) NOT NULL,
  `codigo_producto` varchar(50) DEFAULT NULL,
  `nombre_producto` varchar(200) DEFAULT NULL,
  `tipo` varchar(30) NOT NULL,
  `cantidad` decimal(10,3) NOT NULL,
  `signo` char(1) NOT NULL,
  `stock_anterior` decimal(10,3) DEFAULT NULL,
  `stock_nuevo` decimal(10,3) DEFAULT NULL,
  `referencia_tipo` varchar(30) DEFAULT NULL,
  `referencia_id` int(11) DEFAULT NULL,
  `motivo` text DEFAULT NULL,
  `usuario_id` int(11) DEFAULT NULL,
  `usuario_nombre` varchar(100) DEFAULT NULL,
  `fecha` timestamp NOT NULL DEFAULT current_timestamp(),
  PRIMARY KEY (`id`),
  KEY `idx_producto` (`producto_id`),
  KEY `idx_fecha` (`fecha`),
  KEY `idx_tipo` (`tipo`)
) ENGINE=InnoDB AUTO_INCREMENT=1651 DEFAULT CHARSET=utf8mb4 COLLATE=utf8mb4_unicode_ci;
/*!40101 SET character_set_client = @saved_cs_client */;

--
-- Dumping data for table `stock_movimiento`
--

LOCK TABLES `stock_movimiento` WRITE;
/*!40000 ALTER TABLE `stock_movimiento` DISABLE KEYS */;
INSERT INTO `stock_movimiento` VALUES (2,10,'200','GOMITAS YUMMY OSITOS ACIDOS X 500 GR','venta',1.000,'-',10000.000,9999.000,'factura',1,NULL,3,'Administrador','2026-05-28 20:30:51'),(3,10,'200','GOMITAS YUMMY OSITOS ACIDOS X 500 GR','venta',1.000,'-',9999.000,9998.000,'factura',2,NULL,3,'Administrador','2026-05-28 21:14:00'),(4,10,'200','GOMITAS YUMMY OSITOS ACIDOS X 500 GR','venta',1.000,'-',9998.000,9997.000,'factura',3,NULL,3,'Administrador','2026-05-28 21:33:06'),(5,10,'200','GOMITAS YUMMY OSITOS ACIDOS X 500 GR','devolucion',1.000,'+',9997.000,9998.000,'factura',3,'Anulación factura 0006-X0000001 - por error',3,'Administrador','2026-05-28 21:33:49'),(6,10,'200','GOMITAS YUMMY OSITOS ACIDOS X 500 GR','venta',1.000,'-',9998.000,9997.000,'factura',4,NULL,3,'Administrador','2026-05-28 21:34:53'),(7,10,'200','GOMITAS YUMMY OSITOS ACIDOS X 500 GR','venta',1.000,'-',9997.000,9996.000,'factura',5,NULL,3,'Administrador','2026-05-28 23:32:26'),(8,61,'311','CHUPETIN PICO-DULCE.......x48u','venta',1.000,'-',10000.000,9999.000,'factura',6,NULL,3,'Administrador','2026-05-29 20:56:24'),(9,64,'402','(x32u)MAST.LENGUETAZO T.FRUTI...','venta',2.000,'-',10000.000,9998.000,'factura',6,NULL,3,'Administrador','2026-05-29 20:56:24'),(10,65,'404','PALITO DE LA SELVA.......x660g','venta',2.000,'-',10000.000,9998.000,'factura',6,NULL,3,'Administrador','2026-05-29 20:56:24'),(11,66,'406','CARAM.FLYNN PAFF TUTTI....x70u','venta',2.000,'-',10000.000,9998.000,'factura',6,NULL,3,'Administrador','2026-05-29 20:56:24'),(12,79,'511','MENTITAS MENTA X 12 UND','venta',2.000,'-',10000.000,9998.000,'factura',6,NULL,3,'Administrador','2026-05-29 20:56:24'),(13,100,'708','BONOBON OBLEA LECHE....20ux30g','venta',40.000,'-',10000.000,9960.000,'factura',6,NULL,3,'Administrador','2026-05-29 20:56:24'),(14,105,'760','CHOC.NUGATON LECHE........x27g','venta',24.000,'-',10000.000,9976.000,'factura',6,NULL,3,'Administrador','2026-05-29 20:56:24'),(15,109,'714','GUAYMALLEN TRIPLE CHOCOLATE','venta',48.000,'-',10000.000,9952.000,'factura',6,NULL,3,'Administrador','2026-05-29 20:56:24'),(16,110,'715','GUAYMALLEN TRIPLE BLANCO','venta',48.000,'-',10000.000,9952.000,'factura',6,NULL,3,'Administrador','2026-05-29 20:56:24'),(17,113,'718','ALF FANTOCHE TRI.CHOCOLATEx85g','venta',48.000,'-',10000.000,9952.000,'factura',6,NULL,3,'Administrador','2026-05-29 20:56:24'),(18,114,'719','ALF FANTOCHE TRIPLE BLANCO.x85g','venta',48.000,'-',10000.000,9952.000,'factura',6,NULL,3,'Administrador','2026-05-29 20:56:24'),(19,127,'740','ALF PESCADO RAUL SIMPLE NEGRO.x50g','venta',24.000,'-',10000.000,9976.000,'factura',6,NULL,3,'Administrador','2026-05-29 20:56:24'),(20,128,'741','ALF PESCADO RAUL SIMPLE BLANCO.x50g','venta',24.000,'-',10000.000,9976.000,'factura',6,NULL,3,'Administrador','2026-05-29 20:56:24'),(21,155,'1010','DON SATUR BIZCOCH.GRASA x200g','venta',10.000,'-',10000.000,9990.000,'factura',6,NULL,3,'Administrador','2026-05-29 20:56:24'),(22,156,'1011','DON SATUR BIZCOCHO DULCE.x200g','venta',10.000,'-',10000.000,9990.000,'factura',6,NULL,3,'Administrador','2026-05-29 20:56:24'),(23,157,'1012','DON SATUR BIZCOCH.NEGRITOx200g','venta',10.000,'-',10000.000,9990.000,'factura',6,NULL,3,'Administrador','2026-05-29 20:56:24'),(26,190,'144','TOP LINE SEVEN MENTA','venta',1.000,'-',16.000,15.000,'factura',7,NULL,3,'Administrador','2026-05-30 17:28:55'),(27,27,'230','GOMA FANTASIA MISKY .......x1k','venta',1.000,'-',10000.000,9999.000,'factura',7,NULL,3,'Administrador','2026-05-30 17:28:55'),(28,30,'240','GOMAS LA PIÑATA HUESOS ACIDOS X 700 GR','venta',1.000,'-',10000.000,9999.000,'factura',7,NULL,3,'Administrador','2026-05-30 17:28:55'),(29,34,'252','GOMA BULL DOG.REGALIZ TUTTI F.CJAx12u','venta',1.000,'-',10000.000,9999.000,'factura',7,NULL,3,'Administrador','2026-05-30 17:28:55'),(30,38,'266','MOGUL MORAS X 500G','venta',1.000,'-',10000.000,9999.000,'factura',7,NULL,3,'Administrador','2026-05-30 17:28:55'),(31,43,'271','MOGUL EXTREME LADRILLOS MIX FRUTAL X 500G','venta',1.000,'-',10000.000,9999.000,'factura',7,NULL,3,'Administrador','2026-05-30 17:28:55'),(32,47,'275','MOGUL EXTREME OSITOS X 500G','venta',1.000,'-',10000.000,9999.000,'factura',7,NULL,3,'Administrador','2026-05-30 17:28:55'),(33,53,'302','MR.POPS EVOLUTION CEREZA..x24u','venta',1.000,'-',10000.000,9999.000,'factura',7,NULL,3,'Administrador','2026-05-30 17:28:55'),(34,55,'304','MR.POPS EVOLUTION EXTREME.x24u','venta',1.000,'-',10000.000,9999.000,'factura',7,NULL,3,'Administrador','2026-05-30 17:28:55'),(35,63,'400','MASTICABLE SURTIDO MISKY X 800gs','venta',1.000,'-',10000.000,9999.000,'factura',7,NULL,3,'Administrador','2026-05-30 17:28:55'),(36,65,'404','PALITO DE LA SELVA.......x660g','venta',1.000,'-',9998.000,9997.000,'factura',7,NULL,3,'Administrador','2026-05-30 17:28:55'),(37,96,'704','ROCKLETS 24 X 20GS','venta',1.000,'-',10000.000,9999.000,'factura',7,NULL,3,'Administrador','2026-05-30 17:28:55'),(38,99,'707','CREMA KROOMY SURTIDOS ( 48u )','venta',1.000,'-',10000.000,9999.000,'factura',7,NULL,3,'Administrador','2026-05-30 17:28:55'),(39,150,'1000','MAGDAL DON SATUR REL.D/LEx250g','venta',2.000,'-',10000.000,9998.000,'factura',7,NULL,3,'Administrador','2026-05-30 17:28:55'),(40,151,'1001','MAGDAL DON SATUR VAINILLAx250g','venta',3.000,'-',10000.000,9997.000,'factura',7,NULL,3,'Administrador','2026-05-30 17:28:55'),(41,152,'1002','MAGDAL DON SATUR MARMOLADx250g','venta',3.000,'-',10000.000,9997.000,'factura',7,NULL,3,'Administrador','2026-05-30 17:28:55'),(42,154,'1004','MAGDAL DON SATUR C/CHIPS.x250g','venta',3.000,'-',10000.000,9997.000,'factura',7,NULL,3,'Administrador','2026-05-30 17:28:55'),(43,170,'961','MANI TARRO CERVECERO PIZZA','venta',3.000,'-',10000.000,9997.000,'factura',7,NULL,3,'Administrador','2026-05-30 17:28:55'),(44,40,'268','MOGUL FRUTILLAS CON CREMA X 500G','venta',1.000,'-',10000.000,9999.000,'factura',7,NULL,3,'Administrador','2026-05-30 17:28:55'),(250,39,'267','MOGUL DIENTES X 500G','venta',2.000,'-',9.000,7.000,'factura',8,NULL,3,'Administrador','2026-06-01 14:55:23'),(251,30,'240','GOMAS LA PIÑATA HUESOS ACIDOS X 700 GR','venta',1.000,'-',5.000,4.000,'factura',8,NULL,3,'Administrador','2026-06-01 14:55:23'),(252,52,'285','GOMITA DOCILE MIX DULCE/ACIDO X500','venta',3.000,'-',20.000,17.000,'factura',8,NULL,3,'Administrador','2026-06-01 14:55:23'),(253,60,'310','CHUPETIN PUSH POP.........x20u','venta',1.000,'-',6.000,5.000,'factura',8,NULL,3,'Administrador','2026-06-01 14:55:23'),(254,71,'29508','MAST.RICOMAS FRUTIL/LIMONx280g','venta',2.000,'-',8.000,6.000,'factura',8,NULL,3,'Administrador','2026-06-01 14:55:23'),(255,100,'708','BONOBON OBLEA LECHE....20ux30g','venta',3.000,'-',3.000,0.000,'factura',8,NULL,3,'Administrador','2026-06-01 14:55:23'),(256,111,'716','GUAYMALLEN SIMPLE BLANCO','venta',10.000,'-',520.000,510.000,'factura',8,NULL,3,'Administrador','2026-06-01 14:55:23'),(257,112,'717','GUAYMALLEN SIMPLE CHOCOLATE','venta',10.000,'-',542.000,532.000,'factura',8,NULL,3,'Administrador','2026-06-01 14:55:23'),(258,120,'728','ALF FANTOCHE SUPER TRIPLE NEGx100g','venta',8.000,'-',117.000,109.000,'factura',8,NULL,3,'Administrador','2026-06-01 14:55:23'),(259,131,'801','GIRASOL PIPAS GIGANTES.12ux50g','venta',1.000,'-',8.000,7.000,'factura',8,NULL,3,'Administrador','2026-06-01 14:55:23'),(260,170,'961','MANI TARRO CERVECERO PIZZA','venta',3.000,'-',15.000,12.000,'factura',8,NULL,3,'Administrador','2026-06-01 14:55:23'),(261,171,'962','MANI TARRO CERVECERO JAMON','venta',3.000,'-',6.000,3.000,'factura',8,NULL,3,'Administrador','2026-06-01 14:55:23'),(262,175,'968','MANI TARRO CON PIEL','venta',2.000,'-',32.000,30.000,'factura',8,NULL,3,'Administrador','2026-06-01 14:55:23'),(263,177,'970','MANI CON CASCARA','venta',2.000,'-',42.000,40.000,'factura',8,NULL,3,'Administrador','2026-06-01 14:55:23'),(264,166,'1030','SURTIDO BAGLEY...........x400g','venta',10.000,'-',95.000,85.000,'factura',9,NULL,3,'Administrador','2026-06-01 15:00:09'),(265,114,'719','ALF FANTOCHE TRIPLE BLANCO.x85g','venta',12.000,'-',110.000,98.000,'factura',9,NULL,3,'Administrador','2026-06-01 15:00:09'),(266,129,'751','TURRON MISKY','venta',43.000,'-',43.000,0.000,'factura',9,NULL,3,'Administrador','2026-06-01 15:00:09'),(267,166,'1030','SURTIDO BAGLEY...........x400g','devolucion',10.000,'+',85.000,95.000,'factura',9,'Anulación factura 0006-X0000005 - CARGUE MAL SALDO INICIAL',3,'Administrador','2026-06-01 15:25:24'),(268,114,'719','ALF FANTOCHE TRIPLE BLANCO.x85g','devolucion',12.000,'+',98.000,110.000,'factura',9,'Anulación factura 0006-X0000005 - CARGUE MAL SALDO INICIAL',3,'Administrador','2026-06-01 15:25:24'),(269,129,'751','TURRON MISKY','devolucion',43.000,'+',0.000,43.000,'factura',9,'Anulación factura 0006-X0000005 - CARGUE MAL SALDO INICIAL',3,'Administrador','2026-06-01 15:25:24'),(270,35,'253','GOMA BULL DOG.REGALIZ FRAMB.CJAx12u','venta',1.000,'-',12.000,11.000,'factura',10,NULL,3,'Administrador','2026-06-01 17:10:04'),(271,63,'400','MASTICABLE SURTIDO MISKY X 800gs','venta',1.000,'-',22.000,21.000,'factura',10,NULL,3,'Administrador','2026-06-01 17:10:04'),(272,64,'402','(x32u)MAST.LENGUETAZO T.FRUTI...','venta',1.000,'-',8.000,7.000,'factura',10,NULL,3,'Administrador','2026-06-01 17:10:04'),(273,88,'600','MARSHMALLOW GONGYS STICK CAJAx216g 18UNID','venta',1.000,'-',2.000,1.000,'factura',10,NULL,3,'Administrador','2026-06-01 17:10:04'),(274,128,'741','ALF PESCADO RAUL SIMPLE BLANCO.x50g','venta',12.000,'-',63.000,51.000,'factura',10,NULL,3,'Administrador','2026-06-01 17:10:04'),(275,148,'934','BAGGIO MULTIFRUTAL.......x200m','venta',18.000,'-',84.000,66.000,'factura',10,NULL,3,'Administrador','2026-06-01 17:10:04'),(295,38,'266','MOGUL MORAS X 500G','compra',6.000,'+',3.000,9.000,'factura_compra',1,'Compra a proveedor (factura compra #1)',NULL,'Sistema','2026-06-01 21:17:05'),(296,39,'267','MOGUL DIENTES X 500G','compra',6.000,'+',7.000,13.000,'factura_compra',1,'Compra a proveedor (factura compra #1)',NULL,'Sistema','2026-06-01 21:17:05'),(297,100,'708','BONOBON OBLEA LECHE....20ux30g','compra',320.000,'+',0.000,320.000,'factura_compra',1,'Compra a proveedor (factura compra #1)',NULL,'Sistema','2026-06-01 21:17:05'),(298,201,'3466','BONOBON OBLEA BLANCO 20X30G','compra',160.000,'+',0.000,160.000,'factura_compra',1,'Compra a proveedor (factura compra #1)',NULL,'Sistema','2026-06-01 21:17:05'),(299,123,'736','ALF COFLER BLOCK TRIPLE...x60g','compra',168.000,'+',0.000,168.000,'factura_compra',1,'Compra a proveedor (factura compra #1)',NULL,'Sistema','2026-06-01 21:17:05'),(300,86,'529','MENTHO PLUS CEREZA........x12u','compra',12.000,'+',1.000,13.000,'factura_compra',1,'Compra a proveedor (factura compra #1)',NULL,'Sistema','2026-06-01 21:17:05'),(301,84,'527','MENTHO PLUS STRONG........x12u','compra',12.000,'+',1.000,13.000,'factura_compra',1,'Compra a proveedor (factura compra #1)',NULL,'Sistema','2026-06-01 21:17:05'),(302,87,'530','MENTHO PLUS MIEL..........x12u','compra',12.000,'+',0.000,12.000,'factura_compra',1,'Compra a proveedor (factura compra #1)',NULL,'Sistema','2026-06-01 21:17:05'),(303,1,'102','CHICLE FIERITA RECARGADO MENTA X50U','compra',12.000,'+',4.000,16.000,'factura_compra',1,'Compra a proveedor (factura compra #1)',NULL,'Sistema','2026-06-01 21:17:05'),(304,40,'268','MOGUL FRUTILLAS CON CREMA X 500G','compra',6.000,'+',6.000,12.000,'factura_compra',1,'Compra a proveedor (factura compra #1)',NULL,'Sistema','2026-06-01 21:17:05'),(305,104,'713','BOMBONES BON O BON 30 X 15GS','compra',12.000,'+',0.000,12.000,'factura_compra',1,'Compra a proveedor (factura compra #1)',NULL,'Sistema','2026-06-01 21:17:05'),(306,191,'276','MOGUL FRUTILLA ACIDA X 500','compra',6.000,'+',0.000,6.000,'factura_compra',1,'Compra a proveedor (factura compra #1)',NULL,'Sistema','2026-06-01 21:17:05'),(307,47,'275','MOGUL EXTREME OSITOS X 500G','compra',6.000,'+',0.000,6.000,'factura_compra',1,'Compra a proveedor (factura compra #1)',NULL,'Sistema','2026-06-01 21:17:05'),(308,194,'742','ALF MINI TORTA AGUILA X69G','compra',168.000,'+',6.000,174.000,'factura_compra',1,'Compra a proveedor (factura compra #1)',NULL,'Sistema','2026-06-01 21:17:05'),(309,195,'743','ALF MINI TORTA AGUILA BROWNIE X74G','compra',168.000,'+',4.000,172.000,'factura_compra',1,'Compra a proveedor (factura compra #1)',NULL,'Sistema','2026-06-01 21:17:05'),(310,132,'900','JUGO ARCOR POLVO NARANJA..x18u','compra',12.000,'+',0.000,12.000,'factura_compra',1,'Compra a proveedor (factura compra #1)',NULL,'Sistema','2026-06-01 21:17:05'),(311,136,'904','JUGO ARCOR POLVO MULTIFRUTx18u','compra',12.000,'+',0.000,12.000,'factura_compra',1,'Compra a proveedor (factura compra #1)',NULL,'Sistema','2026-06-01 21:17:05'),(312,139,'907','JUGO ARCOR POLVO NARANJA BANANA.x18u','compra',12.000,'+',0.000,12.000,'factura_compra',1,'Compra a proveedor (factura compra #1)',NULL,'Sistema','2026-06-01 21:17:05'),(313,141,'909','JUGO ARCOR POLVO NARANJA MANGO.x18u','compra',12.000,'+',3.000,15.000,'factura_compra',1,'Compra a proveedor (factura compra #1)',NULL,'Sistema','2026-06-01 21:17:05'),(314,138,'906','JUGO ARCOR POLVO FRUT/ANANA/BANANA','compra',12.000,'+',0.000,12.000,'factura_compra',1,'Compra a proveedor (factura compra #1)',NULL,'Sistema','2026-06-01 21:17:05'),(315,122,'735','ALF BON O BON TRIPLE NEGROx60g','compra',168.000,'+',0.000,168.000,'factura_compra',1,'Compra a proveedor (factura compra #1)',NULL,'Sistema','2026-06-01 21:17:05'),(316,121,'729','ALFAJOR CHOCOTORTA 71,5','compra',168.000,'+',0.000,168.000,'factura_compra',1,'Compra a proveedor (factura compra #1)',NULL,'Sistema','2026-06-01 21:17:05'),(320,131,'801','GIRASOL PIPAS GIGANTES.12ux50g','venta',1.000,'-',7.000,6.000,'factura',11,NULL,3,'Administrador','2026-06-01 23:04:43'),(321,94,'702','CHOCOLATE MISKY  NGRO x25g','venta',16.000,'-',76.000,60.000,'factura',11,NULL,3,'Administrador','2026-06-01 23:04:43'),(322,52,'285','GOMITA DOCILE MIX DULCE/ACIDO X500','venta',1.000,'-',17.000,16.000,'factura',11,NULL,3,'Administrador','2026-06-01 23:04:43'),(323,56,'305','MR.POPS ARQUIT.FTAL.......x50u','venta',1.000,'-',9.000,8.000,'factura',11,NULL,3,'Administrador','2026-06-01 23:04:43'),(324,109,'714','GUAYMALLEN TRIPLE CHOCOLATE','venta',6.000,'-',198.000,192.000,'factura',11,NULL,3,'Administrador','2026-06-01 23:04:43'),(325,110,'715','GUAYMALLEN TRIPLE BLANCO','venta',3.000,'-',124.000,121.000,'factura',11,NULL,3,'Administrador','2026-06-01 23:04:43'),(326,113,'718','ALF FANTOCHE TRI.CHOCOLATEx85g','venta',6.000,'-',35.000,29.000,'factura',11,NULL,3,'Administrador','2026-06-01 23:04:43'),(327,114,'719','ALF FANTOCHE TRIPLE BLANCO.x85g','venta',3.000,'-',110.000,107.000,'factura',11,NULL,3,'Administrador','2026-06-01 23:04:43'),(328,127,'740','ALF PESCADO RAUL SIMPLE NEGRO.x50g','venta',4.000,'-',133.000,129.000,'factura',11,NULL,3,'Administrador','2026-06-01 23:04:43'),(329,128,'741','ALF PESCADO RAUL SIMPLE BLANCO.x50g','venta',4.000,'-',51.000,47.000,'factura',11,NULL,3,'Administrador','2026-06-01 23:04:43'),(330,126,'739','ALF RASTA MAICENA TRICOx100g','venta',4.000,'-',13.000,9.000,'factura',11,NULL,3,'Administrador','2026-06-01 23:04:43'),(331,120,'728','ALF FANTOCHE SUPER TRIPLE NEGx100g','venta',4.000,'-',109.000,105.000,'factura',11,NULL,3,'Administrador','2026-06-01 23:04:43'),(336,130,'800','GIRASOL PIPAS..........30ux18g','venta',4.000,'-',8.000,4.000,'factura',12,NULL,3,'Administrador','2026-06-02 17:54:58'),(337,145,'931','BAGGIO DURAZNO...........x200m','venta',36.000,'-',45.000,9.000,'factura',12,NULL,3,'Administrador','2026-06-02 17:54:58'),(338,146,'932','BAGGIO MANZANA...........x200m','venta',36.000,'-',36.000,0.000,'factura',12,NULL,3,'Administrador','2026-06-02 17:54:58'),(339,147,'933','BAGGIO NARANJA...........x200m','venta',18.000,'-',21.000,3.000,'factura',12,NULL,3,'Administrador','2026-06-02 17:54:58'),(340,148,'934','BAGGIO MULTIFRUTAL.......x200m','venta',36.000,'-',66.000,30.000,'factura',12,NULL,3,'Administrador','2026-06-02 17:54:58'),(341,204,'975','CEREAL MIX YOGH/FRUT.LIGHT X28G','venta',40.000,'-',40.000,0.000,'factura',12,NULL,3,'Administrador','2026-06-02 17:54:58'),(342,203,'974','CEREAL MIX ORIGINAL X23G','venta',10.000,'-',10.000,0.000,'factura',12,NULL,3,'Administrador','2026-06-02 17:54:58'),(343,202,'973','CEREAL MIX PLACERES CHOCOL X23G','venta',10.000,'-',10.000,0.000,'factura',12,NULL,3,'Administrador','2026-06-02 17:54:58'),(344,206,'3000','PROD VARIOS','compra',1.000,'+',0.000,1.000,'factura_compra',2,'Compra a proveedor (factura compra #2)',3,'Administrador','2026-06-02 21:23:14'),(345,120,'728','ALF FANTOCHE SUPER TRIPLE NEGx100g','compra',180.000,'+',105.000,285.000,'factura_compra',3,'Compra a proveedor (factura compra #3)',3,'Administrador','2026-06-02 23:48:53'),(346,95,'703','CHOCOLATE MISKY  BCO x25g','compra',180.000,'+',78.000,258.000,'factura_compra',3,'Compra a proveedor (factura compra #3)',3,'Administrador','2026-06-02 23:48:53'),(347,94,'702','CHOCOLATE MISKY  NGRO x25g','compra',180.000,'+',60.000,240.000,'factura_compra',3,'Compra a proveedor (factura compra #3)',3,'Administrador','2026-06-02 23:48:54'),(348,128,'741','ALF PESCADO RAUL SIMPLE BLANCO.x50g','compra',120.000,'+',47.000,167.000,'factura_compra',3,'Compra a proveedor (factura compra #3)',3,'Administrador','2026-06-02 23:48:54'),(349,127,'740','ALF PESCADO RAUL SIMPLE NEGRO.x50g','compra',120.000,'+',129.000,249.000,'factura_compra',3,'Compra a proveedor (factura compra #3)',3,'Administrador','2026-06-02 23:48:54'),(350,6,'140','BELDENT FRESH SPARKS MENTAx20u','compra',6.000,'+',0.000,6.000,'factura_compra',3,'Compra a proveedor (factura compra #3)',3,'Administrador','2026-06-02 23:48:54'),(351,163,'1023','.9 DE ORO AGRIDULCE','compra',60.000,'+',7.000,67.000,'factura_compra',3,'Compra a proveedor (factura compra #3)',3,'Administrador','2026-06-02 23:48:54'),(352,164,'1024','.9 DE ORO AZUCARADO','compra',28.000,'+',25.000,53.000,'factura_compra',3,'Compra a proveedor (factura compra #3)',3,'Administrador','2026-06-02 23:48:54'),(353,162,'1022','.9 DE ORO GRASA','compra',24.000,'+',100.000,124.000,'factura_compra',3,'Compra a proveedor (factura compra #3)',3,'Administrador','2026-06-02 23:48:54'),(354,52,'285','GOMITA DOCILE MIX DULCE/ACIDO X500','compra',20.000,'+',16.000,36.000,'factura_compra',3,'Compra a proveedor (factura compra #3)',3,'Administrador','2026-06-02 23:48:54'),(355,29,'232','GOMA EUCALIPTUS MISKY......x1k','compra',1.000,'+',4.000,5.000,'factura_compra',3,'Compra a proveedor (factura compra #3)',3,'Administrador','2026-06-02 23:48:54'),(356,27,'230','GOMA FANTASIA MISKY .......x1k','compra',4.000,'+',6.000,10.000,'factura_compra',3,'Compra a proveedor (factura compra #3)',3,'Administrador','2026-06-02 23:48:54'),(357,13,'203','GOMITAS YUMMY 100 PIES ACIDAS X 500 GR','compra',3.000,'+',1.000,4.000,'factura_compra',3,'Compra a proveedor (factura compra #3)',3,'Administrador','2026-06-02 23:48:54'),(358,19,'209','YUMMY BOTELLITAS BOLSA...x500g','compra',3.000,'+',0.000,3.000,'factura_compra',3,'Compra a proveedor (factura compra #3)',3,'Administrador','2026-06-02 23:48:54'),(359,17,'207','GOMITAS YUMMY DIENTITOS X 500 GR','compra',12.000,'+',0.000,12.000,'factura_compra',3,'Compra a proveedor (factura compra #3)',3,'Administrador','2026-06-02 23:48:54'),(360,12,'202','GOMITAS YUMMY FRUTILLITAS CON CREMA X 500 GR','compra',6.000,'+',0.000,6.000,'factura_compra',3,'Compra a proveedor (factura compra #3)',3,'Administrador','2026-06-02 23:48:54'),(361,18,'208','YUMMY HUEVOS FRITOS BOLSA.x500g','compra',3.000,'+',0.000,3.000,'factura_compra',3,'Compra a proveedor (factura compra #3)',3,'Administrador','2026-06-02 23:48:54'),(362,10,'200','GOMITAS YUMMY OSITOS ACIDOS X 500 GR','compra',3.000,'+',1.000,4.000,'factura_compra',3,'Compra a proveedor (factura compra #3)',3,'Administrador','2026-06-02 23:48:54'),(363,11,'201','GOMITAS YUMMY OSITOS X 500 GR','compra',3.000,'+',1.000,4.000,'factura_compra',3,'Compra a proveedor (factura compra #3)',3,'Administrador','2026-06-02 23:48:54'),(364,129,'751','TURRON MISKY','compra',200.000,'+',43.000,243.000,'factura_compra',3,'Compra a proveedor (factura compra #3)',3,'Administrador','2026-06-02 23:48:54'),(365,144,'918','CERVEZA 361 PET............x1l','compra',60.000,'+',44.000,104.000,'factura_compra',3,'Compra a proveedor (factura compra #3)',3,'Administrador','2026-06-02 23:48:54'),(366,13,'203','GOMITAS YUMMY 100 PIES ACIDAS X 500 GR','venta',1.000,'-',4.000,3.000,'factura',13,NULL,3,'Administrador','2026-06-03 23:27:55'),(367,34,'252','GOMA BULL DOG.REGALIZ TUTTI F.CJAx12u','venta',1.000,'-',11.000,10.000,'factura',13,NULL,3,'Administrador','2026-06-03 23:27:55'),(368,52,'285','GOMITA DOCILE MIX DULCE/ACIDO X500','venta',1.000,'-',36.000,35.000,'factura',13,NULL,3,'Administrador','2026-06-03 23:27:55'),(369,54,'303','MR.POPS EVOLUT.BLUE BERRY.x24u','venta',1.000,'-',5.000,4.000,'factura',13,NULL,3,'Administrador','2026-06-03 23:27:55'),(370,135,'903','JUGO ARCOR POLVO MANZANA..x18u','venta',2.000,'-',15.000,13.000,'factura',13,NULL,3,'Administrador','2026-06-03 23:27:55'),(371,138,'906','JUGO ARCOR POLVO FRUT/ANANA/BANANA','venta',1.000,'-',12.000,11.000,'factura',13,NULL,3,'Administrador','2026-06-03 23:27:55'),(372,38,'266','MOGUL MORAS X 500G','venta',1.000,'-',9.000,8.000,'factura',13,NULL,3,'Administrador','2026-06-03 23:27:55'),(373,43,'271','MOGUL EXTREME LADRILLOS MIX FRUTAL X 500G','venta',2.000,'-',9.000,7.000,'factura',13,NULL,3,'Administrador','2026-06-03 23:27:55'),(374,21,'221','YUMMY DINO X 12 UND','venta',1.000,'-',4.000,3.000,'factura',13,NULL,3,'Administrador','2026-06-03 23:27:55'),(375,190,'144','TOP LINE SEVEN MENTA','venta',1.000,'-',13.000,12.000,'factura',13,NULL,3,'Administrador','2026-06-03 23:27:55'),(376,65,'404','PALITO DE LA SELVA.......x660g','venta',1.000,'-',11.000,10.000,'factura',13,NULL,3,'Administrador','2026-06-03 23:27:55'),(377,27,'230','GOMA FANTASIA MISKY .......x1k','venta',1.000,'-',10.000,9.000,'factura',13,NULL,3,'Administrador','2026-06-03 23:27:55'),(378,28,'231','GOMA JELLY ROLL MISKY......x1k','venta',1.000,'-',5.000,4.000,'factura',13,NULL,3,'Administrador','2026-06-03 23:27:55'),(379,130,'800','GIRASOL PIPAS..........30ux18g','venta',1.000,'-',4.000,3.000,'factura',14,NULL,3,'Administrador','2026-06-04 11:30:07'),(380,155,'1010','DON SATUR BIZCOCH.GRASA x200g','venta',10.000,'-',114.000,104.000,'factura',14,NULL,3,'Administrador','2026-06-04 11:30:07'),(381,156,'1011','DON SATUR BIZCOCHO DULCE.x200g','venta',10.000,'-',32.000,22.000,'factura',14,NULL,3,'Administrador','2026-06-04 11:30:07'),(382,157,'1012','DON SATUR BIZCOCH.NEGRITOx200g','venta',10.000,'-',42.000,32.000,'factura',14,NULL,3,'Administrador','2026-06-04 11:30:07'),(383,197,'1033','SERRANITAS OFERTA 14 X3 X315G','venta',14.000,'-',70.000,56.000,'factura',14,NULL,3,'Administrador','2026-06-04 11:30:07'),(384,188,'6886','MENTHO PLUS ((SURTIDO))......x12u','venta',1.000,'-',3.000,2.000,'factura',14,NULL,3,'Administrador','2026-06-04 11:30:07'),(385,13,'203','GOMITAS YUMMY 100 PIES ACIDAS X 500 GR','venta',1.000,'-',3.000,2.000,'factura',15,NULL,3,'Administrador','2026-06-04 11:34:44'),(386,14,'204','GOMITAS YUMMY SANDIA  X500GR','venta',1.000,'-',3.000,2.000,'factura',15,NULL,3,'Administrador','2026-06-04 11:34:44'),(387,37,'260','(12ux35g)GOMA MISKY ROLL......','venta',1.000,'-',4.000,3.000,'factura',15,NULL,3,'Administrador','2026-06-04 11:34:44'),(388,117,'722','ALFAJOR GULA NEGRO X 18U','venta',4.000,'-',51.000,47.000,'factura',15,NULL,3,'Administrador','2026-06-04 11:34:44'),(389,118,'723','ALFAJOR GULA BLANCO X 18U','venta',4.000,'-',18.000,14.000,'factura',15,NULL,3,'Administrador','2026-06-04 11:34:44'),(390,119,'724','ALFAJOR GULA KING RALLADO X 18U','venta',4.000,'-',18.000,14.000,'factura',15,NULL,3,'Administrador','2026-06-04 11:34:44'),(391,175,'968','MANI TARRO CON PIEL','venta',3.000,'-',30.000,27.000,'factura',15,NULL,3,'Administrador','2026-06-04 11:34:44'),(392,176,'969','MANI TARRO SIN PIEL','venta',3.000,'-',23.000,20.000,'factura',15,NULL,3,'Administrador','2026-06-04 11:34:44'),(393,13,'203','GOMITAS YUMMY 100 PIES ACIDAS X 500 GR','devolucion',1.000,'+',2.000,3.000,'factura',15,'Anulación factura 0006-X0000010 - OTRO CLIENTE',3,'Administrador','2026-06-04 11:35:32'),(394,14,'204','GOMITAS YUMMY SANDIA  X500GR','devolucion',1.000,'+',2.000,3.000,'factura',15,'Anulación factura 0006-X0000010 - OTRO CLIENTE',3,'Administrador','2026-06-04 11:35:32'),(395,37,'260','(12ux35g)GOMA MISKY ROLL......','devolucion',1.000,'+',3.000,4.000,'factura',15,'Anulación factura 0006-X0000010 - OTRO CLIENTE',3,'Administrador','2026-06-04 11:35:32'),(396,117,'722','ALFAJOR GULA NEGRO X 18U','devolucion',4.000,'+',47.000,51.000,'factura',15,'Anulación factura 0006-X0000010 - OTRO CLIENTE',3,'Administrador','2026-06-04 11:35:32'),(397,118,'723','ALFAJOR GULA BLANCO X 18U','devolucion',4.000,'+',14.000,18.000,'factura',15,'Anulación factura 0006-X0000010 - OTRO CLIENTE',3,'Administrador','2026-06-04 11:35:32'),(398,119,'724','ALFAJOR GULA KING RALLADO X 18U','devolucion',4.000,'+',14.000,18.000,'factura',15,'Anulación factura 0006-X0000010 - OTRO CLIENTE',3,'Administrador','2026-06-04 11:35:32'),(399,175,'968','MANI TARRO CON PIEL','devolucion',3.000,'+',27.000,30.000,'factura',15,'Anulación factura 0006-X0000010 - OTRO CLIENTE',3,'Administrador','2026-06-04 11:35:32'),(400,176,'969','MANI TARRO SIN PIEL','devolucion',3.000,'+',20.000,23.000,'factura',15,'Anulación factura 0006-X0000010 - OTRO CLIENTE',3,'Administrador','2026-06-04 11:35:32'),(401,21,'221','YUMMY DINO X 12 UND','venta',1.000,'-',3.000,2.000,'factura',16,NULL,3,'Administrador','2026-06-04 11:52:12'),(402,24,'224','YUMMY OSITOS X 12 UND','venta',1.000,'-',3.000,2.000,'factura',16,NULL,3,'Administrador','2026-06-04 11:52:12'),(403,25,'225','YUMMY PECECITOS X 12 UND','venta',1.000,'-',4.000,3.000,'factura',16,NULL,3,'Administrador','2026-06-04 11:52:12'),(404,132,'900','JUGO ARCOR POLVO NARANJA..x18u','venta',1.000,'-',12.000,11.000,'factura',16,NULL,3,'Administrador','2026-06-04 11:52:12'),(405,184,'3333','GOMA BULL DOG.REGALIZ (((SURTIDAS))).CJAx12u','venta',1.000,'-',3.000,2.000,'factura',16,NULL,3,'Administrador','2026-06-04 11:52:12'),(406,13,'203','GOMITAS YUMMY 100 PIES ACIDAS X 500 GR','venta',1.000,'-',3.000,2.000,'factura',17,NULL,3,'Administrador','2026-06-04 11:57:08'),(407,14,'204','GOMITAS YUMMY SANDIA  X500GR','venta',1.000,'-',3.000,2.000,'factura',17,NULL,3,'Administrador','2026-06-04 11:57:08'),(408,37,'260','(12ux35g)GOMA MISKY ROLL......','venta',1.000,'-',4.000,3.000,'factura',17,NULL,3,'Administrador','2026-06-04 11:57:08'),(409,117,'722','ALFAJOR GULA NEGRO X 18U','venta',4.000,'-',51.000,47.000,'factura',17,NULL,3,'Administrador','2026-06-04 11:57:08'),(410,118,'723','ALFAJOR GULA BLANCO X 18U','venta',4.000,'-',18.000,14.000,'factura',17,NULL,3,'Administrador','2026-06-04 11:57:08'),(411,119,'724','ALFAJOR GULA KING RALLADO X 18U','venta',4.000,'-',18.000,14.000,'factura',17,NULL,3,'Administrador','2026-06-04 11:57:08'),(412,175,'968','MANI TARRO CON PIEL','venta',3.000,'-',30.000,27.000,'factura',17,NULL,3,'Administrador','2026-06-04 11:57:08'),(413,176,'969','MANI TARRO SIN PIEL','venta',3.000,'-',23.000,20.000,'factura',17,NULL,3,'Administrador','2026-06-04 11:57:08'),(414,17,'207','GOMITAS YUMMY DIENTITOS X 500 GR','venta',2.000,'-',12.000,10.000,'factura',18,NULL,3,'Administrador','2026-06-04 12:07:01'),(415,18,'208','YUMMY HUEVOS FRITOS BOLSA.x500g','venta',2.000,'-',3.000,1.000,'factura',18,NULL,3,'Administrador','2026-06-04 12:07:01'),(416,27,'230','GOMA FANTASIA MISKY .......x1k','venta',1.000,'-',9.000,8.000,'factura',18,NULL,3,'Administrador','2026-06-04 12:07:01'),(417,38,'266','MOGUL MORAS X 500G','venta',1.000,'-',8.000,7.000,'factura',18,NULL,3,'Administrador','2026-06-04 12:07:01'),(418,98,'706','BOCADITO NEVARES DUL.D/LECx15u','venta',1.000,'-',19.000,18.000,'factura',18,NULL,3,'Administrador','2026-06-04 12:07:01'),(419,100,'708','BONOBON OBLEA LECHE....20ux30g','venta',10.000,'-',320.000,310.000,'factura',18,NULL,3,'Administrador','2026-06-04 12:07:01'),(420,102,'710','OBLEA SMACK RELLENA X33g','venta',6.000,'-',42.000,36.000,'factura',18,NULL,3,'Administrador','2026-06-04 12:07:01'),(421,113,'718','ALF FANTOCHE TRI.CHOCOLATEx85g','venta',8.000,'-',29.000,21.000,'factura',18,NULL,3,'Administrador','2026-06-04 12:07:01'),(422,114,'719','ALF FANTOCHE TRIPLE BLANCO.x85g','venta',4.000,'-',107.000,103.000,'factura',18,NULL,3,'Administrador','2026-06-04 12:07:01'),(423,122,'735','ALF BON O BON TRIPLE NEGROx60g','venta',6.000,'-',168.000,162.000,'factura',18,NULL,3,'Administrador','2026-06-04 12:07:01'),(424,148,'934','BAGGIO MULTIFRUTAL.......x200m','venta',6.000,'-',30.000,24.000,'factura',18,NULL,3,'Administrador','2026-06-04 12:07:01'),(425,155,'1010','DON SATUR BIZCOCH.GRASA x200g','venta',4.000,'-',104.000,100.000,'factura',18,NULL,3,'Administrador','2026-06-04 12:07:01'),(426,162,'1022','.9 DE ORO GRASA','venta',4.000,'-',124.000,120.000,'factura',18,NULL,3,'Administrador','2026-06-04 12:07:01'),(427,163,'1023','.9 DE ORO AGRIDULCE','venta',5.000,'-',67.000,62.000,'factura',18,NULL,3,'Administrador','2026-06-04 12:07:01'),(428,197,'1033','SERRANITAS OFERTA 14 X3 X315G','venta',3.000,'-',56.000,53.000,'factura',18,NULL,3,'Administrador','2026-06-04 12:07:01'),(429,170,'961','MANI TARRO CERVECERO PIZZA','venta',2.000,'-',9.000,7.000,'factura',18,NULL,3,'Administrador','2026-06-04 12:07:01'),(430,16,'206','GOMITAS YUMMY MORITAS X500G','venta',1.000,'-',7.000,6.000,'factura',19,NULL,3,'Administrador','2026-06-04 12:11:20'),(431,27,'230','GOMA FANTASIA MISKY .......x1k','venta',1.000,'-',8.000,7.000,'factura',19,NULL,3,'Administrador','2026-06-04 12:11:20'),(432,38,'266','MOGUL MORAS X 500G','venta',1.000,'-',7.000,6.000,'factura',19,NULL,3,'Administrador','2026-06-04 12:11:20'),(433,39,'267','MOGUL DIENTES X 500G','venta',1.000,'-',13.000,12.000,'factura',19,NULL,3,'Administrador','2026-06-04 12:11:20'),(434,42,'270','MOGUL EXTREME LADRILLOS X 500G','venta',1.000,'-',20.000,19.000,'factura',19,NULL,3,'Administrador','2026-06-04 12:11:20'),(435,43,'271','MOGUL EXTREME LADRILLOS MIX FRUTAL X 500G','venta',1.000,'-',7.000,6.000,'factura',19,NULL,3,'Administrador','2026-06-04 12:11:20'),(436,94,'702','CHOCOLATE MISKY  NGRO x25g','venta',6.000,'-',240.000,234.000,'factura',19,NULL,3,'Administrador','2026-06-04 12:11:20'),(437,95,'703','CHOCOLATE MISKY  BCO x25g','venta',6.000,'-',258.000,252.000,'factura',19,NULL,3,'Administrador','2026-06-04 12:11:20'),(438,98,'706','BOCADITO NEVARES DUL.D/LECx15u','venta',1.000,'-',18.000,17.000,'factura',19,NULL,3,'Administrador','2026-06-04 12:11:20'),(439,113,'718','ALF FANTOCHE TRI.CHOCOLATEx85g','venta',6.000,'-',21.000,15.000,'factura',19,NULL,3,'Administrador','2026-06-04 12:11:20'),(440,114,'719','ALF FANTOCHE TRIPLE BLANCO.x85g','venta',6.000,'-',103.000,97.000,'factura',19,NULL,3,'Administrador','2026-06-04 12:11:20'),(441,121,'729','ALFAJOR CHOCOTORTA 71,5','venta',6.000,'-',168.000,162.000,'factura',19,NULL,3,'Administrador','2026-06-04 12:11:20'),(442,123,'736','ALF COFLER BLOCK TRIPLE...x60g','venta',6.000,'-',168.000,162.000,'factura',19,NULL,3,'Administrador','2026-06-04 12:11:20'),(443,195,'743','ALF MINI TORTA AGUILA BROWNIE X74G','venta',6.000,'-',172.000,166.000,'factura',19,NULL,3,'Administrador','2026-06-04 12:11:20'),(444,166,'1030','SURTIDO BAGLEY...........x400g','venta',6.000,'-',95.000,89.000,'factura',19,NULL,3,'Administrador','2026-06-04 12:11:20'),(445,12,'202','GOMITAS YUMMY FRUTILLITAS CON CREMA X 500 GR','venta',1.000,'-',6.000,5.000,'factura',20,NULL,3,'Administrador','2026-06-04 12:43:48'),(446,13,'203','GOMITAS YUMMY 100 PIES ACIDAS X 500 GR','venta',1.000,'-',2.000,1.000,'factura',20,NULL,3,'Administrador','2026-06-04 12:43:48'),(447,15,'205','YUMMY BANANITAS BOLSA....x500g','venta',1.000,'-',1.000,0.000,'factura',20,NULL,3,'Administrador','2026-06-04 12:43:48'),(448,16,'206','GOMITAS YUMMY MORITAS X500G','venta',1.000,'-',6.000,5.000,'factura',20,NULL,3,'Administrador','2026-06-04 12:43:48'),(449,17,'207','GOMITAS YUMMY DIENTITOS X 500 GR','venta',2.000,'-',10.000,8.000,'factura',20,NULL,3,'Administrador','2026-06-04 12:43:48'),(450,27,'230','GOMA FANTASIA MISKY .......x1k','venta',1.000,'-',7.000,6.000,'factura',20,NULL,3,'Administrador','2026-06-04 12:43:48'),(451,28,'231','GOMA JELLY ROLL MISKY......x1k','venta',1.000,'-',4.000,3.000,'factura',20,NULL,3,'Administrador','2026-06-04 12:43:48'),(452,29,'232','GOMA EUCALIPTUS MISKY......x1k','venta',1.000,'-',5.000,4.000,'factura',20,NULL,3,'Administrador','2026-06-04 12:43:48'),(453,32,'250','GOMA BULL DOG.REGALIZ SANDIA CJAx12u','venta',1.000,'-',1.000,0.000,'factura',20,NULL,3,'Administrador','2026-06-04 12:43:48'),(454,33,'251','GOMA BULL DOG.REGALIZ FRUT.CJAx12u','venta',1.000,'-',11.000,10.000,'factura',20,NULL,3,'Administrador','2026-06-04 12:43:48'),(455,34,'252','GOMA BULL DOG.REGALIZ TUTTI F.CJAx12u','venta',1.000,'-',10.000,9.000,'factura',20,NULL,3,'Administrador','2026-06-04 12:43:48'),(456,35,'253','GOMA BULL DOG.REGALIZ FRAMB.CJAx12u','venta',1.000,'-',11.000,10.000,'factura',20,NULL,3,'Administrador','2026-06-04 12:43:48'),(457,109,'714','GUAYMALLEN TRIPLE CHOCOLATE','venta',12.000,'-',192.000,180.000,'factura',20,NULL,3,'Administrador','2026-06-04 12:43:48'),(458,110,'715','GUAYMALLEN TRIPLE BLANCO','venta',12.000,'-',121.000,109.000,'factura',20,NULL,3,'Administrador','2026-06-04 12:43:48'),(459,111,'716','GUAYMALLEN SIMPLE BLANCO','venta',12.000,'-',510.000,498.000,'factura',20,NULL,3,'Administrador','2026-06-04 12:43:48'),(460,112,'717','GUAYMALLEN SIMPLE CHOCOLATE','venta',12.000,'-',532.000,520.000,'factura',20,NULL,3,'Administrador','2026-06-04 12:43:48'),(461,113,'718','ALF FANTOCHE TRI.CHOCOLATEx85g','venta',12.000,'-',15.000,3.000,'factura',20,NULL,3,'Administrador','2026-06-04 12:43:48'),(462,114,'719','ALF FANTOCHE TRIPLE BLANCO.x85g','venta',12.000,'-',97.000,85.000,'factura',20,NULL,3,'Administrador','2026-06-04 12:43:48'),(463,162,'1022','.9 DE ORO GRASA','venta',10.000,'-',120.000,110.000,'factura',20,NULL,3,'Administrador','2026-06-04 12:43:48'),(465,7,'141','BELDENT FRESH SPARKS MTA.Fx20u','venta',1.000,'-',6.000,5.000,'factura',21,NULL,3,'Administrador','2026-06-04 13:05:26'),(466,60,'310','CHUPETIN PUSH POP.........x20u','venta',1.000,'-',5.000,4.000,'factura',21,NULL,3,'Administrador','2026-06-04 13:05:26'),(467,113,'718','ALF FANTOCHE TRI.CHOCOLATEx85g','venta',12.000,'-',183.000,171.000,'factura',21,NULL,3,'Administrador','2026-06-04 13:05:26'),(468,114,'719','ALF FANTOCHE TRIPLE BLANCO.x85g','venta',12.000,'-',85.000,73.000,'factura',21,NULL,3,'Administrador','2026-06-04 13:05:27'),(469,195,'743','ALF MINI TORTA AGUILA BROWNIE X74G','venta',5.000,'-',166.000,161.000,'factura',21,NULL,3,'Administrador','2026-06-04 13:05:27'),(470,158,'1014','GALL TRIO PEPAS..........x320g','venta',8.000,'-',32.000,24.000,'factura',21,NULL,3,'Administrador','2026-06-04 13:05:27'),(471,159,'1015','GALL TRIO PEPAS C/CHIPS..x300g','venta',5.000,'-',55.000,50.000,'factura',21,NULL,3,'Administrador','2026-06-04 13:05:27'),(472,160,'1017','GALL TRIO TRICHOC........x300g','venta',5.000,'-',63.000,58.000,'factura',21,NULL,3,'Administrador','2026-06-04 13:05:27'),(473,161,'1018','GALL TRIO GLASY..........x300g','venta',5.000,'-',42.000,37.000,'factura',21,NULL,3,'Administrador','2026-06-04 13:05:27'),(474,166,'1030','SURTIDO BAGLEY...........x400g','venta',6.000,'-',89.000,83.000,'factura',21,NULL,3,'Administrador','2026-06-04 13:05:27'),(475,167,'1031','GALL.DIVERSION SURTIDA...x400g','venta',6.000,'-',97.000,91.000,'factura',21,NULL,3,'Administrador','2026-06-04 13:05:27'),(476,170,'961','MANI TARRO CERVECERO PIZZA','venta',2.000,'-',7.000,5.000,'factura',21,NULL,3,'Administrador','2026-06-04 13:05:27'),(477,171,'962','MANI TARRO CERVECERO JAMON','venta',2.000,'-',3.000,1.000,'factura',21,NULL,3,'Administrador','2026-06-04 13:05:27'),(478,172,'963','MANI TARRO  CERVECERO SALAME','venta',2.000,'-',26.000,24.000,'factura',21,NULL,3,'Administrador','2026-06-04 13:05:27'),(479,181,'1120','ENC COCINA CANDELA CLASICO x25','venta',1.000,'-',9.000,8.000,'factura',21,NULL,3,'Administrador','2026-06-04 13:05:27'),(481,30,'240','GOMAS LA PIÑATA HUESOS ACIDOS X 700 GR','venta',3.000,'-',3.000,0.000,'factura',22,NULL,3,'Administrador','2026-06-04 13:34:35'),(482,48,'281','GOMAS MOGUL COLA X 12 UNIDADES','venta',1.000,'-',4.000,3.000,'factura',22,NULL,3,'Administrador','2026-06-04 13:34:35'),(483,199,'286','GOMITAS DOCILE GAJOS SURTIDO X500','venta',2.000,'-',26.000,24.000,'factura',22,NULL,3,'Administrador','2026-06-04 13:34:35'),(484,68,'408','MASTICABLE BULLDOG X 700G','venta',3.000,'-',3.000,0.000,'factura',22,NULL,3,'Administrador','2026-06-04 13:34:35'),(485,72,'501','PASTILLAS BULL DOG UVA X12U','venta',1.000,'-',5.000,4.000,'factura',22,NULL,3,'Administrador','2026-06-04 13:34:35'),(486,74,'505','PASTILLAS BULL DOG SANDIA ACIDA X 12 UND','venta',1.000,'-',5.000,4.000,'factura',22,NULL,3,'Administrador','2026-06-04 13:34:35'),(487,75,'506','PASTILLAS BULL DOG TUTTI FRUTTI  LIMONX 12 UND','venta',1.000,'-',6.000,5.000,'factura',22,NULL,3,'Administrador','2026-06-04 13:34:35'),(488,76,'507','PASTILLAS BULL DOG LIMON EXTREME X12 UND','venta',1.000,'-',11.000,10.000,'factura',22,NULL,3,'Administrador','2026-06-04 13:34:35'),(489,80,'512','MENTITAS FRUTAL X 12 UND','venta',2.000,'-',17.000,15.000,'factura',22,NULL,3,'Administrador','2026-06-04 13:34:35'),(490,81,'513','MENTITAS KIDS TUTTI FRUTTI X12U','venta',3.000,'-',17.000,14.000,'factura',22,NULL,3,'Administrador','2026-06-04 13:34:35'),(491,82,'514','MENTITAS KIDS DULCE DE LECHE X 12 UND','venta',3.000,'-',18.000,15.000,'factura',22,NULL,3,'Administrador','2026-06-04 13:34:35'),(492,94,'702','CHOCOLATE MISKY  NGRO x25g','venta',30.000,'-',234.000,204.000,'factura',22,NULL,3,'Administrador','2026-06-04 13:34:35'),(493,95,'703','CHOCOLATE MISKY  BCO x25g','venta',30.000,'-',252.000,222.000,'factura',22,NULL,3,'Administrador','2026-06-04 13:34:35'),(494,96,'704','ROCKLETS 24 X 20GS','venta',1.000,'-',13.000,12.000,'factura',22,NULL,3,'Administrador','2026-06-04 13:34:35'),(495,98,'706','BOCADITO NEVARES DUL.D/LECx15u','venta',1.000,'-',17.000,16.000,'factura',22,NULL,3,'Administrador','2026-06-04 13:34:35'),(496,99,'707','CREMA KROOMY SURTIDOS ( 48u )','venta',1.000,'-',12.000,11.000,'factura',22,NULL,3,'Administrador','2026-06-04 13:34:35'),(497,102,'710','OBLEA SMACK RELLENA X33g','venta',48.000,'-',228.000,180.000,'factura',22,NULL,3,'Administrador','2026-06-04 13:34:35'),(498,103,'712','BOMBON SMACKX 30u','venta',1.000,'-',4.000,3.000,'factura',22,NULL,3,'Administrador','2026-06-04 13:34:35'),(499,109,'714','GUAYMALLEN TRIPLE CHOCOLATE','venta',24.000,'-',180.000,156.000,'factura',22,NULL,3,'Administrador','2026-06-04 13:34:35'),(500,111,'716','GUAYMALLEN SIMPLE BLANCO','venta',20.000,'-',498.000,478.000,'factura',22,NULL,3,'Administrador','2026-06-04 13:34:35'),(501,112,'717','GUAYMALLEN SIMPLE CHOCOLATE','venta',20.000,'-',520.000,500.000,'factura',22,NULL,3,'Administrador','2026-06-04 13:34:35'),(502,113,'718','ALF FANTOCHE TRI.CHOCOLATEx85g','venta',12.000,'-',171.000,159.000,'factura',22,NULL,3,'Administrador','2026-06-04 13:34:35'),(503,114,'719','ALF FANTOCHE TRIPLE BLANCO.x85g','venta',12.000,'-',73.000,61.000,'factura',22,NULL,3,'Administrador','2026-06-04 13:34:35'),(504,127,'740','ALF PESCADO RAUL SIMPLE NEGRO.x50g','venta',24.000,'-',249.000,225.000,'factura',22,NULL,3,'Administrador','2026-06-04 13:34:35'),(510,190,'144','TOP LINE SEVEN MENTA','venta',1.000,'-',12.000,11.000,'factura',23,NULL,3,'Administrador','2026-06-04 14:03:57'),(511,109,'714','GUAYMALLEN TRIPLE CHOCOLATE','venta',24.000,'-',156.000,132.000,'factura',23,NULL,3,'Administrador','2026-06-04 14:03:57'),(512,113,'718','ALF FANTOCHE TRI.CHOCOLATEx85g','venta',12.000,'-',159.000,147.000,'factura',23,NULL,3,'Administrador','2026-06-04 14:03:57'),(513,115,'720','ALFAJOR RASTA NEGRO X 18U','venta',4.000,'-',26.000,22.000,'factura',23,NULL,3,'Administrador','2026-06-04 14:03:57'),(514,116,'721','ALFAJOR RASTA BLANCO X 18U','venta',4.000,'-',10036.000,10032.000,'factura',23,NULL,3,'Administrador','2026-06-04 14:03:57'),(515,117,'722','ALFAJOR GULA NEGRO X 18U','venta',4.000,'-',47.000,43.000,'factura',23,NULL,3,'Administrador','2026-06-04 14:03:57'),(516,118,'723','ALFAJOR GULA BLANCO X 18U','venta',4.000,'-',14.000,10.000,'factura',23,NULL,3,'Administrador','2026-06-04 14:03:57'),(517,122,'735','ALF BON O BON TRIPLE NEGROx60g','venta',4.000,'-',162.000,158.000,'factura',23,NULL,3,'Administrador','2026-06-04 14:03:57'),(518,123,'736','ALF COFLER BLOCK TRIPLE...x60g','venta',4.000,'-',162.000,158.000,'factura',23,NULL,3,'Administrador','2026-06-04 14:03:57'),(519,188,'6886','MENTHO PLUS ((SURTIDO))......x12u','venta',1.000,'-',2.000,1.000,'factura',23,NULL,3,'Administrador','2026-06-04 14:03:57'),(520,189,'7076','BELDENT FRESH SPARKS SURTIDO','venta',1.000,'-',4.000,3.000,'factura',23,NULL,3,'Administrador','2026-06-04 14:03:57'),(521,166,'1030','SURTIDO BAGLEY...........x400g','venta',3.000,'-',83.000,80.000,'factura',24,NULL,3,'Administrador','2026-06-04 15:34:39'),(522,167,'1031','GALL.DIVERSION SURTIDA...x400g','venta',3.000,'-',91.000,88.000,'factura',24,NULL,3,'Administrador','2026-06-04 15:34:39'),(523,170,'961','MANI TARRO CERVECERO PIZZA','venta',2.000,'-',5.000,3.000,'factura',24,NULL,3,'Administrador','2026-06-04 15:34:40'),(524,172,'963','MANI TARRO  CERVECERO SALAME','venta',2.000,'-',24.000,22.000,'factura',24,NULL,3,'Administrador','2026-06-04 15:34:40'),(525,2,'103','CHICLE FIERITA RECARGADO TUTTI FRUTTI X50U','venta',1.000,'-',3.000,2.000,'factura',25,NULL,3,'Administrador','2026-06-04 15:36:59'),(526,3,'104','CHICLE FIERITA MENTA X100U','venta',1.000,'-',4.000,3.000,'factura',25,NULL,3,'Administrador','2026-06-04 15:36:59'),(527,7,'141','BELDENT FRESH SPARKS MTA.Fx20u','venta',1.000,'-',4.000,3.000,'factura',25,NULL,3,'Administrador','2026-06-04 15:36:59'),(528,27,'230','GOMA FANTASIA MISKY .......x1k','venta',2.000,'-',6.000,4.000,'factura',25,NULL,3,'Administrador','2026-06-04 15:36:59'),(529,56,'305','MR.POPS ARQUIT.FTAL.......x50u','venta',1.000,'-',8.000,7.000,'factura',25,NULL,3,'Administrador','2026-06-04 15:36:59'),(530,67,'407','MASTICABLE BILLIKEN YOGURT','venta',1.000,'-',18.000,17.000,'factura',25,NULL,3,'Administrador','2026-06-04 15:36:59'),(531,104,'713','BOMBONES BON O BON 30 X 15GS','venta',1.000,'-',12.000,11.000,'factura',25,NULL,3,'Administrador','2026-06-04 15:36:59'),(532,122,'735','ALF BON O BON TRIPLE NEGROx60g','venta',6.000,'-',158.000,152.000,'factura',25,NULL,3,'Administrador','2026-06-04 15:36:59'),(533,162,'1022','.9 DE ORO GRASA','venta',6.000,'-',110.000,104.000,'factura',25,NULL,3,'Administrador','2026-06-04 15:36:59'),(534,163,'1023','.9 DE ORO AGRIDULCE','venta',6.000,'-',62.000,56.000,'factura',25,NULL,3,'Administrador','2026-06-04 15:36:59'),(535,164,'1024','.9 DE ORO AZUCARADO','venta',6.000,'-',53.000,47.000,'factura',25,NULL,3,'Administrador','2026-06-04 15:36:59'),(536,109,'714','GUAYMALLEN TRIPLE CHOCOLATE','venta',12.000,'-',132.000,120.000,'factura',26,NULL,3,'Administrador','2026-06-04 15:38:56'),(537,110,'715','GUAYMALLEN TRIPLE BLANCO','venta',12.000,'-',109.000,97.000,'factura',26,NULL,3,'Administrador','2026-06-04 15:38:56'),(538,114,'719','ALF FANTOCHE TRIPLE BLANCO.x85g','venta',12.000,'-',61.000,49.000,'factura',26,NULL,3,'Administrador','2026-06-04 15:38:56'),(539,115,'720','ALFAJOR RASTA NEGRO X 18U','venta',5.000,'-',22.000,17.000,'factura',26,NULL,3,'Administrador','2026-06-04 15:38:56'),(540,116,'721','ALFAJOR RASTA BLANCO X 18U','venta',5.000,'-',10032.000,10027.000,'factura',26,NULL,3,'Administrador','2026-06-04 15:38:56'),(541,61,'311','CHUPETIN PICO-DULCE.......x48u','venta',1.000,'-',6.000,5.000,'factura',27,NULL,3,'Administrador','2026-06-04 15:41:34'),(542,156,'1011','DON SATUR BIZCOCHO DULCE.x200g','venta',6.000,'-',22.000,16.000,'factura',27,NULL,3,'Administrador','2026-06-04 15:41:34'),(543,163,'1023','.9 DE ORO AGRIDULCE','venta',6.000,'-',56.000,50.000,'factura',27,NULL,3,'Administrador','2026-06-04 15:41:34'),(544,170,'961','MANI TARRO CERVECERO PIZZA','venta',2.000,'-',3.000,1.000,'factura',27,NULL,3,'Administrador','2026-06-04 15:41:34'),(545,172,'963','MANI TARRO  CERVECERO SALAME','venta',2.000,'-',22.000,20.000,'factura',27,NULL,3,'Administrador','2026-06-04 15:41:34'),(546,174,'965','MANI TARRO CERVECERO PROVENZAL','venta',2.000,'-',15.000,13.000,'factura',27,NULL,3,'Administrador','2026-06-04 15:41:34'),(547,175,'968','MANI TARRO CON PIEL','venta',2.000,'-',27.000,25.000,'factura',27,NULL,3,'Administrador','2026-06-04 15:41:34'),(548,176,'969','MANI TARRO SIN PIEL','venta',2.000,'-',20.000,18.000,'factura',27,NULL,3,'Administrador','2026-06-04 15:41:34'),(549,29,'232','GOMA EUCALIPTUS MISKY......x1k','venta',1.000,'-',4.000,3.000,'factura',28,NULL,3,'Administrador','2026-06-04 15:46:13'),(550,87,'530','MENTHO PLUS MIEL..........x12u','venta',1.000,'-',12.000,11.000,'factura',28,NULL,3,'Administrador','2026-06-04 15:46:13'),(551,121,'729','ALFAJOR CHOCOTORTA 71,5','venta',3.000,'-',162.000,159.000,'factura',28,NULL,3,'Administrador','2026-06-04 15:46:13'),(552,131,'801','GIRASOL PIPAS GIGANTES.12ux50g','venta',1.000,'-',6.000,5.000,'factura',28,NULL,3,'Administrador','2026-06-04 15:46:13'),(553,148,'934','BAGGIO MULTIFRUTAL.......x200m','venta',9.000,'-',24.000,15.000,'factura',28,NULL,3,'Administrador','2026-06-04 15:46:13'),(554,145,'931','BAGGIO DURAZNO...........x200m','venta',9.000,'-',9.000,0.000,'factura',28,NULL,3,'Administrador','2026-06-04 15:46:13'),(555,155,'1010','DON SATUR BIZCOCH.GRASA x200g','venta',3.000,'-',100.000,97.000,'factura',28,NULL,3,'Administrador','2026-06-04 15:46:13'),(556,156,'1011','DON SATUR BIZCOCHO DULCE.x200g','venta',3.000,'-',16.000,13.000,'factura',28,NULL,3,'Administrador','2026-06-04 15:46:13'),(557,157,'1012','DON SATUR BIZCOCH.NEGRITOx200g','venta',1.000,'-',32.000,31.000,'factura',28,NULL,3,'Administrador','2026-06-04 15:46:13'),(558,162,'1022','.9 DE ORO GRASA','venta',3.000,'-',104.000,101.000,'factura',28,NULL,3,'Administrador','2026-06-04 15:46:13'),(559,173,'964','MANI TARRO CERVECERO QUESO','venta',2.000,'-',24.000,22.000,'factura',29,NULL,3,'Administrador','2026-06-04 15:50:55'),(560,174,'965','MANI TARRO CERVECERO PROVENZAL','venta',2.000,'-',13.000,11.000,'factura',29,NULL,3,'Administrador','2026-06-04 15:50:55'),(561,175,'968','MANI TARRO CON PIEL','venta',4.000,'-',25.000,21.000,'factura',29,NULL,3,'Administrador','2026-06-04 15:50:55'),(562,113,'718','ALF FANTOCHE TRI.CHOCOLATEx85g','venta',12.000,'-',147.000,135.000,'factura',30,NULL,3,'Administrador','2026-06-04 15:54:48'),(563,6,'140','BELDENT FRESH SPARKS MENTAx20u','venta',1.000,'-',5.000,4.000,'factura',31,NULL,3,'Administrador','2026-06-04 16:01:13'),(564,7,'141','BELDENT FRESH SPARKS MTA.Fx20u','venta',1.000,'-',3.000,2.000,'factura',31,NULL,3,'Administrador','2026-06-04 16:01:13'),(565,190,'144','TOP LINE SEVEN MENTA','venta',1.000,'-',11.000,10.000,'factura',31,NULL,3,'Administrador','2026-06-04 16:01:13'),(566,52,'285','GOMITA DOCILE MIX DULCE/ACIDO X500','venta',1.000,'-',35.000,34.000,'factura',31,NULL,3,'Administrador','2026-06-04 16:01:13'),(567,199,'286','GOMITAS DOCILE GAJOS SURTIDO X500','venta',1.000,'-',24.000,23.000,'factura',31,NULL,3,'Administrador','2026-06-04 16:01:13'),(568,200,'287','GOMITAS DOCILE CONITO SINO SUTIDO X500','venta',1.000,'-',9.000,8.000,'factura',31,NULL,3,'Administrador','2026-06-04 16:01:13'),(569,109,'714','GUAYMALLEN TRIPLE CHOCOLATE','venta',12.000,'-',120.000,108.000,'factura',31,NULL,3,'Administrador','2026-06-04 16:01:13'),(570,110,'715','GUAYMALLEN TRIPLE BLANCO','venta',12.000,'-',97.000,85.000,'factura',31,NULL,3,'Administrador','2026-06-04 16:01:13'),(571,84,'527','MENTHO PLUS STRONG........x12u','venta',1.000,'-',13.000,12.000,'factura',32,NULL,3,'Administrador','2026-06-04 16:06:31'),(572,87,'530','MENTHO PLUS MIEL..........x12u','venta',1.000,'-',11.000,10.000,'factura',32,NULL,3,'Administrador','2026-06-04 16:06:31'),(573,115,'720','ALFAJOR RASTA NEGRO X 18U','venta',9.000,'-',17.000,8.000,'factura',32,NULL,3,'Administrador','2026-06-04 16:06:31'),(574,115,'720','ALFAJOR RASTA NEGRO X 18U','venta',6.000,'-',8.000,2.000,'factura',33,NULL,3,'Administrador','2026-06-04 16:09:30'),(575,116,'721','ALFAJOR RASTA BLANCO X 18U','venta',6.000,'-',10027.000,10021.000,'factura',33,NULL,3,'Administrador','2026-06-04 16:09:30'),(576,117,'722','ALFAJOR GULA NEGRO X 18U','venta',6.000,'-',43.000,37.000,'factura',33,NULL,3,'Administrador','2026-06-04 16:09:30'),(577,118,'723','ALFAJOR GULA BLANCO X 18U','venta',6.000,'-',10.000,4.000,'factura',33,NULL,3,'Administrador','2026-06-04 16:09:30'),(578,161,'1018','GALL TRIO GLASY..........x300g','venta',6.000,'-',37.000,31.000,'factura',33,NULL,3,'Administrador','2026-06-04 16:09:30'),(579,94,'702','CHOCOLATE MISKY  NGRO x25g','venta',10.000,'-',204.000,194.000,'factura',34,NULL,3,'Administrador','2026-06-04 22:17:18'),(580,95,'703','CHOCOLATE MISKY  BCO x25g','venta',10.000,'-',222.000,212.000,'factura',34,NULL,3,'Administrador','2026-06-04 22:17:18'),(581,136,'904','JUGO ARCOR POLVO MULTIFRUTx18u','venta',1.000,'-',12.000,11.000,'factura',34,NULL,3,'Administrador','2026-06-04 22:17:18'),(582,156,'1011','DON SATUR BIZCOCHO DULCE.x200g','venta',30.000,'-',13.000,-17.000,'factura',34,NULL,3,'Administrador','2026-06-04 22:17:18'),(583,162,'1022','.9 DE ORO GRASA','venta',24.000,'-',101.000,77.000,'factura',34,NULL,3,'Administrador','2026-06-04 22:17:18'),(584,198,'1034','SERRANAS SANDWICH 16 X3X 112G','venta',16.000,'-',85.000,69.000,'factura',34,NULL,3,'Administrador','2026-06-04 22:17:18'),(585,16,'206','GOMITAS YUMMY MORITAS X500G','venta',2.000,'-',5.000,3.000,'factura',35,NULL,3,'Administrador','2026-06-04 22:26:48'),(586,113,'718','ALF FANTOCHE TRI.CHOCOLATEx85g','venta',10.000,'-',135.000,125.000,'factura',35,NULL,3,'Administrador','2026-06-04 22:26:48'),(587,114,'719','ALF FANTOCHE TRIPLE BLANCO.x85g','venta',10.000,'-',49.000,39.000,'factura',35,NULL,3,'Administrador','2026-06-04 22:26:48'),(588,122,'735','ALF BON O BON TRIPLE NEGROx60g','venta',5.000,'-',152.000,147.000,'factura',35,NULL,3,'Administrador','2026-06-04 22:26:48'),(589,123,'736','ALF COFLER BLOCK TRIPLE...x60g','venta',5.000,'-',158.000,153.000,'factura',35,NULL,3,'Administrador','2026-06-04 22:26:48'),(590,17,'207','GOMITAS YUMMY DIENTITOS X 500 GR','venta',2.000,'-',8.000,6.000,'factura',36,NULL,3,'Administrador','2026-06-04 22:55:59'),(591,18,'208','YUMMY HUEVOS FRITOS BOLSA.x500g','venta',1.000,'-',1.000,0.000,'factura',36,NULL,3,'Administrador','2026-06-04 22:55:59'),(592,33,'251','GOMA BULL DOG.REGALIZ FRUT.CJAx12u','venta',2.000,'-',10.000,8.000,'factura',36,NULL,3,'Administrador','2026-06-04 22:55:59'),(593,35,'253','GOMA BULL DOG.REGALIZ FRAMB.CJAx12u','venta',2.000,'-',10.000,8.000,'factura',36,NULL,3,'Administrador','2026-06-04 22:55:59'),(594,66,'406','CARAM.FLYNN PAFF TUTTI....x70u','venta',1.000,'-',14.000,13.000,'factura',36,NULL,3,'Administrador','2026-06-04 22:55:59'),(595,69,'409','CARAM.MAST.DROPSY SELVA..x700g','venta',2.000,'-',8.000,6.000,'factura',36,NULL,3,'Administrador','2026-06-04 22:55:59'),(596,72,'501','PASTILLAS BULL DOG UVA X12U','venta',2.000,'-',4.000,2.000,'factura',36,NULL,3,'Administrador','2026-06-04 22:55:59'),(597,76,'507','PASTILLAS BULL DOG LIMON EXTREME X12 UND','venta',2.000,'-',10.000,8.000,'factura',36,NULL,3,'Administrador','2026-06-04 22:55:59'),(598,80,'512','MENTITAS FRUTAL X 12 UND','venta',2.000,'-',15.000,13.000,'factura',36,NULL,3,'Administrador','2026-06-04 22:55:59'),(599,81,'513','MENTITAS KIDS TUTTI FRUTTI X12U','venta',2.000,'-',14.000,12.000,'factura',36,NULL,3,'Administrador','2026-06-04 22:55:59'),(600,82,'514','MENTITAS KIDS DULCE DE LECHE X 12 UND','venta',2.000,'-',15.000,13.000,'factura',36,NULL,3,'Administrador','2026-06-04 22:55:59'),(601,89,'601','(28g)MARSHMALLOW GONGYS FRUTIL','venta',20.000,'-',128.000,108.000,'factura',36,NULL,3,'Administrador','2026-06-04 22:55:59'),(602,90,'602','(28g)MARSHMALLOW GONGYS NUBECI','venta',20.000,'-',108.000,88.000,'factura',36,NULL,3,'Administrador','2026-06-04 22:55:59'),(603,92,'700','CHOC TOKKE C/LECHE Y MANI 62G','venta',6.000,'-',7.000,1.000,'factura',36,NULL,3,'Administrador','2026-06-04 22:55:59'),(604,93,'701','CHOC.TOKKE RELLE.D/LECHE..x72g','venta',6.000,'-',30.000,24.000,'factura',36,NULL,3,'Administrador','2026-06-04 22:55:59'),(605,94,'702','CHOCOLATE MISKY  NGRO x25g','venta',20.000,'-',194.000,174.000,'factura',36,NULL,3,'Administrador','2026-06-04 22:55:59'),(606,95,'703','CHOCOLATE MISKY  BCO x25g','venta',15.000,'-',212.000,197.000,'factura',36,NULL,3,'Administrador','2026-06-04 22:55:59'),(607,96,'704','ROCKLETS 24 X 20GS','venta',2.000,'-',12.000,10.000,'factura',36,NULL,3,'Administrador','2026-06-04 22:55:59'),(608,97,'705','CHOC. C/MANI COF. BLOCK 20X38GS','venta',6.000,'-',120.000,114.000,'factura',36,NULL,3,'Administrador','2026-06-04 22:55:59'),(609,99,'707','CREMA KROOMY SURTIDOS ( 48u )','venta',2.000,'-',11.000,9.000,'factura',36,NULL,3,'Administrador','2026-06-04 22:55:59'),(610,100,'708','BONOBON OBLEA LECHE....20ux30g','venta',15.000,'-',310.000,295.000,'factura',36,NULL,3,'Administrador','2026-06-04 22:55:59'),(611,109,'714','GUAYMALLEN TRIPLE CHOCOLATE','venta',15.000,'-',108.000,93.000,'factura',36,NULL,3,'Administrador','2026-06-04 22:55:59'),(612,106,'761','MECANO....................x19g','venta',6.000,'-',48.000,42.000,'factura',36,NULL,3,'Administrador','2026-06-04 22:55:59'),(613,148,'934','BAGGIO MULTIFRUTAL.......x200m','venta',15.000,'-',15.000,0.000,'factura',36,NULL,3,'Administrador','2026-06-04 22:55:59'),(614,180,'1100','PAPEL DRPIN CELLULOSE....','venta',6.000,'-',53.000,47.000,'factura',36,NULL,3,'Administrador','2026-06-04 22:55:59'),(615,34,'252','GOMA BULL DOG.REGALIZ TUTTI F.CJAx12u','venta',2.000,'-',9.000,7.000,'factura',36,NULL,3,'Administrador','2026-06-04 22:55:59'),(616,73,'504','PASTILLAS BULL DOG MIX TUITTI FRUTTI ACIDA X12U','venta',2.000,'-',8.000,6.000,'factura',36,NULL,3,'Administrador','2026-06-04 22:55:59'),(617,74,'505','PASTILLAS BULL DOG SANDIA ACIDA X 12 UND','venta',2.000,'-',4.000,2.000,'factura',36,NULL,3,'Administrador','2026-06-04 22:55:59'),(618,17,'207','GOMITAS YUMMY DIENTITOS X 500 GR','devolucion',2.000,'+',6.000,8.000,'factura',36,'Anulación factura 0006-X0000031 - REFACTURACION',3,'Administrador','2026-06-05 12:19:53'),(619,18,'208','YUMMY HUEVOS FRITOS BOLSA.x500g','devolucion',1.000,'+',0.000,1.000,'factura',36,'Anulación factura 0006-X0000031 - REFACTURACION',3,'Administrador','2026-06-05 12:19:53'),(620,33,'251','GOMA BULL DOG.REGALIZ FRUT.CJAx12u','devolucion',2.000,'+',8.000,10.000,'factura',36,'Anulación factura 0006-X0000031 - REFACTURACION',3,'Administrador','2026-06-05 12:19:53'),(621,35,'253','GOMA BULL DOG.REGALIZ FRAMB.CJAx12u','devolucion',2.000,'+',8.000,10.000,'factura',36,'Anulación factura 0006-X0000031 - REFACTURACION',3,'Administrador','2026-06-05 12:19:53'),(622,66,'406','CARAM.FLYNN PAFF TUTTI....x70u','devolucion',1.000,'+',13.000,14.000,'factura',36,'Anulación factura 0006-X0000031 - REFACTURACION',3,'Administrador','2026-06-05 12:19:53'),(623,69,'409','CARAM.MAST.DROPSY SELVA..x700g','devolucion',2.000,'+',6.000,8.000,'factura',36,'Anulación factura 0006-X0000031 - REFACTURACION',3,'Administrador','2026-06-05 12:19:53'),(624,72,'501','PASTILLAS BULL DOG UVA X12U','devolucion',2.000,'+',2.000,4.000,'factura',36,'Anulación factura 0006-X0000031 - REFACTURACION',3,'Administrador','2026-06-05 12:19:53'),(625,76,'507','PASTILLAS BULL DOG LIMON EXTREME X12 UND','devolucion',2.000,'+',8.000,10.000,'factura',36,'Anulación factura 0006-X0000031 - REFACTURACION',3,'Administrador','2026-06-05 12:19:53'),(626,80,'512','MENTITAS FRUTAL X 12 UND','devolucion',2.000,'+',13.000,15.000,'factura',36,'Anulación factura 0006-X0000031 - REFACTURACION',3,'Administrador','2026-06-05 12:19:53'),(627,81,'513','MENTITAS KIDS TUTTI FRUTTI X12U','devolucion',2.000,'+',12.000,14.000,'factura',36,'Anulación factura 0006-X0000031 - REFACTURACION',3,'Administrador','2026-06-05 12:19:53'),(628,82,'514','MENTITAS KIDS DULCE DE LECHE X 12 UND','devolucion',2.000,'+',13.000,15.000,'factura',36,'Anulación factura 0006-X0000031 - REFACTURACION',3,'Administrador','2026-06-05 12:19:53'),(629,89,'601','(28g)MARSHMALLOW GONGYS FRUTIL','devolucion',20.000,'+',108.000,128.000,'factura',36,'Anulación factura 0006-X0000031 - REFACTURACION',3,'Administrador','2026-06-05 12:19:53'),(630,90,'602','(28g)MARSHMALLOW GONGYS NUBECI','devolucion',20.000,'+',88.000,108.000,'factura',36,'Anulación factura 0006-X0000031 - REFACTURACION',3,'Administrador','2026-06-05 12:19:53'),(631,92,'700','CHOC TOKKE C/LECHE Y MANI 62G','devolucion',6.000,'+',1.000,7.000,'factura',36,'Anulación factura 0006-X0000031 - REFACTURACION',3,'Administrador','2026-06-05 12:19:53'),(632,93,'701','CHOC.TOKKE RELLE.D/LECHE..x72g','devolucion',6.000,'+',24.000,30.000,'factura',36,'Anulación factura 0006-X0000031 - REFACTURACION',3,'Administrador','2026-06-05 12:19:53'),(633,94,'702','CHOCOLATE MISKY  NGRO x25g','devolucion',20.000,'+',174.000,194.000,'factura',36,'Anulación factura 0006-X0000031 - REFACTURACION',3,'Administrador','2026-06-05 12:19:53'),(634,95,'703','CHOCOLATE MISKY  BCO x25g','devolucion',15.000,'+',197.000,212.000,'factura',36,'Anulación factura 0006-X0000031 - REFACTURACION',3,'Administrador','2026-06-05 12:19:53'),(635,96,'704','ROCKLETS 24 X 20GS','devolucion',2.000,'+',10.000,12.000,'factura',36,'Anulación factura 0006-X0000031 - REFACTURACION',3,'Administrador','2026-06-05 12:19:53'),(636,97,'705','CHOC. C/MANI COF. BLOCK 20X38GS','devolucion',6.000,'+',114.000,120.000,'factura',36,'Anulación factura 0006-X0000031 - REFACTURACION',3,'Administrador','2026-06-05 12:19:53'),(637,99,'707','CREMA KROOMY SURTIDOS ( 48u )','devolucion',2.000,'+',9.000,11.000,'factura',36,'Anulación factura 0006-X0000031 - REFACTURACION',3,'Administrador','2026-06-05 12:19:53'),(638,100,'708','BONOBON OBLEA LECHE....20ux30g','devolucion',15.000,'+',295.000,310.000,'factura',36,'Anulación factura 0006-X0000031 - REFACTURACION',3,'Administrador','2026-06-05 12:19:53'),(639,109,'714','GUAYMALLEN TRIPLE CHOCOLATE','devolucion',15.000,'+',93.000,108.000,'factura',36,'Anulación factura 0006-X0000031 - REFACTURACION',3,'Administrador','2026-06-05 12:19:53'),(640,106,'761','MECANO....................x19g','devolucion',6.000,'+',42.000,48.000,'factura',36,'Anulación factura 0006-X0000031 - REFACTURACION',3,'Administrador','2026-06-05 12:19:53'),(641,148,'934','BAGGIO MULTIFRUTAL.......x200m','devolucion',15.000,'+',0.000,15.000,'factura',36,'Anulación factura 0006-X0000031 - REFACTURACION',3,'Administrador','2026-06-05 12:19:53'),(642,180,'1100','PAPEL DRPIN CELLULOSE....','devolucion',6.000,'+',47.000,53.000,'factura',36,'Anulación factura 0006-X0000031 - REFACTURACION',3,'Administrador','2026-06-05 12:19:53'),(643,34,'252','GOMA BULL DOG.REGALIZ TUTTI F.CJAx12u','devolucion',2.000,'+',7.000,9.000,'factura',36,'Anulación factura 0006-X0000031 - REFACTURACION',3,'Administrador','2026-06-05 12:19:53'),(644,73,'504','PASTILLAS BULL DOG MIX TUITTI FRUTTI ACIDA X12U','devolucion',2.000,'+',6.000,8.000,'factura',36,'Anulación factura 0006-X0000031 - REFACTURACION',3,'Administrador','2026-06-05 12:19:53'),(645,74,'505','PASTILLAS BULL DOG SANDIA ACIDA X 12 UND','devolucion',2.000,'+',2.000,4.000,'factura',36,'Anulación factura 0006-X0000031 - REFACTURACION',3,'Administrador','2026-06-05 12:19:53'),(646,17,'207','GOMITAS YUMMY DIENTITOS X 500 GR','venta',2.000,'-',8.000,6.000,'factura',37,NULL,3,'Administrador','2026-06-05 12:31:33'),(647,18,'208','YUMMY HUEVOS FRITOS BOLSA.x500g','venta',1.000,'-',1.000,0.000,'factura',37,NULL,3,'Administrador','2026-06-05 12:31:33'),(648,33,'251','GOMA BULL DOG.REGALIZ FRUT.CJAx12u','venta',2.000,'-',10.000,8.000,'factura',37,NULL,3,'Administrador','2026-06-05 12:31:33'),(649,35,'253','GOMA BULL DOG.REGALIZ FRAMB.CJAx12u','venta',2.000,'-',10.000,8.000,'factura',37,NULL,3,'Administrador','2026-06-05 12:31:33'),(650,66,'406','CARAM.FLYNN PAFF TUTTI....x70u','venta',1.000,'-',14.000,13.000,'factura',37,NULL,3,'Administrador','2026-06-05 12:31:33'),(651,69,'409','CARAM.MAST.DROPSY SELVA..x700g','venta',2.000,'-',8.000,6.000,'factura',37,NULL,3,'Administrador','2026-06-05 12:31:33'),(652,72,'501','PASTILLAS BULL DOG UVA X12U','venta',2.000,'-',4.000,2.000,'factura',37,NULL,3,'Administrador','2026-06-05 12:31:33'),(653,76,'507','PASTILLAS BULL DOG LIMON EXTREME X12 UND','venta',2.000,'-',10.000,8.000,'factura',37,NULL,3,'Administrador','2026-06-05 12:31:33'),(654,80,'512','MENTITAS FRUTAL X 12 UND','venta',2.000,'-',15.000,13.000,'factura',37,NULL,3,'Administrador','2026-06-05 12:31:33'),(655,81,'513','MENTITAS KIDS TUTTI FRUTTI X12U','venta',2.000,'-',14.000,12.000,'factura',37,NULL,3,'Administrador','2026-06-05 12:31:33'),(656,82,'514','MENTITAS KIDS DULCE DE LECHE X 12 UND','venta',2.000,'-',15.000,13.000,'factura',37,NULL,3,'Administrador','2026-06-05 12:31:33'),(657,89,'601','(28g)MARSHMALLOW GONGYS FRUTIL','venta',20.000,'-',128.000,108.000,'factura',37,NULL,3,'Administrador','2026-06-05 12:31:33'),(658,90,'602','(28g)MARSHMALLOW GONGYS NUBECI','venta',20.000,'-',108.000,88.000,'factura',37,NULL,3,'Administrador','2026-06-05 12:31:33'),(659,92,'700','CHOC TOKKE C/LECHE Y MANI 62G','venta',6.000,'-',7.000,1.000,'factura',37,NULL,3,'Administrador','2026-06-05 12:31:33'),(660,93,'701','CHOC.TOKKE RELLE.D/LECHE..x72g','venta',6.000,'-',30.000,24.000,'factura',37,NULL,3,'Administrador','2026-06-05 12:31:33'),(661,94,'702','CHOCOLATE MISKY  NGRO x25g','venta',20.000,'-',194.000,174.000,'factura',37,NULL,3,'Administrador','2026-06-05 12:31:33'),(662,95,'703','CHOCOLATE MISKY  BCO x25g','venta',15.000,'-',212.000,197.000,'factura',37,NULL,3,'Administrador','2026-06-05 12:31:33'),(663,96,'704','ROCKLETS 24 X 20GS','venta',2.000,'-',12.000,10.000,'factura',37,NULL,3,'Administrador','2026-06-05 12:31:33'),(664,97,'705','CHOC. C/MANI COF. BLOCK 20X38GS','venta',6.000,'-',120.000,114.000,'factura',37,NULL,3,'Administrador','2026-06-05 12:31:33'),(665,99,'707','CREMA KROOMY SURTIDOS ( 48u )','venta',2.000,'-',11.000,9.000,'factura',37,NULL,3,'Administrador','2026-06-05 12:31:33'),(666,100,'708','BONOBON OBLEA LECHE....20ux30g','venta',15.000,'-',310.000,295.000,'factura',37,NULL,3,'Administrador','2026-06-05 12:31:33'),(667,109,'714','GUAYMALLEN TRIPLE CHOCOLATE','venta',15.000,'-',108.000,93.000,'factura',37,NULL,3,'Administrador','2026-06-05 12:31:33'),(668,106,'761','MECANO....................x19g','venta',6.000,'-',48.000,42.000,'factura',37,NULL,3,'Administrador','2026-06-05 12:31:33'),(669,148,'934','BAGGIO MULTIFRUTAL.......x200m','venta',15.000,'-',15.000,0.000,'factura',37,NULL,3,'Administrador','2026-06-05 12:31:33'),(670,34,'252','GOMA BULL DOG.REGALIZ TUTTI F.CJAx12u','venta',2.000,'-',9.000,7.000,'factura',37,NULL,3,'Administrador','2026-06-05 12:31:33'),(671,73,'504','PASTILLAS BULL DOG MIX TUITTI FRUTTI ACIDA X12U','venta',2.000,'-',8.000,6.000,'factura',37,NULL,3,'Administrador','2026-06-05 12:31:33'),(672,74,'505','PASTILLAS BULL DOG SANDIA ACIDA X 12 UND','venta',2.000,'-',4.000,2.000,'factura',37,NULL,3,'Administrador','2026-06-05 12:31:33'),(673,172,'963','MANI TARRO  CERVECERO SALAME','venta',10.000,'-',20.000,10.000,'factura',38,NULL,3,'Administrador','2026-06-05 13:22:46'),(674,173,'964','MANI TARRO CERVECERO QUESO','venta',10.000,'-',22.000,12.000,'factura',38,NULL,3,'Administrador','2026-06-05 13:22:46'),(675,174,'965','MANI TARRO CERVECERO PROVENZAL','venta',10.000,'-',11.000,1.000,'factura',38,NULL,3,'Administrador','2026-06-05 13:22:46'),(676,175,'968','MANI TARRO CON PIEL','venta',5.000,'-',21.000,16.000,'factura',38,NULL,3,'Administrador','2026-06-05 13:22:46'),(677,176,'969','MANI TARRO SIN PIEL','venta',5.000,'-',18.000,13.000,'factura',38,NULL,3,'Administrador','2026-06-05 13:22:46'),(678,4,'105','CHICLE FIERITA TUTTI X100U','venta',1.000,'-',4.000,3.000,'factura',39,NULL,3,'Administrador','2026-06-05 22:30:13'),(679,92,'700','CHOC TOKKE C/LECHE Y MANI 62G','venta',1.000,'-',1.000,0.000,'factura',39,NULL,3,'Administrador','2026-06-05 22:30:13'),(680,93,'701','CHOC.TOKKE RELLE.D/LECHE..x72g','venta',1.000,'-',24.000,23.000,'factura',39,NULL,3,'Administrador','2026-06-05 22:30:13'),(681,94,'702','CHOCOLATE MISKY  NGRO x25g','venta',4.000,'-',174.000,170.000,'factura',39,NULL,3,'Administrador','2026-06-05 22:30:13'),(682,95,'703','CHOCOLATE MISKY  BCO x25g','venta',4.000,'-',197.000,193.000,'factura',39,NULL,3,'Administrador','2026-06-05 22:30:13'),(683,109,'714','GUAYMALLEN TRIPLE CHOCOLATE','venta',4.000,'-',93.000,89.000,'factura',39,NULL,3,'Administrador','2026-06-05 22:30:13'),(684,110,'715','GUAYMALLEN TRIPLE BLANCO','venta',4.000,'-',85.000,81.000,'factura',39,NULL,3,'Administrador','2026-06-05 22:30:13'),(685,111,'716','GUAYMALLEN SIMPLE BLANCO','venta',6.000,'-',478.000,472.000,'factura',39,NULL,3,'Administrador','2026-06-05 22:30:13'),(686,112,'717','GUAYMALLEN SIMPLE CHOCOLATE','venta',6.000,'-',500.000,494.000,'factura',39,NULL,3,'Administrador','2026-06-05 22:30:13'),(687,113,'718','ALF FANTOCHE TRI.CHOCOLATEx85g','venta',3.000,'-',125.000,122.000,'factura',39,NULL,3,'Administrador','2026-06-05 22:30:13'),(688,114,'719','ALF FANTOCHE TRIPLE BLANCO.x85g','venta',3.000,'-',39.000,36.000,'factura',39,NULL,3,'Administrador','2026-06-05 22:30:13'),(689,115,'720','ALFAJOR RASTA NEGRO X 18U','venta',2.000,'-',2.000,0.000,'factura',39,NULL,3,'Administrador','2026-06-05 22:30:13'),(690,121,'729','ALFAJOR CHOCOTORTA 71,5','venta',2.000,'-',159.000,157.000,'factura',39,NULL,3,'Administrador','2026-06-05 22:30:13'),(691,122,'735','ALF BON O BON TRIPLE NEGROx60g','venta',2.000,'-',147.000,145.000,'factura',39,NULL,3,'Administrador','2026-06-05 22:30:13'),(692,123,'736','ALF COFLER BLOCK TRIPLE...x60g','venta',2.000,'-',153.000,151.000,'factura',39,NULL,3,'Administrador','2026-06-05 22:30:13'),(693,125,'738','ALF PEPITOS TRIPLE........x57g','venta',2.000,'-',75.000,73.000,'factura',39,NULL,3,'Administrador','2026-06-05 22:30:13'),(694,127,'740','ALF PESCADO RAUL SIMPLE NEGRO.x50g','venta',4.000,'-',225.000,221.000,'factura',39,NULL,3,'Administrador','2026-06-05 22:30:13'),(695,128,'741','ALF PESCADO RAUL SIMPLE BLANCO.x50g','venta',4.000,'-',167.000,163.000,'factura',39,NULL,3,'Administrador','2026-06-05 22:30:13'),(696,194,'742','ALF MINI TORTA AGUILA X69G','venta',2.000,'-',174.000,172.000,'factura',39,NULL,3,'Administrador','2026-06-05 22:30:13'),(697,155,'1010','DON SATUR BIZCOCH.GRASA x200g','venta',3.000,'-',97.000,94.000,'factura',39,NULL,3,'Administrador','2026-06-05 22:30:13'),(698,184,'3333','GOMA BULL DOG.REGALIZ (((SURTIDAS))).CJAx12u','venta',1.000,'-',2.000,1.000,'factura',39,NULL,3,'Administrador','2026-06-05 22:30:13'),(699,10,'200','GOMITAS YUMMY OSITOS ACIDOS X 500 GR','venta',1.000,'-',4.000,3.000,'factura',40,NULL,3,'Administrador','2026-06-05 22:37:41'),(700,14,'204','GOMITAS YUMMY SANDIA  X500GR','venta',1.000,'-',2.000,1.000,'factura',40,NULL,3,'Administrador','2026-06-05 22:37:41'),(701,16,'206','GOMITAS YUMMY MORITAS X500G','venta',1.000,'-',3.000,2.000,'factura',40,NULL,3,'Administrador','2026-06-05 22:37:41'),(702,27,'230','GOMA FANTASIA MISKY .......x1k','venta',1.000,'-',4.000,3.000,'factura',40,NULL,3,'Administrador','2026-06-05 22:37:41'),(703,56,'305','MR.POPS ARQUIT.FTAL.......x50u','venta',1.000,'-',7.000,6.000,'factura',40,NULL,3,'Administrador','2026-06-05 22:37:41'),(704,100,'708','BONOBON OBLEA LECHE....20ux30g','venta',6.000,'-',295.000,289.000,'factura',40,NULL,3,'Administrador','2026-06-05 22:37:41'),(705,121,'729','ALFAJOR CHOCOTORTA 71,5','venta',4.000,'-',157.000,153.000,'factura',40,NULL,3,'Administrador','2026-06-05 22:37:41'),(706,122,'735','ALF BON O BON TRIPLE NEGROx60g','venta',12.000,'-',145.000,133.000,'factura',40,NULL,3,'Administrador','2026-06-05 22:37:41'),(707,10,'200','GOMITAS YUMMY OSITOS ACIDOS X 500 GR','devolucion',1.000,'+',3.000,4.000,'factura',40,'Anulación factura 0006-X0000035',3,'Administrador','2026-06-05 22:39:28'),(708,14,'204','GOMITAS YUMMY SANDIA  X500GR','devolucion',1.000,'+',1.000,2.000,'factura',40,'Anulación factura 0006-X0000035',3,'Administrador','2026-06-05 22:39:28'),(709,16,'206','GOMITAS YUMMY MORITAS X500G','devolucion',1.000,'+',2.000,3.000,'factura',40,'Anulación factura 0006-X0000035',3,'Administrador','2026-06-05 22:39:28'),(710,27,'230','GOMA FANTASIA MISKY .......x1k','devolucion',1.000,'+',3.000,4.000,'factura',40,'Anulación factura 0006-X0000035',3,'Administrador','2026-06-05 22:39:28'),(711,56,'305','MR.POPS ARQUIT.FTAL.......x50u','devolucion',1.000,'+',6.000,7.000,'factura',40,'Anulación factura 0006-X0000035',3,'Administrador','2026-06-05 22:39:28'),(712,100,'708','BONOBON OBLEA LECHE....20ux30g','devolucion',6.000,'+',289.000,295.000,'factura',40,'Anulación factura 0006-X0000035',3,'Administrador','2026-06-05 22:39:28'),(713,121,'729','ALFAJOR CHOCOTORTA 71,5','devolucion',4.000,'+',153.000,157.000,'factura',40,'Anulación factura 0006-X0000035',3,'Administrador','2026-06-05 22:39:28'),(714,122,'735','ALF BON O BON TRIPLE NEGROx60g','devolucion',12.000,'+',133.000,145.000,'factura',40,'Anulación factura 0006-X0000035',3,'Administrador','2026-06-05 22:39:28'),(715,10,'200','GOMITAS YUMMY OSITOS ACIDOS X 500 GR','venta',1.000,'-',4.000,3.000,'factura',41,NULL,3,'Administrador','2026-06-05 22:40:31'),(716,14,'204','GOMITAS YUMMY SANDIA  X500GR','venta',1.000,'-',2.000,1.000,'factura',41,NULL,3,'Administrador','2026-06-05 22:40:31'),(717,16,'206','GOMITAS YUMMY MORITAS X500G','venta',1.000,'-',3.000,2.000,'factura',41,NULL,3,'Administrador','2026-06-05 22:40:31'),(718,27,'230','GOMA FANTASIA MISKY .......x1k','venta',1.000,'-',4.000,3.000,'factura',41,NULL,3,'Administrador','2026-06-05 22:40:31'),(719,56,'305','MR.POPS ARQUIT.FTAL.......x50u','venta',1.000,'-',7.000,6.000,'factura',41,NULL,3,'Administrador','2026-06-05 22:40:31'),(720,100,'708','BONOBON OBLEA LECHE....20ux30g','venta',6.000,'-',295.000,289.000,'factura',41,NULL,3,'Administrador','2026-06-05 22:40:31'),(721,121,'729','ALFAJOR CHOCOTORTA 71,5','venta',4.000,'-',157.000,153.000,'factura',41,NULL,3,'Administrador','2026-06-05 22:40:31'),(722,122,'735','ALF BON O BON TRIPLE NEGROx60g','venta',4.000,'-',145.000,141.000,'factura',41,NULL,3,'Administrador','2026-06-05 22:40:31'),(724,159,'1015','GALL TRIO PEPAS C/CHIPS..x300g','venta',6.000,'-',50.000,44.000,'factura',42,NULL,3,'Administrador','2026-06-05 22:52:12'),(725,160,'1017','GALL TRIO TRICHOC........x300g','venta',12.000,'-',58.000,46.000,'factura',42,NULL,3,'Administrador','2026-06-05 22:52:12'),(726,179,'980','PAPAS FRITAS COPETIN PEÑA \"1KG\"','venta',1.000,'-',1.000,0.000,'factura',42,NULL,3,'Administrador','2026-06-05 22:52:12'),(727,53,'302','MR.POPS EVOLUTION CEREZA..x24u','venta',1.000,'-',14.000,13.000,'factura',43,NULL,3,'Administrador','2026-06-06 16:44:30'),(728,63,'400','MASTICABLE SURTIDO MISKY X 800gs','venta',1.000,'-',20.000,19.000,'factura',43,NULL,3,'Administrador','2026-06-06 16:44:30'),(729,94,'702','CHOCOLATE MISKY  NGRO x25g','venta',10.000,'-',170.000,160.000,'factura',43,NULL,3,'Administrador','2026-06-06 16:44:30'),(730,95,'703','CHOCOLATE MISKY  BCO x25g','venta',10.000,'-',193.000,183.000,'factura',43,NULL,3,'Administrador','2026-06-06 16:44:30'),(731,109,'714','GUAYMALLEN TRIPLE CHOCOLATE','venta',10.000,'-',89.000,79.000,'factura',43,NULL,3,'Administrador','2026-06-06 16:44:30'),(732,110,'715','GUAYMALLEN TRIPLE BLANCO','venta',10.000,'-',81.000,71.000,'factura',43,NULL,3,'Administrador','2026-06-06 16:44:30'),(733,111,'716','GUAYMALLEN SIMPLE BLANCO','venta',10.000,'-',472.000,462.000,'factura',43,NULL,3,'Administrador','2026-06-06 16:44:30'),(734,113,'718','ALF FANTOCHE TRI.CHOCOLATEx85g','venta',12.000,'-',122.000,110.000,'factura',43,NULL,3,'Administrador','2026-06-06 16:44:30'),(735,114,'719','ALF FANTOCHE TRIPLE BLANCO.x85g','venta',12.000,'-',36.000,24.000,'factura',43,NULL,3,'Administrador','2026-06-06 16:44:30'),(736,131,'801','GIRASOL PIPAS GIGANTES.12ux50g','venta',1.000,'-',5.000,4.000,'factura',43,NULL,3,'Administrador','2026-06-06 16:44:30'),(737,132,'900','JUGO ARCOR POLVO NARANJA..x18u','venta',1.000,'-',11.000,10.000,'factura',43,NULL,3,'Administrador','2026-06-06 16:44:30'),(738,136,'904','JUGO ARCOR POLVO MULTIFRUTx18u','venta',1.000,'-',11.000,10.000,'factura',43,NULL,3,'Administrador','2026-06-06 16:44:30'),(739,151,'1001','MAGDAL DON SATUR VAINILLAx250g','venta',2.000,'-',2.000,0.000,'factura',43,NULL,3,'Administrador','2026-06-06 16:44:30'),(740,152,'1002','MAGDAL DON SATUR MARMOLADx250g','venta',3.000,'-',7.000,4.000,'factura',43,NULL,3,'Administrador','2026-06-06 16:44:30'),(741,153,'1003','MAGD DON SATUR CHOC/D/D/Lx250g','venta',3.000,'-',14.000,11.000,'factura',43,NULL,3,'Administrador','2026-06-06 16:44:30'),(742,155,'1010','DON SATUR BIZCOCH.GRASA x200g','venta',10.000,'-',94.000,84.000,'factura',43,NULL,3,'Administrador','2026-06-06 16:44:30'),(743,158,'1014','GALL TRIO PEPAS..........x320g','venta',6.000,'-',24.000,18.000,'factura',43,NULL,3,'Administrador','2026-06-06 16:44:30'),(744,160,'1017','GALL TRIO TRICHOC........x300g','venta',6.000,'-',46.000,40.000,'factura',43,NULL,3,'Administrador','2026-06-06 16:44:30'),(745,162,'1022','.9 DE ORO GRASA','venta',10.000,'-',77.000,67.000,'factura',43,NULL,3,'Administrador','2026-06-06 16:44:30'),(746,197,'1033','SERRANITAS OFERTA 14 X3 X315G','venta',10.000,'-',53.000,43.000,'factura',43,NULL,3,'Administrador','2026-06-06 16:44:30'),(747,172,'963','MANI TARRO  CERVECERO SALAME','venta',4.000,'-',10.000,6.000,'factura',43,NULL,3,'Administrador','2026-06-06 16:44:30'),(748,173,'964','MANI TARRO CERVECERO QUESO','venta',2.000,'-',12.000,10.000,'factura',43,NULL,3,'Administrador','2026-06-06 16:44:30'),(749,64,'402','(x32u)MAST.LENGUETAZO T.FRUTI...','venta',1.000,'-',7.000,6.000,'factura',44,NULL,3,'Administrador','2026-06-08 10:34:46'),(750,128,'741','ALF PESCADO RAUL SIMPLE BLANCO.x50g','venta',12.000,'-',163.000,151.000,'factura',44,NULL,3,'Administrador','2026-06-08 10:34:46'),(751,10,'200','GOMITAS YUMMY OSITOS ACIDOS X 500 GR','venta',1.000,'-',3.000,2.000,'factura',45,NULL,3,'Administrador','2026-06-08 19:41:58'),(752,11,'201','GOMITAS YUMMY OSITOS X 500 GR','venta',1.000,'-',4.000,3.000,'factura',45,NULL,3,'Administrador','2026-06-08 19:41:58'),(753,12,'202','GOMITAS YUMMY FRUTILLITAS CON CREMA X 500 GR','venta',1.000,'-',5.000,4.000,'factura',45,NULL,3,'Administrador','2026-06-08 19:41:58'),(754,14,'204','GOMITAS YUMMY SANDIA  X500GR','venta',1.000,'-',1.000,0.000,'factura',45,NULL,3,'Administrador','2026-06-08 19:41:58'),(755,16,'206','GOMITAS YUMMY MORITAS X500G','venta',1.000,'-',2.000,1.000,'factura',45,NULL,3,'Administrador','2026-06-08 19:41:58'),(756,17,'207','GOMITAS YUMMY DIENTITOS X 500 GR','venta',1.000,'-',6.000,5.000,'factura',45,NULL,3,'Administrador','2026-06-08 19:41:58'),(757,19,'209','YUMMY BOTELLITAS BOLSA...x500g','venta',1.000,'-',3.000,2.000,'factura',45,NULL,3,'Administrador','2026-06-08 19:41:58'),(758,24,'224','YUMMY OSITOS X 12 UND','venta',1.000,'-',2.000,1.000,'factura',45,NULL,3,'Administrador','2026-06-08 19:41:58'),(759,26,'226','YUMMY PIECITOS ACIDOS X 12 UND','venta',1.000,'-',4.000,3.000,'factura',45,NULL,3,'Administrador','2026-06-08 19:41:58'),(760,27,'230','GOMA FANTASIA MISKY .......x1k','venta',2.000,'-',3.000,1.000,'factura',45,NULL,3,'Administrador','2026-06-08 19:41:58'),(761,29,'232','GOMA EUCALIPTUS MISKY......x1k','venta',1.000,'-',3.000,2.000,'factura',45,NULL,3,'Administrador','2026-06-08 19:41:58'),(762,31,'241','GOMAS LA PIÑATA ANILLOS X 700 GR','venta',1.000,'-',12.000,11.000,'factura',45,NULL,3,'Administrador','2026-06-08 19:41:58'),(763,42,'270','MOGUL EXTREME LADRILLOS X 500G','venta',1.000,'-',19.000,18.000,'factura',45,NULL,3,'Administrador','2026-06-08 19:41:58'),(764,43,'271','MOGUL EXTREME LADRILLOS MIX FRUTAL X 500G','venta',1.000,'-',6.000,5.000,'factura',45,NULL,3,'Administrador','2026-06-08 19:41:58'),(765,44,'272','MOGUL EXTREME TUBITOS FRUTILLA  X 500G','venta',1.000,'-',28.000,27.000,'factura',45,NULL,3,'Administrador','2026-06-08 19:41:58'),(766,45,'273','MOGUL EXTREME TUBITOS MIX FRUTAL X 500G','venta',1.000,'-',23.000,22.000,'factura',45,NULL,3,'Administrador','2026-06-08 19:41:58'),(767,52,'285','GOMITA DOCILE MIX DULCE/ACIDO X500','venta',1.000,'-',34.000,33.000,'factura',45,NULL,3,'Administrador','2026-06-08 19:41:58'),(768,199,'286','GOMITAS DOCILE GAJOS SURTIDO X500','venta',1.000,'-',23.000,22.000,'factura',45,NULL,3,'Administrador','2026-06-08 19:41:58'),(769,200,'287','GOMITAS DOCILE CONITO SINO SUTIDO X500','venta',2.000,'-',8.000,6.000,'factura',45,NULL,3,'Administrador','2026-06-08 19:41:58'),(770,98,'706','BOCADITO NEVARES DUL.D/LECx15u','venta',1.000,'-',16.000,15.000,'factura',45,NULL,3,'Administrador','2026-06-08 19:41:58'),(771,113,'718','ALF FANTOCHE TRI.CHOCOLATEx85g','venta',12.000,'-',110.000,98.000,'factura',45,NULL,3,'Administrador','2026-06-08 19:41:58'),(772,114,'719','ALF FANTOCHE TRIPLE BLANCO.x85g','venta',12.000,'-',24.000,12.000,'factura',45,NULL,3,'Administrador','2026-06-08 19:41:58'),(773,117,'722','ALFAJOR GULA NEGRO X 18U','venta',6.000,'-',37.000,31.000,'factura',45,NULL,3,'Administrador','2026-06-08 19:41:58'),(774,120,'728','ALF FANTOCHE SUPER TRIPLE NEGx100g','venta',12.000,'-',285.000,273.000,'factura',45,NULL,3,'Administrador','2026-06-08 19:41:58'),(775,122,'735','ALF BON O BON TRIPLE NEGROx60g','venta',4.000,'-',141.000,137.000,'factura',45,NULL,3,'Administrador','2026-06-08 19:41:58'),(776,123,'736','ALF COFLER BLOCK TRIPLE...x60g','venta',4.000,'-',151.000,147.000,'factura',45,NULL,3,'Administrador','2026-06-08 19:41:58'),(777,127,'740','ALF PESCADO RAUL SIMPLE NEGRO.x50g','venta',8.000,'-',221.000,213.000,'factura',45,NULL,3,'Administrador','2026-06-08 19:41:58'),(778,128,'741','ALF PESCADO RAUL SIMPLE BLANCO.x50g','venta',8.000,'-',151.000,143.000,'factura',45,NULL,3,'Administrador','2026-06-08 19:41:58'),(779,144,'918','CERVEZA 361 PET............x1l','venta',12.000,'-',104.000,92.000,'factura',45,NULL,3,'Administrador','2026-06-08 19:41:58'),(780,155,'1010','DON SATUR BIZCOCH.GRASA x200g','venta',10.000,'-',84.000,74.000,'factura',45,NULL,3,'Administrador','2026-06-08 19:41:58'),(781,158,'1014','GALL TRIO PEPAS..........x320g','venta',4.000,'-',18.000,14.000,'factura',45,NULL,3,'Administrador','2026-06-08 19:41:58'),(782,159,'1015','GALL TRIO PEPAS C/CHIPS..x300g','venta',4.000,'-',44.000,40.000,'factura',45,NULL,3,'Administrador','2026-06-08 19:41:58'),(783,160,'1017','GALL TRIO TRICHOC........x300g','venta',4.000,'-',40.000,36.000,'factura',45,NULL,3,'Administrador','2026-06-08 19:41:58'),(784,161,'1018','GALL TRIO GLASY..........x300g','venta',4.000,'-',31.000,27.000,'factura',45,NULL,3,'Administrador','2026-06-08 19:41:58'),(785,162,'1022','.9 DE ORO GRASA','venta',10.000,'-',67.000,57.000,'factura',45,NULL,3,'Administrador','2026-06-08 19:41:58'),(787,176,'969','MANI TARRO SIN PIEL','compra',50.000,'+',13.000,63.000,'factura_compra',4,'Compra a proveedor (factura compra #4)',3,'Administrador','2026-06-08 22:09:38'),(788,175,'968','MANI TARRO CON PIEL','compra',15.000,'+',16.000,31.000,'factura_compra',4,'Compra a proveedor (factura compra #4)',3,'Administrador','2026-06-08 22:09:38'),(789,177,'970','MANI CON CASCARA','compra',80.000,'+',40.000,120.000,'factura_compra',4,'Compra a proveedor (factura compra #4)',3,'Administrador','2026-06-08 22:09:38'),(790,173,'964','MANI TARRO CERVECERO QUESO','compra',70.000,'+',10.000,80.000,'factura_compra',4,'Compra a proveedor (factura compra #4)',3,'Administrador','2026-06-08 22:09:38'),(791,170,'961','MANI TARRO CERVECERO PIZZA','compra',120.000,'+',1.000,121.000,'factura_compra',4,'Compra a proveedor (factura compra #4)',3,'Administrador','2026-06-08 22:09:38'),(792,172,'963','MANI TARRO  CERVECERO SALAME','compra',70.000,'+',6.000,76.000,'factura_compra',4,'Compra a proveedor (factura compra #4)',3,'Administrador','2026-06-08 22:09:38'),(793,169,'960','MANI TARRO CERVECERO ORIGINAL','compra',70.000,'+',0.000,70.000,'factura_compra',4,'Compra a proveedor (factura compra #4)',3,'Administrador','2026-06-08 22:09:38'),(794,171,'962','MANI TARRO CERVECERO JAMON','compra',120.000,'+',1.000,121.000,'factura_compra',4,'Compra a proveedor (factura compra #4)',3,'Administrador','2026-06-08 22:09:38'),(795,174,'965','MANI TARRO CERVECERO PROVENZAL','compra',20.000,'+',1.000,21.000,'factura_compra',4,'Compra a proveedor (factura compra #4)',3,'Administrador','2026-06-08 22:09:38'),(796,179,'980','PAPAS FRITAS COPETIN PEÑA \"1KG\"','compra',7.000,'+',0.000,7.000,'factura_compra',4,'Compra a proveedor (factura compra #4)',3,'Administrador','2026-06-08 22:09:38'),(797,207,'981','MANI JAPONES','compra',6.000,'+',0.000,6.000,'factura_compra',4,'Compra a proveedor (factura compra #4)',3,'Administrador','2026-06-08 22:09:38'),(798,193,'711','BOMBON VAUQUITA','venta',1.000,'-',5.000,4.000,'factura',46,NULL,3,'Administrador','2026-06-08 23:35:20'),(799,170,'961','MANI TARRO CERVECERO PIZZA','venta',4.000,'-',121.000,117.000,'factura',46,NULL,3,'Administrador','2026-06-08 23:35:20'),(800,171,'962','MANI TARRO CERVECERO JAMON','venta',4.000,'-',121.000,117.000,'factura',46,NULL,3,'Administrador','2026-06-08 23:35:20'),(801,172,'963','MANI TARRO  CERVECERO SALAME','venta',4.000,'-',76.000,72.000,'factura',46,NULL,3,'Administrador','2026-06-08 23:35:20'),(802,174,'965','MANI TARRO CERVECERO PROVENZAL','venta',4.000,'-',21.000,17.000,'factura',46,NULL,3,'Administrador','2026-06-08 23:35:20'),(803,177,'970','MANI CON CASCARA','venta',6.000,'-',120.000,114.000,'factura',46,NULL,3,'Administrador','2026-06-08 23:35:20'),(804,28,'231','GOMA JELLY ROLL MISKY......x1k','venta',1.000,'-',3.000,2.000,'factura',47,NULL,3,'Administrador','2026-06-09 12:55:00'),(805,34,'252','GOMA BULL DOG.REGALIZ TUTTI F.CJAx12u','venta',1.000,'-',7.000,6.000,'factura',47,NULL,3,'Administrador','2026-06-09 12:55:00'),(806,54,'303','MR.POPS EVOLUT.BLUE BERRY.x24u','venta',1.000,'-',4.000,3.000,'factura',47,NULL,3,'Administrador','2026-06-09 12:55:00'),(807,87,'530','MENTHO PLUS MIEL..........x12u','venta',1.000,'-',10.000,9.000,'factura',47,NULL,3,'Administrador','2026-06-09 12:55:00'),(808,100,'708','BONOBON OBLEA LECHE....20ux30g','venta',10.000,'-',289.000,279.000,'factura',47,NULL,3,'Administrador','2026-06-09 12:55:00'),(809,106,'761','MECANO....................x19g','venta',10.000,'-',42.000,32.000,'factura',47,NULL,3,'Administrador','2026-06-09 12:55:00'),(810,111,'716','GUAYMALLEN SIMPLE BLANCO','venta',40.000,'-',462.000,422.000,'factura',47,NULL,3,'Administrador','2026-06-09 12:55:00'),(811,112,'717','GUAYMALLEN SIMPLE CHOCOLATE','venta',40.000,'-',494.000,454.000,'factura',47,NULL,3,'Administrador','2026-06-09 12:55:00'),(812,122,'735','ALF BON O BON TRIPLE NEGROx60g','venta',10.000,'-',137.000,127.000,'factura',47,NULL,3,'Administrador','2026-06-09 12:55:00'),(813,127,'740','ALF PESCADO RAUL SIMPLE NEGRO.x50g','venta',6.000,'-',213.000,207.000,'factura',47,NULL,3,'Administrador','2026-06-09 12:55:00'),(814,129,'751','TURRON MISKY','venta',50.000,'-',243.000,193.000,'factura',47,NULL,3,'Administrador','2026-06-09 12:55:00'),(815,144,'918','CERVEZA 361 PET............x1l','venta',12.000,'-',92.000,80.000,'factura',47,NULL,3,'Administrador','2026-06-09 12:55:00'),(816,155,'1010','DON SATUR BIZCOCH.GRASA x200g','venta',30.000,'-',74.000,44.000,'factura',47,NULL,3,'Administrador','2026-06-09 12:55:00'),(817,157,'1012','DON SATUR BIZCOCH.NEGRITOx200g','venta',30.000,'-',31.000,1.000,'factura',47,NULL,3,'Administrador','2026-06-09 12:55:00'),(818,197,'1033','SERRANITAS OFERTA 14 X3 X315G','venta',28.000,'-',43.000,15.000,'factura',47,NULL,3,'Administrador','2026-06-09 12:55:00'),(819,170,'961','MANI TARRO CERVECERO PIZZA','venta',3.000,'-',117.000,114.000,'factura',47,NULL,3,'Administrador','2026-06-09 12:55:00'),(820,171,'962','MANI TARRO CERVECERO JAMON','venta',3.000,'-',117.000,114.000,'factura',47,NULL,3,'Administrador','2026-06-09 12:55:00'),(821,172,'963','MANI TARRO  CERVECERO SALAME','venta',3.000,'-',72.000,69.000,'factura',47,NULL,3,'Administrador','2026-06-09 12:55:00'),(822,174,'965','MANI TARRO CERVECERO PROVENZAL','venta',3.000,'-',17.000,14.000,'factura',47,NULL,3,'Administrador','2026-06-09 12:55:00'),(823,179,'980','PAPAS FRITAS COPETIN PEÑA \"1KG\"','venta',1.000,'-',7.000,6.000,'factura',47,NULL,3,'Administrador','2026-06-09 12:55:00'),(824,177,'970','MANI CON CASCARA','venta',10.000,'-',114.000,104.000,'factura',47,NULL,3,'Administrador','2026-06-09 12:55:00'),(825,87,'530','MENTHO PLUS MIEL..........x12u','venta',1.000,'-',9.000,8.000,'factura',48,NULL,3,'Administrador','2026-06-09 13:11:36'),(826,94,'702','CHOCOLATE MISKY  NGRO x25g','venta',15.000,'-',160.000,145.000,'factura',48,NULL,3,'Administrador','2026-06-09 13:11:36'),(827,95,'703','CHOCOLATE MISKY  BCO x25g','venta',15.000,'-',183.000,168.000,'factura',48,NULL,3,'Administrador','2026-06-09 13:11:36'),(828,201,'3466','BONOBON OBLEA BLANCO 20X30G','venta',10.000,'-',160.000,150.000,'factura',48,NULL,3,'Administrador','2026-06-09 13:11:36'),(829,121,'729','ALFAJOR CHOCOTORTA 71,5','venta',5.000,'-',153.000,148.000,'factura',48,NULL,3,'Administrador','2026-06-09 13:11:36'),(830,131,'801','GIRASOL PIPAS GIGANTES.12ux50g','venta',3.000,'-',4.000,1.000,'factura',48,NULL,3,'Administrador','2026-06-09 13:11:36'),(831,175,'968','MANI TARRO CON PIEL','venta',4.000,'-',31.000,27.000,'factura',48,NULL,3,'Administrador','2026-06-09 13:11:36'),(832,20,'220','YUMMY ANIMALITOS X 12 UND','venta',1.000,'-',4.000,3.000,'factura',49,NULL,3,'Administrador','2026-06-09 14:17:04'),(833,21,'221','YUMMY DINO X 12 UND','venta',1.000,'-',2.000,1.000,'factura',49,NULL,3,'Administrador','2026-06-09 14:17:04'),(834,23,'223','YUMMY OSITOS ACIDOS X 12 UND','venta',1.000,'-',4.000,3.000,'factura',49,NULL,3,'Administrador','2026-06-09 14:17:04'),(835,24,'224','YUMMY OSITOS X 12 UND','venta',1.000,'-',1.000,0.000,'factura',49,NULL,3,'Administrador','2026-06-09 14:17:04'),(836,25,'225','YUMMY PECECITOS X 12 UND','venta',1.000,'-',3.000,2.000,'factura',49,NULL,3,'Administrador','2026-06-09 14:17:04'),(837,26,'226','YUMMY PIECITOS ACIDOS X 12 UND','venta',1.000,'-',3.000,2.000,'factura',49,NULL,3,'Administrador','2026-06-09 14:17:04'),(838,33,'251','GOMA BULL DOG.REGALIZ FRUT.CJAx12u','venta',1.000,'-',8.000,7.000,'factura',49,NULL,3,'Administrador','2026-06-09 14:17:04'),(839,34,'252','GOMA BULL DOG.REGALIZ TUTTI F.CJAx12u','venta',1.000,'-',6.000,5.000,'factura',49,NULL,3,'Administrador','2026-06-09 14:17:04'),(840,35,'253','GOMA BULL DOG.REGALIZ FRAMB.CJAx12u','venta',2.000,'-',8.000,6.000,'factura',49,NULL,3,'Administrador','2026-06-09 14:17:04'),(841,37,'260','(12ux35g)GOMA MISKY ROLL......','venta',1.000,'-',3.000,2.000,'factura',49,NULL,3,'Administrador','2026-06-09 14:17:04'),(842,63,'400','MASTICABLE SURTIDO MISKY X 800gs','venta',1.000,'-',19.000,18.000,'factura',49,NULL,3,'Administrador','2026-06-09 14:17:04'),(843,64,'402','(x32u)MAST.LENGUETAZO T.FRUTI...','venta',1.000,'-',6.000,5.000,'factura',49,NULL,3,'Administrador','2026-06-09 14:17:04'),(844,72,'501','PASTILLAS BULL DOG UVA X12U','venta',1.000,'-',2.000,1.000,'factura',49,NULL,3,'Administrador','2026-06-09 14:17:04'),(845,73,'504','PASTILLAS BULL DOG MIX TUITTI FRUTTI ACIDA X12U','venta',1.000,'-',6.000,5.000,'factura',49,NULL,3,'Administrador','2026-06-09 14:17:04'),(846,74,'505','PASTILLAS BULL DOG SANDIA ACIDA X 12 UND','venta',1.000,'-',2.000,1.000,'factura',49,NULL,3,'Administrador','2026-06-09 14:17:04'),(847,75,'506','PASTILLAS BULL DOG TUTTI FRUTTI  LIMONX 12 UND','venta',1.000,'-',5.000,4.000,'factura',49,NULL,3,'Administrador','2026-06-09 14:17:04'),(848,76,'507','PASTILLAS BULL DOG LIMON EXTREME X12 UND','venta',1.000,'-',8.000,7.000,'factura',49,NULL,3,'Administrador','2026-06-09 14:17:04'),(849,80,'512','MENTITAS FRUTAL X 12 UND','venta',1.000,'-',13.000,12.000,'factura',49,NULL,3,'Administrador','2026-06-09 14:17:04'),(850,81,'513','MENTITAS KIDS TUTTI FRUTTI X12U','venta',1.000,'-',12.000,11.000,'factura',49,NULL,3,'Administrador','2026-06-09 14:17:04'),(851,82,'514','MENTITAS KIDS DULCE DE LECHE X 12 UND','venta',1.000,'-',13.000,12.000,'factura',49,NULL,3,'Administrador','2026-06-09 14:17:04'),(852,88,'600','MARSHMALLOW GONGYS STICK CAJAx216g 18UNID','venta',1.000,'-',1.000,0.000,'factura',49,NULL,3,'Administrador','2026-06-09 14:17:04'),(853,89,'601','(28g)MARSHMALLOW GONGYS FRUTIL','venta',10.000,'-',108.000,98.000,'factura',49,NULL,3,'Administrador','2026-06-09 14:17:04'),(854,90,'602','(28g)MARSHMALLOW GONGYS NUBECI','venta',10.000,'-',88.000,78.000,'factura',49,NULL,3,'Administrador','2026-06-09 14:17:04'),(855,91,'603','(28g)MARSHMALLOW GONGYS.......','venta',10.000,'-',34.000,24.000,'factura',49,NULL,3,'Administrador','2026-06-09 14:17:04'),(856,97,'705','CHOC. C/MANI COF. BLOCK 20X38GS','venta',5.000,'-',114.000,109.000,'factura',49,NULL,3,'Administrador','2026-06-09 14:17:04'),(857,98,'706','BOCADITO NEVARES DUL.D/LECx15u','venta',2.000,'-',15.000,13.000,'factura',49,NULL,3,'Administrador','2026-06-09 14:17:04'),(858,101,'709','SMACK BAR X12U','venta',2.000,'-',9.000,7.000,'factura',49,NULL,3,'Administrador','2026-06-09 14:17:04'),(859,102,'710','OBLEA SMACK RELLENA X33g','venta',10.000,'-',180.000,170.000,'factura',49,NULL,3,'Administrador','2026-06-09 14:17:04'),(860,171,'962','MANI TARRO CERVECERO JAMON','venta',1.000,'-',114.000,113.000,'factura',50,NULL,3,'Administrador','2026-06-09 21:59:23'),(861,173,'964','MANI TARRO CERVECERO QUESO','venta',1.000,'-',80.000,79.000,'factura',50,NULL,3,'Administrador','2026-06-09 21:59:23'),(862,172,'963','MANI TARRO  CERVECERO SALAME','venta',1.000,'-',69.000,68.000,'factura',50,NULL,3,'Administrador','2026-06-09 21:59:23'),(863,71,'29508','MAST.RICOMAS FRUTIL/LIMONx280g','venta',1.000,'-',6.000,5.000,'factura',51,NULL,3,'Administrador','2026-06-09 22:05:00'),(865,113,'718','ALF FANTOCHE TRI.CHOCOLATEx85g','venta',12.000,'-',98.000,86.000,'factura',52,NULL,3,'Administrador','2026-06-11 12:21:40'),(866,99,'707','CREMA KROOMY SURTIDOS ( 48u )','venta',1.000,'-',9.000,8.000,'factura',52,NULL,3,'Administrador','2026-06-11 12:21:40'),(868,6,'140','BELDENT FRESH SPARKS MENTAx20u','venta',2.000,'-',4.000,2.000,'factura',53,NULL,3,'Administrador','2026-06-11 14:38:08'),(869,7,'141','BELDENT FRESH SPARKS MTA.Fx20u','venta',2.000,'-',2.000,0.000,'factura',53,NULL,3,'Administrador','2026-06-11 14:38:08'),(870,9,'143','BELDENT FRESH SPARKS FRUTIx20u','venta',2.000,'-',5.000,3.000,'factura',53,NULL,3,'Administrador','2026-06-11 14:38:08'),(871,23,'223','YUMMY OSITOS ACIDOS X 12 UND','venta',3.000,'-',3.000,0.000,'factura',53,NULL,3,'Administrador','2026-06-11 14:38:08'),(872,65,'404','PALITO DE LA SELVA.......x660g','venta',3.000,'-',10.000,7.000,'factura',53,NULL,3,'Administrador','2026-06-11 14:38:08'),(873,66,'406','CARAM.FLYNN PAFF TUTTI....x70u','venta',3.000,'-',13.000,10.000,'factura',53,NULL,3,'Administrador','2026-06-11 14:38:08'),(874,100,'708','BONOBON OBLEA LECHE....20ux30g','venta',20.000,'-',279.000,259.000,'factura',53,NULL,3,'Administrador','2026-06-11 14:38:08'),(875,201,'3466','BONOBON OBLEA BLANCO 20X30G','venta',20.000,'-',150.000,130.000,'factura',53,NULL,3,'Administrador','2026-06-11 14:38:08'),(876,105,'760','CHOC.NUGATON LECHE........x27g','venta',24.000,'-',144.000,120.000,'factura',53,NULL,3,'Administrador','2026-06-11 14:38:08'),(877,109,'714','GUAYMALLEN TRIPLE CHOCOLATE','venta',48.000,'-',79.000,31.000,'factura',53,NULL,3,'Administrador','2026-06-11 14:38:08'),(878,110,'715','GUAYMALLEN TRIPLE BLANCO','venta',48.000,'-',71.000,23.000,'factura',53,NULL,3,'Administrador','2026-06-11 14:38:08'),(879,113,'718','ALF FANTOCHE TRI.CHOCOLATEx85g','venta',48.000,'-',86.000,38.000,'factura',53,NULL,3,'Administrador','2026-06-11 14:38:08'),(880,114,'719','ALF FANTOCHE TRIPLE BLANCO.x85g','venta',48.000,'-',60.000,12.000,'factura',53,NULL,3,'Administrador','2026-06-11 14:38:08'),(881,127,'740','ALF PESCADO RAUL SIMPLE NEGRO.x50g','venta',36.000,'-',207.000,171.000,'factura',53,NULL,3,'Administrador','2026-06-11 14:38:08'),(882,128,'741','ALF PESCADO RAUL SIMPLE BLANCO.x50g','venta',48.000,'-',143.000,95.000,'factura',53,NULL,3,'Administrador','2026-06-11 14:38:08'),(883,194,'742','ALF MINI TORTA AGUILA X69G','venta',21.000,'-',172.000,151.000,'factura',53,NULL,3,'Administrador','2026-06-11 14:38:08'),(884,121,'729','ALFAJOR CHOCOTORTA 71,5','venta',21.000,'-',148.000,127.000,'factura',53,NULL,3,'Administrador','2026-06-11 14:38:08'),(886,208,'227','MORITA YUMMY X 12UN','venta',2.000,'-',2.000,0.000,'factura',54,NULL,3,'Administrador','2026-06-11 14:42:24'),(887,16,'206','GOMITAS YUMMY MORITAS X500G','venta',1.000,'-',1.000,0.000,'factura',55,NULL,3,'Administrador','2026-06-11 15:04:54'),(888,27,'230','GOMA FANTASIA MISKY .......x1k','venta',1.000,'-',1.000,0.000,'factura',55,NULL,3,'Administrador','2026-06-11 15:04:54'),(889,29,'232','GOMA EUCALIPTUS MISKY......x1k','venta',1.000,'-',2.000,1.000,'factura',55,NULL,3,'Administrador','2026-06-11 15:04:54'),(890,56,'305','MR.POPS ARQUIT.FTAL.......x50u','venta',1.000,'-',6.000,5.000,'factura',55,NULL,3,'Administrador','2026-06-11 15:04:54'),(891,100,'708','BONOBON OBLEA LECHE....20ux30g','venta',10.000,'-',259.000,249.000,'factura',55,NULL,3,'Administrador','2026-06-11 15:04:54'),(892,102,'710','OBLEA SMACK RELLENA X33g','venta',10.000,'-',170.000,160.000,'factura',55,NULL,3,'Administrador','2026-06-11 15:04:54'),(893,131,'801','GIRASOL PIPAS GIGANTES.12ux50g','venta',1.000,'-',1.000,0.000,'factura',55,NULL,3,'Administrador','2026-06-11 15:04:54'),(894,155,'1010','DON SATUR BIZCOCH.GRASA x200g','venta',6.000,'-',44.000,38.000,'factura',55,NULL,3,'Administrador','2026-06-11 15:04:54'),(895,160,'1017','GALL TRIO TRICHOC........x300g','venta',4.000,'-',36.000,32.000,'factura',55,NULL,3,'Administrador','2026-06-11 15:04:54'),(896,161,'1018','GALL TRIO GLASY..........x300g','venta',4.000,'-',27.000,23.000,'factura',55,NULL,3,'Administrador','2026-06-11 15:04:54'),(897,162,'1022','.9 DE ORO GRASA','venta',3.000,'-',57.000,54.000,'factura',55,NULL,3,'Administrador','2026-06-11 15:04:54'),(898,167,'1031','GALL.DIVERSION SURTIDA...x400g','venta',4.000,'-',88.000,84.000,'factura',55,NULL,3,'Administrador','2026-06-11 15:04:54'),(899,197,'1033','SERRANITAS OFERTA 14 X3 X315G','venta',2.000,'-',15.000,13.000,'factura',55,NULL,3,'Administrador','2026-06-11 15:04:54'),(900,189,'7076','BELDENT FRESH SPARKS SURTIDO','venta',1.000,'-',3.000,2.000,'factura',56,NULL,3,'Administrador','2026-06-11 15:09:38'),(901,109,'714','GUAYMALLEN TRIPLE CHOCOLATE','venta',6.000,'-',31.000,25.000,'factura',56,NULL,3,'Administrador','2026-06-11 15:09:38'),(902,110,'715','GUAYMALLEN TRIPLE BLANCO','venta',10.000,'-',23.000,13.000,'factura',56,NULL,3,'Administrador','2026-06-11 15:09:38'),(903,113,'718','ALF FANTOCHE TRI.CHOCOLATEx85g','venta',6.000,'-',38.000,32.000,'factura',56,NULL,3,'Administrador','2026-06-11 15:09:38'),(904,132,'900','JUGO ARCOR POLVO NARANJA..x18u','venta',1.000,'-',10.000,9.000,'factura',56,NULL,3,'Administrador','2026-06-11 15:09:38'),(905,141,'909','JUGO ARCOR POLVO NARANJA MANGO.x18u','venta',1.000,'-',15.000,14.000,'factura',56,NULL,3,'Administrador','2026-06-11 15:09:38'),(906,136,'904','JUGO ARCOR POLVO MULTIFRUTx18u','venta',1.000,'-',10.000,9.000,'factura',56,NULL,3,'Administrador','2026-06-11 15:09:38'),(907,130,'800','GIRASOL PIPAS..........30ux18g','venta',1.000,'-',3.000,2.000,'factura',56,NULL,3,'Administrador','2026-06-11 15:09:38'),(908,166,'1030','SURTIDO BAGLEY...........x400g','venta',10.000,'-',80.000,70.000,'factura',57,NULL,3,'Administrador','2026-06-11 15:10:53'),(909,189,'7076','BELDENT FRESH SPARKS SURTIDO','devolucion',1.000,'+',2.000,3.000,'factura',56,'Anulación factura 0006-X0000048',3,'Administrador','2026-06-11 15:14:20'),(910,109,'714','GUAYMALLEN TRIPLE CHOCOLATE','devolucion',6.000,'+',25.000,31.000,'factura',56,'Anulación factura 0006-X0000048',3,'Administrador','2026-06-11 15:14:20'),(911,110,'715','GUAYMALLEN TRIPLE BLANCO','devolucion',10.000,'+',13.000,23.000,'factura',56,'Anulación factura 0006-X0000048',3,'Administrador','2026-06-11 15:14:20'),(912,113,'718','ALF FANTOCHE TRI.CHOCOLATEx85g','devolucion',6.000,'+',32.000,38.000,'factura',56,'Anulación factura 0006-X0000048',3,'Administrador','2026-06-11 15:14:20'),(913,132,'900','JUGO ARCOR POLVO NARANJA..x18u','devolucion',1.000,'+',9.000,10.000,'factura',56,'Anulación factura 0006-X0000048',3,'Administrador','2026-06-11 15:14:20'),(914,141,'909','JUGO ARCOR POLVO NARANJA MANGO.x18u','devolucion',1.000,'+',14.000,15.000,'factura',56,'Anulación factura 0006-X0000048',3,'Administrador','2026-06-11 15:14:20'),(915,136,'904','JUGO ARCOR POLVO MULTIFRUTx18u','devolucion',1.000,'+',9.000,10.000,'factura',56,'Anulación factura 0006-X0000048',3,'Administrador','2026-06-11 15:14:20'),(916,130,'800','GIRASOL PIPAS..........30ux18g','devolucion',1.000,'+',2.000,3.000,'factura',56,'Anulación factura 0006-X0000048',3,'Administrador','2026-06-11 15:14:20'),(918,109,'714','GUAYMALLEN TRIPLE CHOCOLATE','venta',24.000,'-',31.000,7.000,'factura',58,NULL,3,'Administrador','2026-06-11 15:16:26'),(919,110,'715','GUAYMALLEN TRIPLE BLANCO','venta',24.000,'-',24.000,0.000,'factura',58,NULL,3,'Administrador','2026-06-11 15:16:26'),(920,111,'716','GUAYMALLEN SIMPLE BLANCO','venta',40.000,'-',422.000,382.000,'factura',58,NULL,3,'Administrador','2026-06-11 15:16:26'),(921,112,'717','GUAYMALLEN SIMPLE CHOCOLATE','venta',40.000,'-',454.000,414.000,'factura',58,NULL,3,'Administrador','2026-06-11 15:16:26'),(922,189,'7076','BELDENT FRESH SPARKS SURTIDO','venta',1.000,'-',3.000,2.000,'factura',59,NULL,3,'Administrador','2026-06-11 15:21:11'),(923,113,'718','ALF FANTOCHE TRI.CHOCOLATEx85g','venta',6.000,'-',38.000,32.000,'factura',59,NULL,3,'Administrador','2026-06-11 15:21:11'),(924,132,'900','JUGO ARCOR POLVO NARANJA..x18u','venta',1.000,'-',10.000,9.000,'factura',59,NULL,3,'Administrador','2026-06-11 15:21:11'),(925,141,'909','JUGO ARCOR POLVO NARANJA MANGO.x18u','venta',1.000,'-',15.000,14.000,'factura',59,NULL,3,'Administrador','2026-06-11 15:21:11'),(926,136,'904','JUGO ARCOR POLVO MULTIFRUTx18u','venta',1.000,'-',10.000,9.000,'factura',59,NULL,3,'Administrador','2026-06-11 15:21:11'),(927,130,'800','GIRASOL PIPAS..........30ux18g','venta',1.000,'-',3.000,2.000,'factura',59,NULL,3,'Administrador','2026-06-11 15:21:11'),(928,130,'800','GIRASOL PIPAS..........30ux18g','venta',1.000,'-',2.000,1.000,'factura',60,NULL,3,'Administrador','2026-06-11 15:28:21'),(929,59,'309','CHUPETIN MASTICABLE PINTA LENGUA X 50UND','venta',1.000,'-',5.000,4.000,'factura',60,NULL,3,'Administrador','2026-06-11 15:28:21'),(930,56,'305','MR.POPS ARQUIT.FTAL.......x50u','venta',1.000,'-',5.000,4.000,'factura',60,NULL,3,'Administrador','2026-06-11 15:28:21'),(931,177,'970','MANI CON CASCARA','venta',4.000,'-',104.000,100.000,'factura',60,NULL,3,'Administrador','2026-06-11 15:28:21'),(932,94,'702','CHOCOLATE MISKY  NGRO x25g','venta',15.000,'-',145.000,130.000,'factura',60,NULL,3,'Administrador','2026-06-11 15:28:21'),(933,95,'703','CHOCOLATE MISKY  BCO x25g','venta',15.000,'-',168.000,153.000,'factura',60,NULL,3,'Administrador','2026-06-11 15:28:21'),(934,169,'960','MANI TARRO CERVECERO ORIGINAL','venta',3.000,'-',70.000,67.000,'factura',61,NULL,3,'Administrador','2026-06-11 20:40:28'),(935,170,'961','MANI TARRO CERVECERO PIZZA','venta',3.000,'-',114.000,111.000,'factura',61,NULL,3,'Administrador','2026-06-11 20:40:28'),(936,171,'962','MANI TARRO CERVECERO JAMON','venta',3.000,'-',113.000,110.000,'factura',61,NULL,3,'Administrador','2026-06-11 20:40:28'),(937,172,'963','MANI TARRO  CERVECERO SALAME','venta',3.000,'-',68.000,65.000,'factura',61,NULL,3,'Administrador','2026-06-11 20:40:28'),(938,173,'964','MANI TARRO CERVECERO QUESO','venta',6.000,'-',79.000,73.000,'factura',61,NULL,3,'Administrador','2026-06-11 20:40:28'),(939,174,'965','MANI TARRO CERVECERO PROVENZAL','venta',3.000,'-',14.000,11.000,'factura',61,NULL,3,'Administrador','2026-06-11 20:40:28'),(940,175,'968','MANI TARRO CON PIEL','venta',2.000,'-',27.000,25.000,'factura',61,NULL,3,'Administrador','2026-06-11 20:40:28'),(941,176,'969','MANI TARRO SIN PIEL','venta',2.000,'-',63.000,61.000,'factura',61,NULL,3,'Administrador','2026-06-11 20:40:28'),(942,177,'970','MANI CON CASCARA','venta',5.000,'-',100.000,95.000,'factura',61,NULL,3,'Administrador','2026-06-11 20:40:28'),(943,171,'962','MANI TARRO CERVECERO JAMON','venta',2.000,'-',110.000,108.000,'factura',62,NULL,3,'Administrador','2026-06-11 22:33:06'),(944,170,'961','MANI TARRO CERVECERO PIZZA','venta',1.000,'-',111.000,110.000,'factura',62,NULL,3,'Administrador','2026-06-11 22:33:06'),(945,6,'140','BELDENT FRESH SPARKS MENTAx20u','venta',1.000,'-',2.000,1.000,'factura',62,NULL,3,'Administrador','2026-06-11 22:33:06'),(946,9,'143','BELDENT FRESH SPARKS FRUTIx20u','venta',1.000,'-',3.000,2.000,'factura',62,NULL,3,'Administrador','2026-06-11 22:33:06'),(947,113,'718','ALF FANTOCHE TRI.CHOCOLATEx85g','venta',12.000,'-',32.000,20.000,'factura',63,NULL,3,'Administrador','2026-06-11 23:33:14'),(948,155,'1010','DON SATUR BIZCOCH.GRASA x200g','venta',7.000,'-',38.000,31.000,'factura',63,NULL,3,'Administrador','2026-06-11 23:33:14'),(949,129,'751','TURRON MISKY','venta',15.000,'-',193.000,178.000,'factura',63,NULL,3,'Administrador','2026-06-11 23:33:14'),(950,158,'1014','GALL TRIO PEPAS..........x320g','venta',6.000,'-',14.000,8.000,'factura',63,NULL,3,'Administrador','2026-06-11 23:33:14'),(951,167,'1031','GALL.DIVERSION SURTIDA...x400g','venta',6.000,'-',84.000,78.000,'factura',63,NULL,3,'Administrador','2026-06-11 23:33:14'),(952,34,'252','GOMA BULL DOG.REGALIZ TUTTI F.CJAx12u','venta',1.000,'-',5.000,4.000,'factura',64,NULL,3,'Administrador','2026-06-11 23:40:32'),(953,52,'285','GOMITA DOCILE MIX DULCE/ACIDO X500','venta',2.000,'-',33.000,31.000,'factura',64,NULL,3,'Administrador','2026-06-11 23:40:32'),(954,199,'286','GOMITAS DOCILE GAJOS SURTIDO X500','venta',2.000,'-',22.000,20.000,'factura',64,NULL,3,'Administrador','2026-06-11 23:40:32'),(955,200,'287','GOMITAS DOCILE CONITO SINO SUTIDO X500','venta',2.000,'-',6.000,4.000,'factura',64,NULL,3,'Administrador','2026-06-11 23:40:32'),(956,69,'409','CARAM.MAST.DROPSY SELVA..x700g','venta',2.000,'-',6.000,4.000,'factura',64,NULL,3,'Administrador','2026-06-11 23:40:32'),(957,72,'501','PASTILLAS BULL DOG UVA X12U','venta',1.000,'-',1.000,0.000,'factura',64,NULL,3,'Administrador','2026-06-11 23:40:32'),(958,196,'502','PASTILLAS BULL DOG UVA/MANDARINA  X12U','venta',2.000,'-',11.000,9.000,'factura',64,NULL,3,'Administrador','2026-06-11 23:40:32'),(959,75,'506','PASTILLAS BULL DOG TUTTI FRUTTI  LIMONX 12 UND','venta',1.000,'-',4.000,3.000,'factura',64,NULL,3,'Administrador','2026-06-11 23:40:32'),(960,89,'601','(28g)MARSHMALLOW GONGYS FRUTIL','venta',20.000,'-',98.000,78.000,'factura',64,NULL,3,'Administrador','2026-06-11 23:40:32'),(961,90,'602','(28g)MARSHMALLOW GONGYS NUBECI','venta',20.000,'-',78.000,58.000,'factura',64,NULL,3,'Administrador','2026-06-11 23:40:32'),(962,91,'603','(28g)MARSHMALLOW GONGYS.......','venta',20.000,'-',24.000,4.000,'factura',64,NULL,3,'Administrador','2026-06-11 23:40:32'),(963,94,'702','CHOCOLATE MISKY  NGRO x25g','venta',30.000,'-',130.000,100.000,'factura',64,NULL,3,'Administrador','2026-06-11 23:40:32'),(964,95,'703','CHOCOLATE MISKY  BCO x25g','venta',30.000,'-',153.000,123.000,'factura',64,NULL,3,'Administrador','2026-06-11 23:40:32'),(965,99,'707','CREMA KROOMY SURTIDOS ( 48u )','venta',1.000,'-',8.000,7.000,'factura',64,NULL,3,'Administrador','2026-06-11 23:40:32'),(966,102,'710','OBLEA SMACK RELLENA X33g','venta',48.000,'-',160.000,112.000,'factura',64,NULL,3,'Administrador','2026-06-11 23:40:32'),(967,103,'712','BOMBON SMACKX 30u','venta',1.000,'-',3.000,2.000,'factura',64,NULL,3,'Administrador','2026-06-11 23:40:32'),(968,113,'718','ALF FANTOCHE TRI.CHOCOLATEx85g','venta',20.000,'-',20.000,0.000,'factura',64,NULL,3,'Administrador','2026-06-11 23:40:32'),(969,170,'961','MANI TARRO CERVECERO PIZZA','venta',2.000,'-',110.000,108.000,'factura',65,NULL,3,'Administrador','2026-06-12 12:24:11'),(970,171,'962','MANI TARRO CERVECERO JAMON','venta',2.000,'-',108.000,106.000,'factura',65,NULL,3,'Administrador','2026-06-12 12:24:11'),(971,172,'963','MANI TARRO  CERVECERO SALAME','venta',2.000,'-',65.000,63.000,'factura',65,NULL,3,'Administrador','2026-06-12 12:24:11'),(972,173,'964','MANI TARRO CERVECERO QUESO','venta',2.000,'-',73.000,71.000,'factura',65,NULL,3,'Administrador','2026-06-12 12:24:11'),(973,31,'241','GOMAS LA PIÑATA ANILLOS X 700 GR','venta',1.000,'-',11.000,10.000,'factura',66,NULL,3,'Administrador','2026-06-12 12:42:36'),(974,34,'252','GOMA BULL DOG.REGALIZ TUTTI F.CJAx12u','venta',1.000,'-',4.000,3.000,'factura',66,NULL,3,'Administrador','2026-06-12 12:42:36'),(975,152,'1002','MAGDAL DON SATUR MARMOLADx250g','venta',2.000,'-',4.000,2.000,'factura',66,NULL,3,'Administrador','2026-06-12 12:42:36'),(976,166,'1030','SURTIDO BAGLEY...........x400g','venta',3.000,'-',70.000,67.000,'factura',66,NULL,3,'Administrador','2026-06-12 12:42:36'),(977,44,'272','MOGUL EXTREME TUBITOS FRUTILLA  X 500G','venta',1.000,'-',27.000,26.000,'factura',67,NULL,3,'Administrador','2026-06-12 15:10:15'),(978,45,'273','MOGUL EXTREME TUBITOS MIX FRUTAL X 500G','venta',1.000,'-',22.000,21.000,'factura',67,NULL,3,'Administrador','2026-06-12 15:10:15'),(979,42,'270','MOGUL EXTREME LADRILLOS X 500G','venta',1.000,'-',18.000,17.000,'factura',67,NULL,3,'Administrador','2026-06-12 15:10:15'),(980,43,'271','MOGUL EXTREME LADRILLOS MIX FRUTAL X 500G','venta',1.000,'-',5.000,4.000,'factura',67,NULL,3,'Administrador','2026-06-12 15:10:15'),(1021,27,'230','GOMA FANTASIA MISKY .......x1k','venta',2.000,'-',18.000,16.000,'factura',68,NULL,3,'Administrador','2026-06-12 15:52:40'),(1022,38,'266','MOGUL MORAS X 500G','venta',1.000,'-',6.000,5.000,'factura',69,NULL,3,'Administrador','2026-06-12 15:55:00'),(1023,40,'268','MOGUL FRUTILLAS CON CREMA X 500G','venta',1.000,'-',12.000,11.000,'factura',69,NULL,3,'Administrador','2026-06-12 15:55:00'),(1024,43,'271','MOGUL EXTREME LADRILLOS MIX FRUTAL X 500G','venta',1.000,'-',4.000,3.000,'factura',69,NULL,3,'Administrador','2026-06-12 15:55:00'),(1025,120,'728','ALF FANTOCHE SUPER TRIPLE NEGx100g','venta',6.000,'-',273.000,267.000,'factura',69,NULL,3,'Administrador','2026-06-12 15:55:00'),(1026,131,'801','GIRASOL PIPAS GIGANTES.12ux50g','venta',2.000,'-',24.000,22.000,'factura',69,NULL,3,'Administrador','2026-06-12 15:55:00'),(1027,162,'1022','.9 DE ORO GRASA','venta',2.000,'-',150.000,148.000,'factura',69,NULL,3,'Administrador','2026-06-12 15:55:00'),(1028,163,'1023','.9 DE ORO AGRIDULCE','venta',3.000,'-',110.000,107.000,'factura',69,NULL,3,'Administrador','2026-06-12 15:55:00'),(1029,62,'312','CRAZY BULL DOG CHUPETIN + POLVO X 10 UND','venta',1.000,'-',6.000,5.000,'factura',70,NULL,3,'Administrador','2026-06-12 15:57:54'),(1030,87,'530','MENTHO PLUS MIEL..........x12u','venta',1.000,'-',8.000,7.000,'factura',70,NULL,3,'Administrador','2026-06-12 15:57:54'),(1031,131,'801','GIRASOL PIPAS GIGANTES.12ux50g','venta',1.000,'-',22.000,21.000,'factura',70,NULL,3,'Administrador','2026-06-12 15:57:54'),(1032,189,'7076','BELDENT FRESH SPARKS SURTIDO','venta',1.000,'-',2.000,1.000,'factura',70,NULL,3,'Administrador','2026-06-12 15:57:54'),(1033,29,'232','GOMA EUCALIPTUS MISKY......x1k','venta',1.000,'-',7.000,6.000,'factura',71,NULL,3,'Administrador','2026-06-12 16:04:22'),(1034,28,'231','GOMA JELLY ROLL MISKY......x1k','venta',1.000,'-',8.000,7.000,'factura',71,NULL,3,'Administrador','2026-06-12 16:04:22'),(1035,17,'207','GOMITAS YUMMY DIENTITOS X 500 GR','venta',2.000,'-',11.000,9.000,'factura',71,NULL,3,'Administrador','2026-06-12 16:04:22'),(1036,52,'285','GOMITA DOCILE MIX DULCE/ACIDO X500','venta',1.000,'-',31.000,30.000,'factura',71,NULL,3,'Administrador','2026-06-12 16:04:22'),(1037,3,'104','CHICLE FIERITA MENTA X100U','venta',1.000,'-',3.000,2.000,'factura',72,NULL,3,'Administrador','2026-06-13 21:07:50'),(1038,63,'400','MASTICABLE SURTIDO MISKY X 800gs','venta',1.000,'-',18.000,17.000,'factura',72,NULL,3,'Administrador','2026-06-13 21:07:50'),(1039,94,'702','CHOCOLATE MISKY  NGRO x25g','venta',30.000,'-',190.000,160.000,'factura',72,NULL,3,'Administrador','2026-06-13 21:07:50'),(1040,95,'703','CHOCOLATE MISKY  BCO x25g','venta',30.000,'-',213.000,183.000,'factura',72,NULL,3,'Administrador','2026-06-13 21:07:50'),(1041,109,'714','GUAYMALLEN TRIPLE CHOCOLATE','venta',6.000,'-',247.000,241.000,'factura',72,NULL,3,'Administrador','2026-06-13 21:07:50'),(1042,110,'715','GUAYMALLEN TRIPLE BLANCO','venta',6.000,'-',240.000,234.000,'factura',72,NULL,3,'Administrador','2026-06-13 21:07:50'),(1043,111,'716','GUAYMALLEN SIMPLE BLANCO','venta',6.000,'-',382.000,376.000,'factura',72,NULL,3,'Administrador','2026-06-13 21:07:50'),(1044,112,'717','GUAYMALLEN SIMPLE CHOCOLATE','venta',6.000,'-',414.000,408.000,'factura',72,NULL,3,'Administrador','2026-06-13 21:07:50'),(1045,130,'800','GIRASOL PIPAS..........30ux18g','venta',1.000,'-',5.000,4.000,'factura',72,NULL,3,'Administrador','2026-06-13 21:07:50'),(1046,131,'801','GIRASOL PIPAS GIGANTES.12ux50g','venta',1.000,'-',21.000,20.000,'factura',72,NULL,3,'Administrador','2026-06-13 21:07:50'),(1047,144,'918','CERVEZA 361 PET............x1l','venta',12.000,'-',116.000,104.000,'factura',72,NULL,3,'Administrador','2026-06-13 21:07:50'),(1048,152,'1002','MAGDAL DON SATUR MARMOLADx250g','venta',2.000,'-',2.000,0.000,'factura',72,NULL,3,'Administrador','2026-06-13 21:07:50'),(1049,154,'1004','MAGDAL DON SATUR C/CHIPS.x250g','venta',5.000,'-',5.000,0.000,'factura',72,NULL,3,'Administrador','2026-06-13 21:07:50'),(1050,155,'1010','DON SATUR BIZCOCH.GRASA x200g','venta',6.000,'-',181.000,175.000,'factura',72,NULL,3,'Administrador','2026-06-13 21:07:50'),(1051,156,'1011','DON SATUR BIZCOCHO DULCE.x200g','venta',6.000,'-',103.000,97.000,'factura',72,NULL,3,'Administrador','2026-06-13 21:07:50'),(1052,158,'1014','GALL TRIO PEPAS..........x320g','venta',5.000,'-',8.000,3.000,'factura',72,NULL,3,'Administrador','2026-06-13 21:07:50'),(1053,159,'1015','GALL TRIO PEPAS C/CHIPS..x300g','venta',5.000,'-',40.000,35.000,'factura',72,NULL,3,'Administrador','2026-06-13 21:07:50'),(1054,160,'1017','GALL TRIO TRICHOC........x300g','venta',5.000,'-',32.000,27.000,'factura',72,NULL,3,'Administrador','2026-06-13 21:07:50'),(1055,162,'1022','.9 DE ORO GRASA','venta',5.000,'-',148.000,143.000,'factura',72,NULL,3,'Administrador','2026-06-13 21:07:50'),(1056,163,'1023','.9 DE ORO AGRIDULCE','venta',5.000,'-',107.000,102.000,'factura',72,NULL,3,'Administrador','2026-06-13 21:07:50'),(1057,164,'1024','.9 DE ORO AZUCARADO','venta',5.000,'-',47.000,42.000,'factura',72,NULL,3,'Administrador','2026-06-13 21:07:50'),(1058,165,'1029','VARIEDAD.................x390g','venta',4.000,'-',31.000,27.000,'factura',72,NULL,3,'Administrador','2026-06-13 21:07:50'),(1059,166,'1030','SURTIDO BAGLEY...........x400g','venta',4.000,'-',67.000,63.000,'factura',72,NULL,3,'Administrador','2026-06-13 21:07:50'),(1060,167,'1031','GALL.DIVERSION SURTIDA...x400g','venta',4.000,'-',78.000,74.000,'factura',72,NULL,3,'Administrador','2026-06-13 21:07:50'),(1061,197,'1033','SERRANITAS OFERTA 14 X3 X315G','venta',6.000,'-',13.000,7.000,'factura',72,NULL,3,'Administrador','2026-06-13 21:07:50'),(1062,180,'1100','PAPEL DRPIN CELLULOSE....','venta',10.000,'-',53.000,43.000,'factura',72,NULL,3,'Administrador','2026-06-13 21:07:50'),(1063,181,'1120','ENC COCINA CANDELA CLASICO x25','venta',1.000,'-',8.000,7.000,'factura',72,NULL,3,'Administrador','2026-06-13 21:07:50'),(1064,56,'305','MR.POPS ARQUIT.FTAL.......x50u','venta',1.000,'-',4.000,3.000,'factura',72,NULL,3,'Administrador','2026-06-13 21:07:50'),(1065,121,'729','ALFAJOR CHOCOTORTA 71,5','venta',4.000,'-',127.000,123.000,'factura',72,NULL,3,'Administrador','2026-06-13 21:07:50'),(1066,123,'736','ALF COFLER BLOCK TRIPLE...x60g','venta',4.000,'-',147.000,143.000,'factura',72,NULL,3,'Administrador','2026-06-13 21:07:50'),(1067,122,'735','ALF BON O BON TRIPLE NEGROx60g','venta',4.000,'-',127.000,123.000,'factura',72,NULL,3,'Administrador','2026-06-13 21:07:50'),(1068,194,'742','ALF MINI TORTA AGUILA X69G','venta',4.000,'-',151.000,147.000,'factura',72,NULL,3,'Administrador','2026-06-13 21:07:50'),(1069,195,'743','ALF MINI TORTA AGUILA BROWNIE X74G','venta',4.000,'-',161.000,157.000,'factura',72,NULL,3,'Administrador','2026-06-13 21:07:50'),(1070,117,'722','ALFAJOR GULA NEGRO X 18U','venta',4.000,'-',31.000,27.000,'factura',72,NULL,3,'Administrador','2026-06-13 21:07:50'),(1071,118,'723','ALFAJOR GULA BLANCO X 18U','venta',4.000,'-',4.000,0.000,'factura',72,NULL,3,'Administrador','2026-06-13 21:07:50'),(1072,119,'724','ALFAJOR GULA KING RALLADO X 18U','venta',4.000,'-',14.000,10.000,'factura',72,NULL,3,'Administrador','2026-06-13 21:07:50'),(1073,63,'400','MASTICABLE SURTIDO MISKY X 800gs','venta',1.000,'-',17.000,16.000,'factura',73,NULL,3,'Administrador','2026-06-13 21:13:54'),(1074,64,'402','(x32u)MAST.LENGUETAZO T.FRUTI...','venta',1.000,'-',11.000,10.000,'factura',73,NULL,3,'Administrador','2026-06-13 21:13:54'),(1075,65,'404','PALITO DE LA SELVA.......x660g','venta',1.000,'-',7.000,6.000,'factura',73,NULL,3,'Administrador','2026-06-13 21:13:54'),(1076,66,'406','CARAM.FLYNN PAFF TUTTI....x70u','venta',1.000,'-',10.000,9.000,'factura',73,NULL,3,'Administrador','2026-06-13 21:13:54'),(1077,67,'407','MASTICABLE BILLIKEN YOGURT','venta',1.000,'-',17.000,16.000,'factura',73,NULL,3,'Administrador','2026-06-13 21:13:54'),(1078,185,'4444','YUMMY  (((SURTIDAS))) X 12 UND','venta',1.000,'-',2.000,1.000,'factura',73,NULL,3,'Administrador','2026-06-13 21:13:54'),(1079,170,'961','MANI TARRO CERVECERO PIZZA','venta',3.000,'-',108.000,105.000,'factura',74,NULL,3,'Administrador','2026-06-13 21:38:16'),(1080,171,'962','MANI TARRO CERVECERO JAMON','venta',3.000,'-',106.000,103.000,'factura',74,NULL,3,'Administrador','2026-06-13 21:38:16'),(1081,169,'960','MANI TARRO CERVECERO ORIGINAL','venta',2.000,'-',67.000,65.000,'factura',74,NULL,3,'Administrador','2026-06-13 21:38:16'),(1082,172,'963','MANI TARRO  CERVECERO SALAME','venta',2.000,'-',63.000,61.000,'factura',74,NULL,3,'Administrador','2026-06-13 21:38:16'),(1083,173,'964','MANI TARRO CERVECERO QUESO','venta',2.000,'-',71.000,69.000,'factura',74,NULL,3,'Administrador','2026-06-13 21:38:16'),(1084,177,'970','MANI CON CASCARA','venta',4.000,'-',95.000,91.000,'factura',74,NULL,3,'Administrador','2026-06-13 21:38:16'),(1085,207,'981','MANI JAPONES','venta',1.000,'-',6.000,5.000,'factura',75,NULL,3,'Administrador','2026-06-14 13:09:51'),(1086,27,'230','GOMA FANTASIA MISKY .......x1k','venta',2.000,'-',16.000,14.000,'factura',76,NULL,3,'Administrador','2026-06-14 13:13:23'),(1087,59,'309','CHUPETIN MASTICABLE PINTA LENGUA X 50UND','venta',1.000,'-',4.000,3.000,'factura',77,NULL,3,'Administrador','2026-06-14 14:09:34'),(1088,58,'308','CHUPETIN MAST. TATOO TUTTI FRUT X50U','venta',1.000,'-',3.000,2.000,'factura',77,NULL,3,'Administrador','2026-06-14 14:09:34'),(1089,53,'302','MR.POPS EVOLUTION CEREZA..x24u','venta',1.000,'-',13.000,12.000,'factura',77,NULL,3,'Administrador','2026-06-14 14:09:34'),(1090,54,'303','MR.POPS EVOLUT.BLUE BERRY.x24u','venta',1.000,'-',3.000,2.000,'factura',77,NULL,3,'Administrador','2026-06-14 14:09:34'),(1091,196,'502','PASTILLAS BULL DOG UVA/MANDARINA  X12U','venta',1.000,'-',9.000,8.000,'factura',77,NULL,3,'Administrador','2026-06-14 14:09:34'),(1092,35,'253','GOMA BULL DOG.REGALIZ FRAMB.CJAx12u','venta',1.000,'-',10.000,9.000,'factura',77,NULL,3,'Administrador','2026-06-14 14:09:34'),(1093,33,'251','GOMA BULL DOG.REGALIZ FRUT.CJAx12u','venta',1.000,'-',11.000,10.000,'factura',77,NULL,3,'Administrador','2026-06-14 14:09:34'),(1094,193,'711','BOMBON VAUQUITA','venta',1.000,'-',4.000,3.000,'factura',77,NULL,3,'Administrador','2026-06-14 14:09:34'),(1095,27,'230','GOMA FANTASIA MISKY .......x1k','venta',1.000,'-',14.000,13.000,'factura',77,NULL,3,'Administrador','2026-06-14 14:09:34'),(1096,16,'206','GOMITAS YUMMY MORITAS X500G','venta',1.000,'-',12.000,11.000,'factura',77,NULL,3,'Administrador','2026-06-14 14:09:34'),(1097,17,'207','GOMITAS YUMMY DIENTITOS X 500 GR','venta',1.000,'-',9.000,8.000,'factura',77,NULL,3,'Administrador','2026-06-14 14:09:34'),(1098,169,'960','MANI TARRO CERVECERO ORIGINAL','venta',2.000,'-',65.000,63.000,'factura',78,NULL,3,'Administrador','2026-06-14 14:15:24'),(1099,170,'961','MANI TARRO CERVECERO PIZZA','venta',2.000,'-',105.000,103.000,'factura',78,NULL,3,'Administrador','2026-06-14 14:15:24'),(1100,171,'962','MANI TARRO CERVECERO JAMON','venta',2.000,'-',103.000,101.000,'factura',78,NULL,3,'Administrador','2026-06-14 14:15:24'),(1101,172,'963','MANI TARRO  CERVECERO SALAME','venta',2.000,'-',61.000,59.000,'factura',78,NULL,3,'Administrador','2026-06-14 14:15:24'),(1102,173,'964','MANI TARRO CERVECERO QUESO','venta',2.000,'-',69.000,67.000,'factura',78,NULL,3,'Administrador','2026-06-14 14:15:24'),(1103,174,'965','MANI TARRO CERVECERO PROVENZAL','venta',2.000,'-',11.000,9.000,'factura',78,NULL,3,'Administrador','2026-06-14 14:15:24'),(1104,131,'801','GIRASOL PIPAS GIGANTES.12ux50g','venta',1.000,'-',20.000,19.000,'factura',79,NULL,3,'Administrador','2026-06-15 13:13:37'),(1105,109,'714','GUAYMALLEN TRIPLE CHOCOLATE','venta',12.000,'-',241.000,229.000,'factura',79,NULL,3,'Administrador','2026-06-15 13:13:37'),(1106,110,'715','GUAYMALLEN TRIPLE BLANCO','venta',12.000,'-',234.000,222.000,'factura',79,NULL,3,'Administrador','2026-06-15 13:13:37'),(1107,111,'716','GUAYMALLEN SIMPLE BLANCO','venta',12.000,'-',376.000,364.000,'factura',79,NULL,3,'Administrador','2026-06-15 13:13:37'),(1108,94,'702','CHOCOLATE MISKY  NGRO x25g','venta',10.000,'-',160.000,150.000,'factura',80,NULL,3,'Administrador','2026-06-15 14:29:44'),(1109,95,'703','CHOCOLATE MISKY  BCO x25g','venta',10.000,'-',183.000,173.000,'factura',80,NULL,3,'Administrador','2026-06-15 14:29:44'),(1110,105,'760','CHOC.NUGATON LECHE........x27g','venta',10.000,'-',120.000,110.000,'factura',80,NULL,3,'Administrador','2026-06-15 14:29:44'),(1111,121,'729','ALFAJOR CHOCOTORTA 71,5','venta',10.000,'-',123.000,113.000,'factura',80,NULL,3,'Administrador','2026-06-15 14:29:44'),(1112,123,'736','ALF COFLER BLOCK TRIPLE...x60g','venta',6.000,'-',143.000,137.000,'factura',80,NULL,3,'Administrador','2026-06-15 14:29:44'),(1113,132,'900','JUGO ARCOR POLVO NARANJA..x18u','venta',1.000,'-',9.000,8.000,'factura',80,NULL,3,'Administrador','2026-06-15 14:29:44'),(1114,148,'934','BAGGIO MULTIFRUTAL.......x200m','venta',18.000,'-',72.000,54.000,'factura',80,NULL,3,'Administrador','2026-06-15 14:29:44'),(1115,155,'1010','DON SATUR BIZCOCH.GRASA x200g','venta',30.000,'-',175.000,145.000,'factura',80,NULL,3,'Administrador','2026-06-15 14:29:44'),(1116,156,'1011','DON SATUR BIZCOCHO DULCE.x200g','venta',30.000,'-',97.000,67.000,'factura',80,NULL,3,'Administrador','2026-06-15 14:29:44'),(1117,197,'1033','SERRANITAS OFERTA 14 X3 X315G','venta',7.000,'-',7.000,0.000,'factura',80,NULL,3,'Administrador','2026-06-15 14:29:44'),(1118,169,'960','MANI TARRO CERVECERO ORIGINAL','venta',4.000,'-',63.000,59.000,'factura',80,NULL,3,'Administrador','2026-06-15 14:29:44'),(1119,171,'962','MANI TARRO CERVECERO JAMON','venta',4.000,'-',101.000,97.000,'factura',80,NULL,3,'Administrador','2026-06-15 14:29:44'),(1120,173,'964','MANI TARRO CERVECERO QUESO','venta',4.000,'-',67.000,63.000,'factura',80,NULL,3,'Administrador','2026-06-15 14:29:44'),(1121,190,'144','TOP LINE SEVEN MENTA','venta',1.000,'-',10.000,9.000,'factura',81,NULL,3,'Administrador','2026-06-16 11:33:42'),(1122,65,'404','PALITO DE LA SELVA.......x660g','venta',1.000,'-',6.000,5.000,'factura',81,NULL,3,'Administrador','2026-06-16 11:33:42'),(1123,112,'717','GUAYMALLEN SIMPLE CHOCOLATE','venta',10.000,'-',408.000,398.000,'factura',81,NULL,3,'Administrador','2026-06-16 11:33:42'),(1124,122,'735','ALF BON O BON TRIPLE NEGROx60g','venta',4.000,'-',123.000,119.000,'factura',81,NULL,3,'Administrador','2026-06-16 11:33:42'),(1125,123,'736','ALF COFLER BLOCK TRIPLE...x60g','venta',4.000,'-',137.000,133.000,'factura',81,NULL,3,'Administrador','2026-06-16 11:33:42'),(1126,194,'742','ALF MINI TORTA AGUILA X69G','venta',4.000,'-',147.000,143.000,'factura',81,NULL,3,'Administrador','2026-06-16 11:33:42'),(1127,131,'801','GIRASOL PIPAS GIGANTES.12ux50g','venta',3.000,'-',19.000,16.000,'factura',81,NULL,3,'Administrador','2026-06-16 11:33:42'),(1128,172,'963','MANI TARRO  CERVECERO SALAME','venta',2.000,'-',59.000,57.000,'factura',82,NULL,3,'Administrador','2026-06-16 19:30:49'),(1129,173,'964','MANI TARRO CERVECERO QUESO','venta',2.000,'-',63.000,61.000,'factura',82,NULL,3,'Administrador','2026-06-16 19:30:49'),(1130,170,'961','MANI TARRO CERVECERO PIZZA','venta',3.000,'-',103.000,100.000,'factura',82,NULL,3,'Administrador','2026-06-16 19:30:49'),(1131,171,'962','MANI TARRO CERVECERO JAMON','venta',3.000,'-',97.000,94.000,'factura',82,NULL,3,'Administrador','2026-06-16 19:30:49'),(1132,169,'960','MANI TARRO CERVECERO ORIGINAL','venta',2.000,'-',59.000,57.000,'factura',82,NULL,3,'Administrador','2026-06-16 19:30:49'),(1133,30,'240','GOMAS LA PIÑATA HUESOS ACIDOS X 700 GR','venta',1.000,'-',16.000,15.000,'factura',83,NULL,3,'Administrador','2026-06-16 20:57:26'),(1134,31,'241','GOMAS LA PIÑATA ANILLOS X 700 GR','venta',1.000,'-',10.000,9.000,'factura',83,NULL,3,'Administrador','2026-06-16 20:57:26'),(1135,39,'267','MOGUL DIENTES X 500G','venta',1.000,'-',12.000,11.000,'factura',83,NULL,3,'Administrador','2026-06-16 20:57:26'),(1136,45,'273','MOGUL EXTREME TUBITOS MIX FRUTAL X 500G','venta',1.000,'-',21.000,20.000,'factura',83,NULL,3,'Administrador','2026-06-16 20:57:26'),(1137,111,'716','GUAYMALLEN SIMPLE BLANCO','venta',8.000,'-',364.000,356.000,'factura',83,NULL,3,'Administrador','2026-06-16 20:57:26'),(1138,112,'717','GUAYMALLEN SIMPLE CHOCOLATE','venta',8.000,'-',398.000,390.000,'factura',83,NULL,3,'Administrador','2026-06-16 20:57:26'),(1139,120,'728','ALF FANTOCHE SUPER TRIPLE NEGx100g','venta',4.000,'-',267.000,263.000,'factura',83,NULL,3,'Administrador','2026-06-16 20:57:26'),(1140,115,'720','ALFAJOR RASTA NEGRO X 18U','venta',3.000,'-',18.000,15.000,'factura',83,NULL,3,'Administrador','2026-06-16 20:57:26'),(1141,116,'721','ALFAJOR RASTA BLANCO X 18U','venta',3.000,'-',10021.000,10018.000,'factura',83,NULL,3,'Administrador','2026-06-16 20:57:26'),(1142,121,'729','ALFAJOR CHOCOTORTA 71,5','venta',3.000,'-',113.000,110.000,'factura',83,NULL,3,'Administrador','2026-06-16 20:57:26'),(1143,122,'735','ALF BON O BON TRIPLE NEGROx60g','venta',3.000,'-',119.000,116.000,'factura',83,NULL,3,'Administrador','2026-06-16 20:57:26'),(1144,123,'736','ALF COFLER BLOCK TRIPLE...x60g','venta',3.000,'-',133.000,130.000,'factura',83,NULL,3,'Administrador','2026-06-16 20:57:26'),(1145,194,'742','ALF MINI TORTA AGUILA X69G','venta',5.000,'-',143.000,138.000,'factura',83,NULL,3,'Administrador','2026-06-16 20:57:26'),(1146,195,'743','ALF MINI TORTA AGUILA BROWNIE X74G','venta',5.000,'-',157.000,152.000,'factura',83,NULL,3,'Administrador','2026-06-16 20:57:26'),(1147,131,'801','GIRASOL PIPAS GIGANTES.12ux50g','venta',1.000,'-',16.000,15.000,'factura',83,NULL,3,'Administrador','2026-06-16 20:57:26'),(1148,170,'961','MANI TARRO CERVECERO PIZZA','venta',2.000,'-',100.000,98.000,'factura',83,NULL,3,'Administrador','2026-06-16 20:57:26'),(1149,171,'962','MANI TARRO CERVECERO JAMON','venta',2.000,'-',94.000,92.000,'factura',83,NULL,3,'Administrador','2026-06-16 20:57:26'),(1150,172,'963','MANI TARRO  CERVECERO SALAME','venta',2.000,'-',57.000,55.000,'factura',83,NULL,3,'Administrador','2026-06-16 20:57:26'),(1151,173,'964','MANI TARRO CERVECERO QUESO','venta',2.000,'-',61.000,59.000,'factura',83,NULL,3,'Administrador','2026-06-16 20:57:26'),(1152,189,'7076','BELDENT FRESH SPARKS SURTIDO','venta',1.000,'-',1.000,0.000,'factura',83,NULL,3,'Administrador','2026-06-16 20:57:26'),(1153,103,'712','BOMBON SMACKX 30u','venta',1.000,'-',2.000,1.000,'factura',84,NULL,3,'Administrador','2026-06-17 11:53:06'),(1154,16,'206','GOMITAS YUMMY MORITAS X500G','venta',1.000,'-',11.000,10.000,'factura',85,NULL,3,'Administrador','2026-06-17 11:57:33'),(1155,17,'207','GOMITAS YUMMY DIENTITOS X 500 GR','venta',1.000,'-',8.000,7.000,'factura',85,NULL,3,'Administrador','2026-06-17 11:57:33'),(1156,18,'208','YUMMY HUEVOS FRITOS BOLSA.x500g','venta',2.000,'-',2.000,0.000,'factura',85,NULL,3,'Administrador','2026-06-17 11:57:33'),(1157,19,'209','YUMMY BOTELLITAS BOLSA...x500g','venta',1.000,'-',2.000,1.000,'factura',85,NULL,3,'Administrador','2026-06-17 11:57:33'),(1158,100,'708','BONOBON OBLEA LECHE....20ux30g','venta',12.000,'-',249.000,237.000,'factura',85,NULL,3,'Administrador','2026-06-17 11:57:33'),(1159,120,'728','ALF FANTOCHE SUPER TRIPLE NEGx100g','venta',6.000,'-',263.000,257.000,'factura',85,NULL,3,'Administrador','2026-06-17 11:57:33'),(1160,160,'1017','GALL TRIO TRICHOC........x300g','venta',6.000,'-',27.000,21.000,'factura',85,NULL,3,'Administrador','2026-06-17 11:57:33'),(1161,166,'1030','SURTIDO BAGLEY...........x400g','venta',2.000,'-',63.000,61.000,'factura',85,NULL,3,'Administrador','2026-06-17 11:57:33'),(1162,167,'1031','GALL.DIVERSION SURTIDA...x400g','venta',2.000,'-',74.000,72.000,'factura',85,NULL,3,'Administrador','2026-06-17 11:57:33'),(1163,169,'960','MANI TARRO CERVECERO ORIGINAL','venta',2.000,'-',57.000,55.000,'factura',85,NULL,3,'Administrador','2026-06-17 11:57:33'),(1164,170,'961','MANI TARRO CERVECERO PIZZA','venta',2.000,'-',98.000,96.000,'factura',85,NULL,3,'Administrador','2026-06-17 11:57:33'),(1165,171,'962','MANI TARRO CERVECERO JAMON','venta',2.000,'-',92.000,90.000,'factura',85,NULL,3,'Administrador','2026-06-17 11:57:33'),(1166,172,'963','MANI TARRO  CERVECERO SALAME','venta',2.000,'-',55.000,53.000,'factura',85,NULL,3,'Administrador','2026-06-17 11:57:33'),(1167,27,'230','GOMA FANTASIA MISKY .......x1k','venta',1.000,'-',13.000,12.000,'factura',86,NULL,3,'Administrador','2026-06-17 12:48:56'),(1168,29,'232','GOMA EUCALIPTUS MISKY......x1k','venta',1.000,'-',6.000,5.000,'factura',86,NULL,3,'Administrador','2026-06-17 12:48:56'),(1169,84,'527','MENTHO PLUS STRONG........x12u','venta',1.000,'-',12.000,11.000,'factura',86,NULL,3,'Administrador','2026-06-17 12:48:56'),(1170,86,'529','MENTHO PLUS CEREZA........x12u','venta',1.000,'-',13.000,12.000,'factura',86,NULL,3,'Administrador','2026-06-17 12:48:56'),(1171,87,'530','MENTHO PLUS MIEL..........x12u','venta',1.000,'-',7.000,6.000,'factura',86,NULL,3,'Administrador','2026-06-17 12:48:56'),(1172,96,'704','ROCKLETS 24 X 20GS','venta',1.000,'-',10.000,9.000,'factura',86,NULL,3,'Administrador','2026-06-17 12:48:56'),(1173,97,'705','CHOC. C/MANI COF. BLOCK 20X38GS','venta',10.000,'-',109.000,99.000,'factura',86,NULL,3,'Administrador','2026-06-17 12:48:56'),(1174,111,'716','GUAYMALLEN SIMPLE BLANCO','venta',10.000,'-',356.000,346.000,'factura',86,NULL,3,'Administrador','2026-06-17 12:48:56'),(1175,112,'717','GUAYMALLEN SIMPLE CHOCOLATE','venta',10.000,'-',390.000,380.000,'factura',86,NULL,3,'Administrador','2026-06-17 12:48:56'),(1176,120,'728','ALF FANTOCHE SUPER TRIPLE NEGx100g','venta',3.000,'-',257.000,254.000,'factura',86,NULL,3,'Administrador','2026-06-17 12:48:56'),(1177,27,'230','GOMA FANTASIA MISKY .......x1k','venta',1.000,'-',12.000,11.000,'factura',87,NULL,3,'Administrador','2026-06-17 12:50:22'),(1178,63,'400','MASTICABLE SURTIDO MISKY X 800gs','venta',1.000,'-',16.000,15.000,'factura',87,NULL,3,'Administrador','2026-06-17 12:50:22'),(1179,79,'511','MENTITAS MENTA X 12 UND','venta',1.000,'-',13.000,12.000,'factura',87,NULL,3,'Administrador','2026-06-17 12:50:22'),(1180,120,'728','ALF FANTOCHE SUPER TRIPLE NEGx100g','venta',12.000,'-',254.000,242.000,'factura',87,NULL,3,'Administrador','2026-06-17 12:50:22'),(1181,53,'302','MR.POPS EVOLUTION CEREZA..x24u','venta',1.000,'-',12.000,11.000,'factura',88,NULL,3,'Administrador','2026-06-17 12:51:39'),(1182,111,'716','GUAYMALLEN SIMPLE BLANCO','venta',20.000,'-',346.000,326.000,'factura',88,NULL,3,'Administrador','2026-06-17 12:51:39'),(1183,112,'717','GUAYMALLEN SIMPLE CHOCOLATE','venta',20.000,'-',380.000,360.000,'factura',88,NULL,3,'Administrador','2026-06-17 12:51:39'),(1184,120,'728','ALF FANTOCHE SUPER TRIPLE NEGx100g','venta',12.000,'-',242.000,230.000,'factura',88,NULL,3,'Administrador','2026-06-17 12:51:39'),(1185,162,'1022','.9 DE ORO GRASA','venta',3.000,'-',143.000,140.000,'factura',88,NULL,3,'Administrador','2026-06-17 12:51:39'),(1186,163,'1023','.9 DE ORO AGRIDULCE','venta',3.000,'-',102.000,99.000,'factura',88,NULL,3,'Administrador','2026-06-17 12:51:39'),(1187,53,'302','MR.POPS EVOLUTION CEREZA..x24u','venta',1.000,'-',11.000,10.000,'factura',89,NULL,3,'Administrador','2026-06-17 12:53:28'),(1188,54,'303','MR.POPS EVOLUT.BLUE BERRY.x24u','venta',1.000,'-',2.000,1.000,'factura',89,NULL,3,'Administrador','2026-06-17 12:53:28'),(1189,115,'720','ALFAJOR RASTA NEGRO X 18U','venta',9.000,'-',15.000,6.000,'factura',89,NULL,3,'Administrador','2026-06-17 12:53:28'),(1190,116,'721','ALFAJOR RASTA BLANCO X 18U','venta',9.000,'-',10018.000,10009.000,'factura',89,NULL,3,'Administrador','2026-06-17 12:53:28'),(1191,123,'736','ALF COFLER BLOCK TRIPLE...x60g','venta',6.000,'-',130.000,124.000,'factura',89,NULL,3,'Administrador','2026-06-17 12:53:28'),(1192,121,'729','ALFAJOR CHOCOTORTA 71,5','venta',6.000,'-',110.000,104.000,'factura',89,NULL,3,'Administrador','2026-06-17 12:53:28'),(1193,131,'801','GIRASOL PIPAS GIGANTES.12ux50g','venta',2.000,'-',15.000,13.000,'factura',89,NULL,3,'Administrador','2026-06-17 12:53:28'),(1194,148,'934','BAGGIO MULTIFRUTAL.......x200m','venta',9.000,'-',54.000,45.000,'factura',89,NULL,3,'Administrador','2026-06-17 12:53:28'),(1195,146,'932','BAGGIO MANZANA...........x200m','venta',9.000,'-',36.000,27.000,'factura',89,NULL,3,'Administrador','2026-06-17 12:53:28'),(1196,155,'1010','DON SATUR BIZCOCH.GRASA x200g','venta',6.000,'-',145.000,139.000,'factura',89,NULL,3,'Administrador','2026-06-17 12:53:28'),(1197,31,'241','GOMAS LA PIÑATA ANILLOS X 700 GR','venta',1.000,'-',9.000,8.000,'factura',90,NULL,3,'Administrador','2026-06-17 12:55:15'),(1198,93,'701','CHOC.TOKKE RELLE.D/LECHE..x72g','venta',6.000,'-',23.000,17.000,'factura',90,NULL,3,'Administrador','2026-06-17 12:55:15'),(1199,94,'702','CHOCOLATE MISKY  NGRO x25g','venta',15.000,'-',150.000,135.000,'factura',90,NULL,3,'Administrador','2026-06-17 12:55:15'),(1200,95,'703','CHOCOLATE MISKY  BCO x25g','venta',15.000,'-',173.000,158.000,'factura',90,NULL,3,'Administrador','2026-06-17 12:55:15'),(1201,97,'705','CHOC. C/MANI COF. BLOCK 20X38GS','venta',6.000,'-',99.000,93.000,'factura',90,NULL,3,'Administrador','2026-06-17 12:55:15'),(1202,98,'706','BOCADITO NEVARES DUL.D/LECx15u','venta',1.000,'-',13.000,12.000,'factura',90,NULL,3,'Administrador','2026-06-17 12:55:15'),(1203,120,'728','ALF FANTOCHE SUPER TRIPLE NEGx100g','venta',6.000,'-',230.000,224.000,'factura',90,NULL,3,'Administrador','2026-06-17 12:55:15'),(1204,20,'220','YUMMY ANIMALITOS X 12 UND','venta',1.000,'-',3.000,2.000,'factura',91,NULL,3,'Administrador','2026-06-17 12:56:22'),(1205,30,'240','GOMAS LA PIÑATA HUESOS ACIDOS X 700 GR','venta',1.000,'-',15.000,14.000,'factura',91,NULL,3,'Administrador','2026-06-17 12:56:22'),(1206,82,'514','MENTITAS KIDS DULCE DE LECHE X 12 UND','venta',1.000,'-',12.000,11.000,'factura',91,NULL,3,'Administrador','2026-06-17 12:56:22'),(1207,94,'702','CHOCOLATE MISKY  NGRO x25g','venta',15.000,'-',135.000,120.000,'factura',92,NULL,3,'Administrador','2026-06-17 12:57:49'),(1208,95,'703','CHOCOLATE MISKY  BCO x25g','venta',15.000,'-',158.000,143.000,'factura',92,NULL,3,'Administrador','2026-06-17 12:57:49'),(1209,100,'708','BONOBON OBLEA LECHE....20ux30g','venta',20.000,'-',237.000,217.000,'factura',92,NULL,3,'Administrador','2026-06-17 12:57:49'),(1210,166,'1030','SURTIDO BAGLEY...........x400g','venta',6.000,'-',61.000,55.000,'factura',92,NULL,3,'Administrador','2026-06-17 12:57:49'),(1211,167,'1031','GALL.DIVERSION SURTIDA...x400g','venta',6.000,'-',72.000,66.000,'factura',92,NULL,3,'Administrador','2026-06-17 12:57:49'),(1212,28,'231','GOMA JELLY ROLL MISKY......x1k','venta',1.000,'-',7.000,6.000,'factura',93,NULL,3,'Administrador','2026-06-17 13:01:26'),(1213,161,'1018','GALL TRIO GLASY..........x300g','venta',6.000,'-',23.000,17.000,'factura',93,NULL,3,'Administrador','2026-06-17 13:01:26'),(1214,160,'1017','GALL TRIO TRICHOC........x300g','venta',6.000,'-',21.000,15.000,'factura',93,NULL,3,'Administrador','2026-06-17 13:01:26'),(1215,158,'1014','GALL TRIO PEPAS..........x320g','venta',3.000,'-',3.000,0.000,'factura',93,NULL,3,'Administrador','2026-06-17 13:01:26'),(1216,165,'1029','VARIEDAD.................x390g','venta',6.000,'-',27.000,21.000,'factura',93,NULL,3,'Administrador','2026-06-17 13:01:26'),(1217,173,'964','MANI TARRO CERVECERO QUESO','venta',2.000,'-',59.000,57.000,'factura',93,NULL,3,'Administrador','2026-06-17 13:01:26'),(1218,175,'968','MANI TARRO CON PIEL','venta',4.000,'-',25.000,21.000,'factura',93,NULL,3,'Administrador','2026-06-17 13:01:26'),(1219,176,'969','MANI TARRO SIN PIEL','venta',2.000,'-',61.000,59.000,'factura',93,NULL,3,'Administrador','2026-06-17 13:01:26'),(1220,179,'980','PAPAS FRITAS COPETIN PEÑA \"800gr\"','venta',1.000,'-',5.000,4.000,'factura',93,NULL,3,'Administrador','2026-06-17 13:01:26'),(1221,122,'735','ALF BON O BON TRIPLE NEGROx60g','venta',4.000,'-',116.000,112.000,'factura',94,NULL,3,'Administrador','2026-06-17 13:03:29'),(1222,123,'736','ALF COFLER BLOCK TRIPLE...x60g','venta',4.000,'-',124.000,120.000,'factura',94,NULL,3,'Administrador','2026-06-17 13:03:29'),(1223,194,'742','ALF MINI TORTA AGUILA X69G','venta',4.000,'-',138.000,134.000,'factura',94,NULL,3,'Administrador','2026-06-17 13:03:29'),(1224,195,'743','ALF MINI TORTA AGUILA BROWNIE X74G','venta',4.000,'-',152.000,148.000,'factura',94,NULL,3,'Administrador','2026-06-17 13:03:29'),(1225,125,'738','ALF PEPITOS TRIPLE........x57g','venta',4.000,'-',73.000,69.000,'factura',94,NULL,3,'Administrador','2026-06-17 13:03:29'),(1226,127,'740','ALF PESCADO RAUL SIMPLE NEGRO.x50g','venta',4.000,'-',171.000,167.000,'factura',94,NULL,3,'Administrador','2026-06-17 13:03:29'),(1227,128,'741','ALF PESCADO RAUL SIMPLE BLANCO.x50g','venta',4.000,'-',95.000,91.000,'factura',94,NULL,3,'Administrador','2026-06-17 13:03:29'),(1228,93,'701','CHOC.TOKKE RELLE.D/LECHE..x72g','venta',3.000,'-',17.000,14.000,'factura',94,NULL,3,'Administrador','2026-06-17 13:03:29'),(1229,97,'705','CHOC. C/MANI COF. BLOCK 20X38GS','venta',6.000,'-',93.000,87.000,'factura',94,NULL,3,'Administrador','2026-06-17 13:03:29'),(1230,94,'702','CHOCOLATE MISKY  NGRO x25g','venta',6.000,'-',120.000,114.000,'factura',94,NULL,3,'Administrador','2026-06-17 13:03:29'),(1231,95,'703','CHOCOLATE MISKY  BCO x25g','venta',6.000,'-',143.000,137.000,'factura',94,NULL,3,'Administrador','2026-06-17 13:03:29'),(1232,207,'981','MANI JAPONES','venta',1.000,'-',5.000,4.000,'factura',95,NULL,3,'Administrador','2026-06-17 15:27:20'),(1233,199,'286','GOMITAS DOCILE GAJOS SURTIDO X500','venta',1.000,'-',20.000,19.000,'factura',95,NULL,3,'Administrador','2026-06-17 15:27:20'),(1234,176,'969','MANI TARRO SIN PIEL','venta',2.000,'-',59.000,57.000,'factura',95,NULL,3,'Administrador','2026-06-17 15:27:20'),(1235,62,'312','CRAZY BULL DOG CHUPETIN + POLVO X 10 UND','venta',1.000,'-',5.000,4.000,'factura',96,NULL,3,'Administrador','2026-06-17 15:30:26'),(1236,130,'800','GIRASOL PIPAS..........30ux18g','venta',1.000,'-',4.000,3.000,'factura',96,NULL,3,'Administrador','2026-06-17 15:30:26'),(1237,169,'960','MANI TARRO CERVECERO ORIGINAL','venta',3.000,'-',55.000,52.000,'factura',96,NULL,3,'Administrador','2026-06-17 15:30:26'),(1238,170,'961','MANI TARRO CERVECERO PIZZA','venta',3.000,'-',96.000,93.000,'factura',96,NULL,3,'Administrador','2026-06-17 15:30:26'),(1239,171,'962','MANI TARRO CERVECERO JAMON','venta',3.000,'-',90.000,87.000,'factura',96,NULL,3,'Administrador','2026-06-17 15:30:26'),(1240,172,'963','MANI TARRO  CERVECERO SALAME','venta',4.000,'-',53.000,49.000,'factura',96,NULL,3,'Administrador','2026-06-17 15:30:26'),(1241,173,'964','MANI TARRO CERVECERO QUESO','venta',3.000,'-',57.000,54.000,'factura',96,NULL,3,'Administrador','2026-06-17 15:30:26'),(1242,174,'965','MANI TARRO CERVECERO PROVENZAL','venta',3.000,'-',9.000,6.000,'factura',96,NULL,3,'Administrador','2026-06-17 15:30:26'),(1243,181,'1120','ENC COCINA CANDELA CLASICO x25','venta',1.000,'-',7.000,6.000,'factura',96,NULL,3,'Administrador','2026-06-17 15:30:26'),(1244,183,'2222','PASTILLAS BULL DOG MIX (((SURTIDAS))) X12U','venta',1.000,'-',2.000,1.000,'factura',96,NULL,3,'Administrador','2026-06-17 15:30:26'),(1245,16,'206','GOMITAS YUMMY MORITAS X500G','venta',2.000,'-',10.000,8.000,'factura',97,NULL,3,'Administrador','2026-06-17 15:43:40'),(1246,17,'207','GOMITAS YUMMY DIENTITOS X 500 GR','venta',2.000,'-',7.000,5.000,'factura',97,NULL,3,'Administrador','2026-06-17 15:43:40'),(1247,27,'230','GOMA FANTASIA MISKY .......x1k','venta',1.000,'-',11.000,10.000,'factura',97,NULL,3,'Administrador','2026-06-17 15:43:40'),(1248,28,'231','GOMA JELLY ROLL MISKY......x1k','venta',1.000,'-',6.000,5.000,'factura',97,NULL,3,'Administrador','2026-06-17 15:43:40'),(1249,30,'240','GOMAS LA PIÑATA HUESOS ACIDOS X 700 GR','venta',1.000,'-',14.000,13.000,'factura',97,NULL,3,'Administrador','2026-06-17 15:43:40'),(1250,109,'714','GUAYMALLEN TRIPLE CHOCOLATE','venta',12.000,'-',229.000,217.000,'factura',97,NULL,3,'Administrador','2026-06-17 15:43:40'),(1251,110,'715','GUAYMALLEN TRIPLE BLANCO','venta',12.000,'-',222.000,210.000,'factura',97,NULL,3,'Administrador','2026-06-17 15:43:40'),(1252,131,'801','GIRASOL PIPAS GIGANTES.12ux50g','venta',1.000,'-',13.000,12.000,'factura',97,NULL,3,'Administrador','2026-06-17 15:43:40'),(1253,155,'1010','DON SATUR BIZCOCH.GRASA x200g','venta',8.000,'-',139.000,131.000,'factura',97,NULL,3,'Administrador','2026-06-17 15:43:40'),(1254,120,'728','ALF FANTOCHE SUPER TRIPLE NEGx100g','venta',6.000,'-',224.000,218.000,'factura',97,NULL,3,'Administrador','2026-06-17 15:43:40'),(1255,169,'960','MANI TARRO CERVECERO ORIGINAL','venta',6.000,'-',52.000,46.000,'factura',98,NULL,3,'Administrador','2026-06-17 18:21:23'),(1256,170,'961','MANI TARRO CERVECERO PIZZA','venta',3.000,'-',93.000,90.000,'factura',98,NULL,3,'Administrador','2026-06-17 18:21:23'),(1257,171,'962','MANI TARRO CERVECERO JAMON','venta',3.000,'-',87.000,84.000,'factura',98,NULL,3,'Administrador','2026-06-17 18:21:23'),(1258,172,'963','MANI TARRO  CERVECERO SALAME','venta',3.000,'-',49.000,46.000,'factura',98,NULL,3,'Administrador','2026-06-17 18:21:23'),(1259,175,'968','MANI TARRO CON PIEL','venta',4.000,'-',21.000,17.000,'factura',98,NULL,3,'Administrador','2026-06-17 18:21:23'),(1260,177,'970','MANI CON CASCARA','venta',10.000,'-',91.000,81.000,'factura',98,NULL,3,'Administrador','2026-06-17 18:21:23'),(1261,187,'1111','MENTITAS KIDS (((SURTIDAS))) X 12 UND','venta',1.000,'-',2.000,1.000,'factura',98,NULL,3,'Administrador','2026-06-17 18:21:23'),(1262,129,'751','TURRON MISKY','venta',10.000,'-',178.000,168.000,'factura',98,NULL,3,'Administrador','2026-06-17 18:21:23'),(1263,59,'309','CHUPETIN MASTICABLE PINTA LENGUA X 50UND','venta',2.000,'-',3.000,1.000,'factura',98,NULL,3,'Administrador','2026-06-17 18:21:23'),(1264,6,'140','BELDENT FRESH SPARKS MENTAx20u','venta',1.000,'-',1.000,0.000,'factura',99,NULL,3,'Administrador','2026-06-17 19:25:15'),(1265,7,'141','BELDENT FRESH SPARKS MTA.Fx20u','venta',1.000,'-',2.000,1.000,'factura',99,NULL,3,'Administrador','2026-06-17 19:25:15'),(1266,52,'285','GOMITA DOCILE MIX DULCE/ACIDO X500','venta',2.000,'-',30.000,28.000,'factura',100,NULL,3,'Administrador','2026-06-18 13:01:59'),(1267,199,'286','GOMITAS DOCILE GAJOS SURTIDO X500','venta',2.000,'-',19.000,17.000,'factura',100,NULL,3,'Administrador','2026-06-18 13:01:59'),(1268,200,'287','GOMITAS DOCILE CONITO SINO SUTIDO X500','venta',2.000,'-',4.000,2.000,'factura',100,NULL,3,'Administrador','2026-06-18 13:01:59'),(1269,196,'502','PASTILLAS BULL DOG UVA/MANDARINA  X12U','venta',2.000,'-',8.000,6.000,'factura',100,NULL,3,'Administrador','2026-06-18 13:01:59'),(1270,73,'504','PASTILLAS BULL DOG MIX TUITTI FRUTTI ACIDA X12U','venta',2.000,'-',5.000,3.000,'factura',100,NULL,3,'Administrador','2026-06-18 13:01:59'),(1271,74,'505','PASTILLAS BULL DOG SANDIA ACIDA X 12 UND','venta',1.000,'-',1.000,0.000,'factura',100,NULL,3,'Administrador','2026-06-18 13:01:59'),(1272,76,'507','PASTILLAS BULL DOG LIMON EXTREME X12 UND','venta',2.000,'-',7.000,5.000,'factura',100,NULL,3,'Administrador','2026-06-18 13:01:59'),(1273,79,'511','MENTITAS MENTA X 12 UND','venta',1.000,'-',12.000,11.000,'factura',100,NULL,3,'Administrador','2026-06-18 13:01:59'),(1274,80,'512','MENTITAS FRUTAL X 12 UND','venta',2.000,'-',12.000,10.000,'factura',100,NULL,3,'Administrador','2026-06-18 13:01:59'),(1275,81,'513','MENTITAS KIDS TUTTI FRUTTI X12U','venta',4.000,'-',11.000,7.000,'factura',100,NULL,3,'Administrador','2026-06-18 13:01:59'),(1276,82,'514','MENTITAS KIDS DULCE DE LECHE X 12 UND','venta',4.000,'-',11.000,7.000,'factura',100,NULL,3,'Administrador','2026-06-18 13:01:59'),(1277,94,'702','CHOCOLATE MISKY  NGRO x25g','venta',30.000,'-',114.000,84.000,'factura',100,NULL,3,'Administrador','2026-06-18 13:01:59'),(1278,99,'707','CREMA KROOMY SURTIDOS ( 48u )','venta',2.000,'-',7.000,5.000,'factura',100,NULL,3,'Administrador','2026-06-18 13:01:59'),(1279,109,'714','GUAYMALLEN TRIPLE CHOCOLATE','venta',24.000,'-',217.000,193.000,'factura',100,NULL,3,'Administrador','2026-06-18 13:01:59'),(1280,110,'715','GUAYMALLEN TRIPLE BLANCO','venta',12.000,'-',210.000,198.000,'factura',100,NULL,3,'Administrador','2026-06-18 13:01:59'),(1281,120,'728','ALF FANTOCHE SUPER TRIPLE NEGx100g','venta',12.000,'-',218.000,206.000,'factura',100,NULL,3,'Administrador','2026-06-18 13:01:59'),(1282,148,'934','BAGGIO MULTIFRUTAL.......x200m','venta',18.000,'-',45.000,27.000,'factura',100,NULL,3,'Administrador','2026-06-18 13:01:59'),(1283,115,'720','ALFAJOR RASTA NEGRO X 18U','venta',6.000,'-',6.000,0.000,'factura',101,NULL,3,'Administrador','2026-06-18 13:06:34'),(1284,120,'728','ALF FANTOCHE SUPER TRIPLE NEGx100g','venta',6.000,'-',206.000,200.000,'factura',101,NULL,3,'Administrador','2026-06-18 13:06:34'),(1285,177,'970','MANI CON CASCARA','venta',6.000,'-',81.000,75.000,'factura',101,NULL,3,'Administrador','2026-06-18 13:06:34'),(1286,52,'285','GOMITA DOCILE MIX DULCE/ACIDO X500','venta',2.000,'-',28.000,26.000,'factura',102,NULL,3,'Administrador','2026-06-18 13:09:07'),(1287,199,'286','GOMITAS DOCILE GAJOS SURTIDO X500','venta',2.000,'-',17.000,15.000,'factura',102,NULL,3,'Administrador','2026-06-18 13:09:07'),(1288,200,'287','GOMITAS DOCILE CONITO SINO SUTIDO X500','venta',2.000,'-',2.000,0.000,'factura',102,NULL,3,'Administrador','2026-06-18 13:09:07'),(1289,98,'706','BOCADITO NEVARES DUL.D/LECx15u','venta',1.000,'-',12.000,11.000,'factura',102,NULL,3,'Administrador','2026-06-18 13:09:07'),(1290,130,'800','GIRASOL PIPAS..........30ux18g','venta',1.000,'-',3.000,2.000,'factura',102,NULL,3,'Administrador','2026-06-18 13:09:07'),(1291,169,'960','MANI TARRO CERVECERO ORIGINAL','venta',1.000,'-',46.000,45.000,'factura',102,NULL,3,'Administrador','2026-06-18 13:09:07'),(1292,170,'961','MANI TARRO CERVECERO PIZZA','venta',1.000,'-',90.000,89.000,'factura',102,NULL,3,'Administrador','2026-06-18 13:09:07'),(1293,171,'962','MANI TARRO CERVECERO JAMON','venta',1.000,'-',84.000,83.000,'factura',102,NULL,3,'Administrador','2026-06-18 13:09:07'),(1294,172,'963','MANI TARRO  CERVECERO SALAME','venta',1.000,'-',46.000,45.000,'factura',102,NULL,3,'Administrador','2026-06-18 13:09:07'),(1295,173,'964','MANI TARRO CERVECERO QUESO','venta',1.000,'-',54.000,53.000,'factura',102,NULL,3,'Administrador','2026-06-18 13:09:07'),(1296,174,'965','MANI TARRO CERVECERO PROVENZAL','venta',1.000,'-',6.000,5.000,'factura',102,NULL,3,'Administrador','2026-06-18 13:09:07'),(1297,148,'934','BAGGIO MULTIFRUTAL.......x200m','venta',18.000,'-',27.000,9.000,'factura',103,NULL,3,'Administrador','2026-06-18 14:09:20'),(1298,64,'402','(x32u)MAST.LENGUETAZO T.FRUTI...','venta',1.000,'-',10.000,9.000,'factura',103,NULL,3,'Administrador','2026-06-18 14:09:20'),(1299,71,'29508','MAST.RICOMAS FRUTIL/LIMONx280g','venta',1.000,'-',5.000,4.000,'factura',103,NULL,3,'Administrador','2026-06-18 14:09:20'),(1300,94,'702','CHOCOLATE MISKY  NGRO x25g','devolucion_interno',15.000,'+',84.000,99.000,'nota_credito',1,'NC interna 0006-NCX0000001 s/ 0006-X0000084 - Devolución de mercadería',3,'Administrador','2026-06-18 23:11:38'),(1301,95,'703','CHOCOLATE MISKY  BCO x25g','devolucion_interno',15.000,'+',137.000,152.000,'nota_credito',1,'NC interna 0006-NCX0000001 s/ 0006-X0000084 - Devolución de mercadería',3,'Administrador','2026-06-18 23:11:38'),(1302,100,'708','BONOBON OBLEA LECHE....20ux30g','devolucion_interno',20.000,'+',217.000,237.000,'nota_credito',1,'NC interna 0006-NCX0000001 s/ 0006-X0000084 - Devolución de mercadería',3,'Administrador','2026-06-18 23:11:38'),(1303,166,'1030','SURTIDO BAGLEY...........x400g','devolucion_interno',6.000,'+',55.000,61.000,'nota_credito',1,'NC interna 0006-NCX0000001 s/ 0006-X0000084 - Devolución de mercadería',3,'Administrador','2026-06-18 23:11:38'),(1304,167,'1031','GALL.DIVERSION SURTIDA...x400g','devolucion_interno',6.000,'+',66.000,72.000,'nota_credito',1,'NC interna 0006-NCX0000001 s/ 0006-X0000084 - Devolución de mercadería',3,'Administrador','2026-06-18 23:11:38'),(1306,8,'142','BELDENT FRESH SPARKS MENTOx20u','venta',1.000,'-',3.000,2.000,'factura',104,NULL,3,'Administrador','2026-06-19 13:24:01'),(1307,28,'231','GOMA JELLY ROLL MISKY......x1k','venta',1.000,'-',5.000,4.000,'factura',104,NULL,3,'Administrador','2026-06-19 13:24:01'),(1308,29,'232','GOMA EUCALIPTUS MISKY......x1k','venta',1.000,'-',5.000,4.000,'factura',104,NULL,3,'Administrador','2026-06-19 13:24:01'),(1309,38,'266','MOGUL MORAS X 500G','venta',1.000,'-',5.000,4.000,'factura',104,NULL,3,'Administrador','2026-06-19 13:24:01'),(1310,40,'268','MOGUL FRUTILLAS CON CREMA X 500G','venta',1.000,'-',11.000,10.000,'factura',104,NULL,3,'Administrador','2026-06-19 13:24:01'),(1311,42,'270','MOGUL EXTREME LADRILLOS X 500G','venta',1.000,'-',17.000,16.000,'factura',104,NULL,3,'Administrador','2026-06-19 13:24:01'),(1312,209,'277','MOGUL OSITOS X 500gr','venta',1.000,'-',6.000,5.000,'factura',104,NULL,3,'Administrador','2026-06-19 13:24:01'),(1313,121,'729','ALFAJOR CHOCOTORTA 71,5','venta',4.000,'-',104.000,100.000,'factura',104,NULL,3,'Administrador','2026-06-19 13:24:01'),(1314,122,'735','ALF BON O BON TRIPLE NEGROx60g','venta',4.000,'-',112.000,108.000,'factura',104,NULL,3,'Administrador','2026-06-19 13:24:01'),(1315,125,'738','ALF PEPITOS TRIPLE........x57g','venta',3.000,'-',69.000,66.000,'factura',104,NULL,3,'Administrador','2026-06-19 13:24:01'),(1316,129,'751','TURRON MISKY','venta',10.000,'-',168.000,158.000,'factura',104,NULL,3,'Administrador','2026-06-19 13:24:01'),(1317,144,'918','CERVEZA 361 PET............x1l','venta',6.000,'-',104.000,98.000,'factura',104,NULL,3,'Administrador','2026-06-19 13:24:01'),(1318,153,'1003','MAGD DON SATUR CHOC/D/D/Lx250g','venta',3.000,'-',11.000,8.000,'factura',104,NULL,3,'Administrador','2026-06-19 13:24:01'),(1319,157,'1012','DON SATUR BIZCOCH.NEGRITOx200g','venta',3.000,'-',61.000,58.000,'factura',104,NULL,3,'Administrador','2026-06-19 13:24:01'),(1320,159,'1015','GALL TRIO PEPAS C/CHIPS..x300g','venta',4.000,'-',35.000,31.000,'factura',104,NULL,3,'Administrador','2026-06-19 13:24:01'),(1321,165,'1029','VARIEDAD.................x390g','venta',3.000,'-',21.000,18.000,'factura',104,NULL,3,'Administrador','2026-06-19 13:24:01'),(1322,166,'1030','SURTIDO BAGLEY...........x400g','venta',4.000,'-',61.000,57.000,'factura',104,NULL,3,'Administrador','2026-06-19 13:24:01'),(1323,167,'1031','GALL.DIVERSION SURTIDA...x400g','venta',3.000,'-',72.000,69.000,'factura',104,NULL,3,'Administrador','2026-06-19 13:24:01'),(1324,198,'1034','SERRANAS SANDWICH 16 X3X 112G','venta',4.000,'-',69.000,65.000,'factura',104,NULL,3,'Administrador','2026-06-19 13:24:01'),(1325,170,'961','MANI TARRO CERVECERO PIZZA','venta',3.000,'-',89.000,86.000,'factura',104,NULL,3,'Administrador','2026-06-19 13:24:01'),(1326,172,'963','MANI TARRO  CERVECERO SALAME','venta',3.000,'-',45.000,42.000,'factura',104,NULL,3,'Administrador','2026-06-19 13:24:01'),(1327,130,'800','GIRASOL PIPAS..........30ux18g','venta',1.000,'-',2.000,1.000,'factura',105,NULL,3,'Administrador','2026-06-19 20:47:47'),(1328,13,'203','GOMITAS YUMMY 100 PIES ACIDAS X 500 GR','compra',4.000,'+',3.000,7.000,'factura_compra',5,'Compra a proveedor (factura compra #5)',3,'Administrador','2026-06-19 20:56:07'),(1329,19,'209','YUMMY BOTELLITAS BOLSA...x500g','compra',4.000,'+',1.000,5.000,'factura_compra',5,'Compra a proveedor (factura compra #5)',3,'Administrador','2026-06-19 20:56:07'),(1330,17,'207','GOMITAS YUMMY DIENTITOS X 500 GR','compra',12.000,'+',5.000,17.000,'factura_compra',5,'Compra a proveedor (factura compra #5)',3,'Administrador','2026-06-19 20:56:07'),(1331,18,'208','YUMMY HUEVOS FRITOS BOLSA.x500g','compra',6.000,'+',0.000,6.000,'factura_compra',5,'Compra a proveedor (factura compra #5)',3,'Administrador','2026-06-19 20:56:07'),(1332,24,'224','YUMMY OSITOS X 12 UND','compra',4.000,'+',0.000,4.000,'factura_compra',5,'Compra a proveedor (factura compra #5)',3,'Administrador','2026-06-19 20:56:07'),(1333,14,'204','GOMITAS YUMMY SANDIA  X500GR','compra',4.000,'+',4.000,8.000,'factura_compra',5,'Compra a proveedor (factura compra #5)',3,'Administrador','2026-06-19 20:56:07'),(1334,129,'751','TURRON MISKY','compra',200.000,'+',158.000,358.000,'factura_compra',5,'Compra a proveedor (factura compra #5)',3,'Administrador','2026-06-19 20:56:07'),(1335,147,'933','BAGGIO NARANJA...........x200m','compra',36.000,'+',21.000,57.000,'factura_compra',5,'Compra a proveedor (factura compra #5)',3,'Administrador','2026-06-19 20:56:07'),(1336,148,'934','BAGGIO MULTIFRUTAL.......x200m','compra',144.000,'+',9.000,153.000,'factura_compra',5,'Compra a proveedor (factura compra #5)',3,'Administrador','2026-06-19 20:56:07'),(1337,146,'932','BAGGIO MANZANA...........x200m','compra',72.000,'+',27.000,99.000,'factura_compra',5,'Compra a proveedor (factura compra #5)',3,'Administrador','2026-06-19 20:56:07'),(1338,113,'718','ALF FANTOCHE TRI.CHOCOLATEx85g','compra',360.000,'+',0.000,360.000,'factura_compra',5,'Compra a proveedor (factura compra #5)',3,'Administrador','2026-06-19 20:56:07'),(1339,114,'719','ALF FANTOCHE TRIPLE BLANCO.x85g','compra',240.000,'+',12.000,252.000,'factura_compra',5,'Compra a proveedor (factura compra #5)',3,'Administrador','2026-06-19 20:56:07'),(1340,116,'721','ALFAJOR RASTA BLANCO X 18U','compra',72.000,'+',10009.000,10081.000,'factura_compra',5,'Compra a proveedor (factura compra #5)',3,'Administrador','2026-06-19 20:56:07'),(1341,94,'702','CHOCOLATE MISKY  NGRO x25g','compra',180.000,'+',99.000,279.000,'factura_compra',5,'Compra a proveedor (factura compra #5)',3,'Administrador','2026-06-19 20:56:07'),(1342,90,'602','(28g)MARSHMALLOW GONGYS NUBECI','compra',48.000,'+',58.000,106.000,'factura_compra',5,'Compra a proveedor (factura compra #5)',3,'Administrador','2026-06-19 20:56:07'),(1343,63,'400','MASTICABLE SURTIDO MISKY X 800gs','compra',10.000,'+',15.000,25.000,'factura_compra',5,'Compra a proveedor (factura compra #5)',3,'Administrador','2026-06-19 20:56:07'),(1344,65,'404','PALITO DE LA SELVA.......x660g','compra',6.000,'+',5.000,11.000,'factura_compra',5,'Compra a proveedor (factura compra #5)',3,'Administrador','2026-06-19 20:56:07'),(1345,68,'408','MASTICABLE BULLDOG X 700G','compra',6.000,'+',6.000,12.000,'factura_compra',5,'Compra a proveedor (factura compra #5)',3,'Administrador','2026-06-19 20:56:07'),(1346,91,'603','(28g)MARSHMALLOW GONGYS.......','compra',48.000,'+',4.000,52.000,'factura_compra',5,'Compra a proveedor (factura compra #5)',3,'Administrador','2026-06-19 20:56:07'),(1347,89,'601','(28g)MARSHMALLOW GONGYS FRUTIL','compra',48.000,'+',78.000,126.000,'factura_compra',5,'Compra a proveedor (factura compra #5)',3,'Administrador','2026-06-19 20:56:07'),(1348,131,'801','GIRASOL PIPAS GIGANTES.12ux50g','compra',24.000,'+',12.000,36.000,'factura_compra',5,'Compra a proveedor (factura compra #5)',3,'Administrador','2026-06-19 20:56:07'),(1349,130,'800','GIRASOL PIPAS..........30ux18g','compra',6.000,'+',1.000,7.000,'factura_compra',5,'Compra a proveedor (factura compra #5)',3,'Administrador','2026-06-19 20:56:07'),(1350,161,'1018','GALL TRIO GLASY..........x300g','compra',24.000,'+',17.000,41.000,'factura_compra',5,'Compra a proveedor (factura compra #5)',3,'Administrador','2026-06-19 20:56:07'),(1351,159,'1015','GALL TRIO PEPAS C/CHIPS..x300g','compra',24.000,'+',31.000,55.000,'factura_compra',5,'Compra a proveedor (factura compra #5)',3,'Administrador','2026-06-19 20:56:07'),(1352,158,'1014','GALL TRIO PEPAS..........x320g','compra',48.000,'+',0.000,48.000,'factura_compra',5,'Compra a proveedor (factura compra #5)',3,'Administrador','2026-06-19 20:56:07'),(1353,160,'1017','GALL TRIO TRICHOC........x300g','compra',24.000,'+',15.000,39.000,'factura_compra',5,'Compra a proveedor (factura compra #5)',3,'Administrador','2026-06-19 20:56:07'),(1354,156,'1011','DON SATUR BIZCOCHO DULCE.x200g','compra',30.000,'+',67.000,97.000,'factura_compra',5,'Compra a proveedor (factura compra #5)',3,'Administrador','2026-06-19 20:56:07'),(1355,155,'1010','DON SATUR BIZCOCH.GRASA x200g','compra',60.000,'+',131.000,191.000,'factura_compra',5,'Compra a proveedor (factura compra #5)',3,'Administrador','2026-06-19 20:56:07'),(1356,29,'232','GOMA EUCALIPTUS MISKY......x1k','compra',6.000,'+',4.000,10.000,'factura_compra',5,'Compra a proveedor (factura compra #5)',3,'Administrador','2026-06-19 20:56:07'),(1357,27,'230','GOMA FANTASIA MISKY .......x1k','compra',18.000,'+',10.000,28.000,'factura_compra',5,'Compra a proveedor (factura compra #5)',3,'Administrador','2026-06-19 20:56:07'),(1358,28,'231','GOMA JELLY ROLL MISKY......x1k','compra',6.000,'+',4.000,10.000,'factura_compra',5,'Compra a proveedor (factura compra #5)',3,'Administrador','2026-06-19 20:56:07'),(1359,31,'241','GOMAS LA PIÑATA ANILLOS X 700 GR','compra',8.000,'+',8.000,16.000,'factura_compra',5,'Compra a proveedor (factura compra #5)',3,'Administrador','2026-06-19 20:56:07'),(1360,30,'240','GOMAS LA PIÑATA HUESOS ACIDOS X 700 GR','compra',16.000,'+',13.000,29.000,'factura_compra',5,'Compra a proveedor (factura compra #5)',3,'Administrador','2026-06-19 20:56:07'),(1361,20,'220','YUMMY ANIMALITOS X 12 UND','compra',2.000,'+',2.000,4.000,'factura_compra',5,'Compra a proveedor (factura compra #5)',3,'Administrador','2026-06-19 20:56:07'),(1362,10,'200','GOMITAS YUMMY OSITOS ACIDOS X 500 GR','compra',4.000,'+',4.000,8.000,'factura_compra',5,'Compra a proveedor (factura compra #5)',3,'Administrador','2026-06-19 20:56:07'),(1363,11,'201','GOMITAS YUMMY OSITOS X 500 GR','compra',4.000,'+',3.000,7.000,'factura_compra',5,'Compra a proveedor (factura compra #5)',3,'Administrador','2026-06-19 20:56:07'),(1364,25,'225','YUMMY PECECITOS X 12 UND','compra',2.000,'+',2.000,4.000,'factura_compra',5,'Compra a proveedor (factura compra #5)',3,'Administrador','2026-06-19 20:56:07'),(1365,75,'506','PASTILLAS BULL DOG TUTTI FRUTTI  LIMONX 12 UND','compra',6.000,'+',3.000,9.000,'factura_compra',5,'Compra a proveedor (factura compra #5)',3,'Administrador','2026-06-19 20:56:07'),(1366,73,'504','PASTILLAS BULL DOG MIX TUITTI FRUTTI ACIDA X12U','compra',6.000,'+',3.000,9.000,'factura_compra',5,'Compra a proveedor (factura compra #5)',3,'Administrador','2026-06-19 20:56:07'),(1367,72,'501','PASTILLAS BULL DOG UVA X12U','compra',6.000,'+',0.000,6.000,'factura_compra',5,'Compra a proveedor (factura compra #5)',3,'Administrador','2026-06-19 20:56:07'),(1368,95,'703','CHOCOLATE MISKY  BCO x25g','compra',180.000,'+',152.000,332.000,'factura_compra',5,'Compra a proveedor (factura compra #5)',3,'Administrador','2026-06-19 20:56:07'),(1369,99,'707','CREMA KROOMY SURTIDOS ( 48u )','compra',12.000,'+',5.000,17.000,'factura_compra',5,'Compra a proveedor (factura compra #5)',3,'Administrador','2026-06-19 20:56:07'),(1370,103,'712','BOMBON SMACKX 30u','compra',4.000,'+',1.000,5.000,'factura_compra',5,'Compra a proveedor (factura compra #5)',3,'Administrador','2026-06-19 20:56:07'),(1371,6,'140','BELDENT FRESH SPARKS MENTAx20u','compra',10.000,'+',0.000,10.000,'factura_compra',5,'Compra a proveedor (factura compra #5)',3,'Administrador','2026-06-19 20:56:07'),(1372,8,'142','BELDENT FRESH SPARKS MENTOx20u','compra',6.000,'+',2.000,8.000,'factura_compra',5,'Compra a proveedor (factura compra #5)',3,'Administrador','2026-06-19 20:56:07'),(1373,7,'141','BELDENT FRESH SPARKS MTA.Fx20u','compra',10.000,'+',1.000,11.000,'factura_compra',5,'Compra a proveedor (factura compra #5)',3,'Administrador','2026-06-19 20:56:07'),(1374,15,'205','YUMMY BANANITAS BOLSA....x500g','compra',2.000,'+',2.000,4.000,'factura_compra',5,'Compra a proveedor (factura compra #5)',3,'Administrador','2026-06-19 20:56:07'),(1375,16,'206','GOMITAS YUMMY MORITAS X500G','compra',12.000,'+',8.000,20.000,'factura_compra',5,'Compra a proveedor (factura compra #5)',3,'Administrador','2026-06-19 20:56:07'),(1376,188,'6886','MENTHO PLUS ((SURTIDO))......x12u','devolucion_interno',1.000,'+',1.000,2.000,'nota_credito',2,'NC interna 0006-NCX0000002 s/ 0006-X0000018 - Devolución de mercadería',3,'Administrador','2026-06-19 22:35:42'),(1378,71,'29508','MAST.RICOMAS FRUTIL/LIMONx280g','venta',2.000,'-',4.000,2.000,'factura',106,NULL,3,'Administrador','2026-06-20 14:48:18'),(1379,94,'702','CHOCOLATE MISKY  NGRO x25g','venta',8.000,'-',279.000,271.000,'factura',106,NULL,3,'Administrador','2026-06-20 14:48:18'),(1380,95,'703','CHOCOLATE MISKY  BCO x25g','venta',8.000,'-',332.000,324.000,'factura',106,NULL,3,'Administrador','2026-06-20 14:48:18'),(1381,100,'708','BONOBON OBLEA LECHE....20ux30g','venta',3.000,'-',237.000,234.000,'factura',106,NULL,3,'Administrador','2026-06-20 14:48:18'),(1382,201,'3466','BONOBON OBLEA BLANCO 20X30G','venta',6.000,'-',130.000,124.000,'factura',106,NULL,3,'Administrador','2026-06-20 14:48:18'),(1383,111,'716','GUAYMALLEN SIMPLE BLANCO','venta',10.000,'-',326.000,316.000,'factura',106,NULL,3,'Administrador','2026-06-20 14:48:18'),(1384,112,'717','GUAYMALLEN SIMPLE CHOCOLATE','venta',10.000,'-',360.000,350.000,'factura',106,NULL,3,'Administrador','2026-06-20 14:48:18'),(1385,113,'718','ALF FANTOCHE TRI.CHOCOLATEx85g','venta',10.000,'-',360.000,350.000,'factura',106,NULL,3,'Administrador','2026-06-20 14:48:18'),(1386,114,'719','ALF FANTOCHE TRIPLE BLANCO.x85g','venta',8.000,'-',242.000,234.000,'factura',106,NULL,3,'Administrador','2026-06-20 14:48:18'),(1387,115,'720','ALFAJOR RASTA NEGRO X 18U','venta',4.000,'-',72.000,68.000,'factura',106,NULL,3,'Administrador','2026-06-20 14:48:18'),(1388,116,'721','ALFAJOR RASTA BLANCO X 18U','venta',4.000,'-',10081.000,10077.000,'factura',106,NULL,3,'Administrador','2026-06-20 14:48:18'),(1389,121,'729','ALFAJOR CHOCOTORTA 71,5','venta',3.000,'-',100.000,97.000,'factura',106,NULL,3,'Administrador','2026-06-20 14:48:18'),(1390,169,'960','MANI TARRO CERVECERO ORIGINAL','venta',3.000,'-',45.000,42.000,'factura',106,NULL,3,'Administrador','2026-06-20 14:48:18'),(1391,170,'961','MANI TARRO CERVECERO PIZZA','venta',3.000,'-',86.000,83.000,'factura',106,NULL,3,'Administrador','2026-06-20 14:48:18'),(1392,171,'962','MANI TARRO CERVECERO JAMON','venta',3.000,'-',83.000,80.000,'factura',106,NULL,3,'Administrador','2026-06-20 14:48:18'),(1393,175,'968','MANI TARRO CON PIEL','venta',4.000,'-',17.000,13.000,'factura',106,NULL,3,'Administrador','2026-06-20 14:48:18'),(1394,177,'970','MANI CON CASCARA','venta',6.000,'-',75.000,69.000,'factura',106,NULL,3,'Administrador','2026-06-20 14:48:18'),(1395,139,'907','JUGO ARCOR POLVO NARANJA BANANA.x18u','venta',1.000,'-',12.000,11.000,'factura',107,NULL,3,'Administrador','2026-06-20 20:52:54'),(1396,141,'909','JUGO ARCOR POLVO NARANJA MANGO.x18u','venta',1.000,'-',14.000,13.000,'factura',107,NULL,3,'Administrador','2026-06-20 20:52:54'),(1397,134,'902','JUGO ARCOR POLVO NARAN.DURAZNOx18u','venta',1.000,'-',7.000,6.000,'factura',107,NULL,3,'Administrador','2026-06-20 20:52:54'),(1398,140,'908','JUGO ARCOR POLVO ANANA.x18u','venta',1.000,'-',28.000,27.000,'factura',107,NULL,3,'Administrador','2026-06-20 20:52:54'),(1399,11,'201','GOMITAS YUMMY OSITOS X 500 GR','venta',1.000,'-',7.000,6.000,'factura',108,NULL,3,'Administrador','2026-06-20 21:22:00'),(1400,12,'202','GOMITAS YUMMY FRUTILLITAS CON CREMA X 500 GR','venta',2.000,'-',8.000,6.000,'factura',108,NULL,3,'Administrador','2026-06-20 21:22:00'),(1401,14,'204','GOMITAS YUMMY SANDIA  X500GR','venta',1.000,'-',8.000,7.000,'factura',108,NULL,3,'Administrador','2026-06-20 21:22:00'),(1402,16,'206','GOMITAS YUMMY MORITAS X500G','venta',2.000,'-',20.000,18.000,'factura',108,NULL,3,'Administrador','2026-06-20 21:22:00'),(1403,19,'209','YUMMY BOTELLITAS BOLSA...x500g','venta',1.000,'-',5.000,4.000,'factura',108,NULL,3,'Administrador','2026-06-20 21:22:00'),(1404,21,'221','YUMMY DINO X 12 UND','venta',1.000,'-',5.000,4.000,'factura',108,NULL,3,'Administrador','2026-06-20 21:22:00'),(1405,26,'226','YUMMY PIECITOS ACIDOS X 12 UND','venta',1.000,'-',2.000,1.000,'factura',108,NULL,3,'Administrador','2026-06-20 21:22:00'),(1406,27,'230','GOMA FANTASIA MISKY .......x1k','venta',2.000,'-',28.000,26.000,'factura',108,NULL,3,'Administrador','2026-06-20 21:22:00'),(1407,30,'240','GOMAS LA PIÑATA HUESOS ACIDOS X 700 GR','venta',1.000,'-',29.000,28.000,'factura',108,NULL,3,'Administrador','2026-06-20 21:22:00'),(1408,31,'241','GOMAS LA PIÑATA ANILLOS X 700 GR','venta',1.000,'-',16.000,15.000,'factura',108,NULL,3,'Administrador','2026-06-20 21:22:00'),(1409,42,'270','MOGUL EXTREME LADRILLOS X 500G','venta',2.000,'-',16.000,14.000,'factura',108,NULL,3,'Administrador','2026-06-20 21:22:00'),(1410,43,'271','MOGUL EXTREME LADRILLOS MIX FRUTAL X 500G','venta',2.000,'-',3.000,1.000,'factura',108,NULL,3,'Administrador','2026-06-20 21:22:00'),(1411,44,'272','MOGUL EXTREME TUBITOS FRUTILLA  X 500G','venta',2.000,'-',26.000,24.000,'factura',108,NULL,3,'Administrador','2026-06-20 21:22:00'),(1412,45,'273','MOGUL EXTREME TUBITOS MIX FRUTAL X 500G','venta',2.000,'-',20.000,18.000,'factura',108,NULL,3,'Administrador','2026-06-20 21:22:00'),(1413,52,'285','GOMITA DOCILE MIX DULCE/ACIDO X500','venta',2.000,'-',26.000,24.000,'factura',108,NULL,3,'Administrador','2026-06-20 21:22:00'),(1414,199,'286','GOMITAS DOCILE GAJOS SURTIDO X500','venta',3.000,'-',15.000,12.000,'factura',108,NULL,3,'Administrador','2026-06-20 21:22:00'),(1415,53,'302','MR.POPS EVOLUTION CEREZA..x24u','venta',1.000,'-',10.000,9.000,'factura',108,NULL,3,'Administrador','2026-06-20 21:22:00'),(1416,54,'303','MR.POPS EVOLUT.BLUE BERRY.x24u','venta',1.000,'-',1.000,0.000,'factura',108,NULL,3,'Administrador','2026-06-20 21:22:00'),(1417,94,'702','CHOCOLATE MISKY  NGRO x25g','venta',15.000,'-',271.000,256.000,'factura',108,NULL,3,'Administrador','2026-06-20 21:22:00'),(1418,100,'708','BONOBON OBLEA LECHE....20ux30g','venta',10.000,'-',234.000,224.000,'factura',108,NULL,3,'Administrador','2026-06-20 21:22:00'),(1419,193,'711','BOMBON VAUQUITA','venta',2.000,'-',3.000,1.000,'factura',108,NULL,3,'Administrador','2026-06-20 21:22:00'),(1420,201,'3466','BONOBON OBLEA BLANCO 20X30G','venta',10.000,'-',124.000,114.000,'factura',108,NULL,3,'Administrador','2026-06-20 21:22:00'),(1421,113,'718','ALF FANTOCHE TRI.CHOCOLATEx85g','venta',12.000,'-',350.000,338.000,'factura',108,NULL,3,'Administrador','2026-06-20 21:22:00'),(1422,120,'728','ALF FANTOCHE SUPER TRIPLE NEGx100g','venta',12.000,'-',200.000,188.000,'factura',108,NULL,3,'Administrador','2026-06-20 21:22:00'),(1423,127,'740','ALF PESCADO RAUL SIMPLE NEGRO.x50g','venta',12.000,'-',167.000,155.000,'factura',108,NULL,3,'Administrador','2026-06-20 21:22:00'),(1424,128,'741','ALF PESCADO RAUL SIMPLE BLANCO.x50g','venta',12.000,'-',91.000,79.000,'factura',108,NULL,3,'Administrador','2026-06-20 21:22:00'),(1425,155,'1010','DON SATUR BIZCOCH.GRASA x200g','venta',12.000,'-',191.000,179.000,'factura',108,NULL,3,'Administrador','2026-06-20 21:22:00'),(1426,163,'1023','.9 DE ORO AGRIDULCE','venta',6.000,'-',97.000,91.000,'factura',108,NULL,3,'Administrador','2026-06-20 21:22:00'),(1427,169,'960','MANI TARRO CERVECERO ORIGINAL','venta',3.000,'-',42.000,39.000,'factura',108,NULL,3,'Administrador','2026-06-20 21:22:00'),(1428,171,'962','MANI TARRO CERVECERO JAMON','venta',4.000,'-',80.000,76.000,'factura',108,NULL,3,'Administrador','2026-06-20 21:22:00'),(1429,172,'963','MANI TARRO  CERVECERO SALAME','venta',6.000,'-',42.000,36.000,'factura',108,NULL,3,'Administrador','2026-06-20 21:22:00'),(1430,173,'964','MANI TARRO CERVECERO QUESO','venta',6.000,'-',53.000,47.000,'factura',108,NULL,3,'Administrador','2026-06-20 21:22:00'),(1431,174,'965','MANI TARRO CERVECERO PROVENZAL','venta',3.000,'-',5.000,2.000,'factura',108,NULL,3,'Administrador','2026-06-20 21:22:00'),(1432,175,'968','MANI TARRO CON PIEL','venta',2.000,'-',13.000,11.000,'factura',108,NULL,3,'Administrador','2026-06-20 21:22:00'),(1433,148,'934','BAGGIO MULTIFRUTAL.......x200m','venta',18.000,'-',153.000,135.000,'factura',109,NULL,3,'Administrador','2026-06-22 10:47:40'),(1434,127,'740','ALF PESCADO RAUL SIMPLE NEGRO.x50g','venta',12.000,'-',155.000,143.000,'factura',109,NULL,3,'Administrador','2026-06-22 10:47:40'),(1435,63,'400','MASTICABLE SURTIDO MISKY X 800gs','venta',1.000,'-',25.000,24.000,'factura',109,NULL,3,'Administrador','2026-06-22 10:47:40'),(1436,27,'230','GOMA FANTASIA MISKY .......x1k','venta',1.000,'-',26.000,25.000,'factura',110,NULL,3,'Administrador','2026-06-22 21:38:54'),(1437,53,'302','MR.POPS EVOLUTION CEREZA..x24u','venta',1.000,'-',9.000,8.000,'factura',110,NULL,3,'Administrador','2026-06-22 21:38:54'),(1438,95,'703','CHOCOLATE MISKY  BCO x25g','venta',30.000,'-',324.000,294.000,'factura',110,NULL,3,'Administrador','2026-06-22 21:38:54'),(1439,131,'801','GIRASOL PIPAS GIGANTES.12ux50g','venta',1.000,'-',36.000,35.000,'factura',110,NULL,3,'Administrador','2026-06-22 21:38:54'),(1440,198,'1034','SERRANAS SANDWICH 16 X3X 112G','venta',16.000,'-',65.000,49.000,'factura',110,NULL,3,'Administrador','2026-06-22 21:38:54'),(1441,170,'961','MANI TARRO CERVECERO PIZZA','venta',5.000,'-',83.000,78.000,'factura',110,NULL,3,'Administrador','2026-06-22 21:38:54'),(1442,171,'962','MANI TARRO CERVECERO JAMON','venta',5.000,'-',76.000,71.000,'factura',110,NULL,3,'Administrador','2026-06-22 21:38:54'),(1443,172,'963','MANI TARRO  CERVECERO SALAME','venta',5.000,'-',36.000,31.000,'factura',110,NULL,3,'Administrador','2026-06-22 21:38:54'),(1444,175,'968','MANI TARRO CON PIEL','venta',10.000,'-',11.000,1.000,'factura',110,NULL,3,'Administrador','2026-06-22 21:38:54'),(1445,1,'102','CHICLE FIERITA RECARGADO MENTA X50U','venta',1.000,'-',16.000,15.000,'factura',111,NULL,3,'Administrador','2026-06-22 21:42:20'),(1446,2,'103','CHICLE FIERITA RECARGADO TUTTI FRUTTI X50U','venta',1.000,'-',2.000,1.000,'factura',111,NULL,3,'Administrador','2026-06-22 21:42:20'),(1447,27,'230','GOMA FANTASIA MISKY .......x1k','venta',1.000,'-',25.000,24.000,'factura',111,NULL,3,'Administrador','2026-06-22 21:42:20'),(1448,56,'305','MR.POPS ARQUIT.FTAL.......x50u','venta',1.000,'-',3.000,2.000,'factura',111,NULL,3,'Administrador','2026-06-22 21:42:20'),(1449,59,'309','CHUPETIN MASTICABLE PINTA LENGUA X 50UND','venta',1.000,'-',1.000,0.000,'factura',111,NULL,3,'Administrador','2026-06-22 21:42:20'),(1450,63,'400','MASTICABLE SURTIDO MISKY X 800gs','venta',1.000,'-',24.000,23.000,'factura',111,NULL,3,'Administrador','2026-06-22 21:42:20'),(1451,98,'706','BOCADITO NEVARES DUL.D/LECx15u','venta',1.000,'-',11.000,10.000,'factura',111,NULL,3,'Administrador','2026-06-22 21:42:20'),(1452,109,'714','GUAYMALLEN TRIPLE CHOCOLATE','venta',4.000,'-',193.000,189.000,'factura',111,NULL,3,'Administrador','2026-06-22 21:42:20'),(1453,110,'715','GUAYMALLEN TRIPLE BLANCO','venta',4.000,'-',198.000,194.000,'factura',111,NULL,3,'Administrador','2026-06-22 21:42:20'),(1454,111,'716','GUAYMALLEN SIMPLE BLANCO','venta',4.000,'-',316.000,312.000,'factura',111,NULL,3,'Administrador','2026-06-22 21:42:20'),(1455,112,'717','GUAYMALLEN SIMPLE CHOCOLATE','venta',4.000,'-',350.000,346.000,'factura',111,NULL,3,'Administrador','2026-06-22 21:42:20'),(1456,114,'719','ALF FANTOCHE TRIPLE BLANCO.x85g','venta',4.000,'-',234.000,230.000,'factura',111,NULL,3,'Administrador','2026-06-22 21:42:20'),(1457,140,'908','JUGO ARCOR POLVO ANANA.x18u','venta',1.000,'-',27.000,26.000,'factura',111,NULL,3,'Administrador','2026-06-22 21:42:20'),(1458,141,'909','JUGO ARCOR POLVO NARANJA MANGO.x18u','venta',1.000,'-',13.000,12.000,'factura',111,NULL,3,'Administrador','2026-06-22 21:42:20'),(1459,188,'6886','MENTHO PLUS ((SURTIDO))......x12u','venta',1.000,'-',2.000,1.000,'factura',111,NULL,3,'Administrador','2026-06-22 21:42:20'),(1460,63,'400','MASTICABLE SURTIDO MISKY X 800gs','venta',1.000,'-',23.000,22.000,'factura',112,NULL,3,'Administrador','2026-06-23 12:39:44'),(1461,85,'528','MENTHO PLUS MENTA.........x12u','venta',1.000,'-',3.000,2.000,'factura',112,NULL,3,'Administrador','2026-06-23 12:39:44'),(1462,86,'529','MENTHO PLUS CEREZA........x12u','venta',1.000,'-',12.000,11.000,'factura',112,NULL,3,'Administrador','2026-06-23 12:39:44'),(1463,87,'530','MENTHO PLUS MIEL..........x12u','venta',1.000,'-',6.000,5.000,'factura',112,NULL,3,'Administrador','2026-06-23 12:39:44'),(1464,100,'708','BONOBON OBLEA LECHE....20ux30g','venta',10.000,'-',224.000,214.000,'factura',112,NULL,3,'Administrador','2026-06-23 12:39:44'),(1465,193,'711','BOMBON VAUQUITA','venta',1.000,'-',1.000,0.000,'factura',112,NULL,3,'Administrador','2026-06-23 12:39:44'),(1466,105,'760','CHOC.NUGATON LECHE........x27g','venta',12.000,'-',110.000,98.000,'factura',112,NULL,3,'Administrador','2026-06-23 12:39:44'),(1467,127,'740','ALF PESCADO RAUL SIMPLE NEGRO.x50g','venta',12.000,'-',143.000,131.000,'factura',112,NULL,3,'Administrador','2026-06-23 12:39:44'),(1468,136,'904','JUGO ARCOR POLVO MULTIFRUTx18u','venta',1.000,'-',9.000,8.000,'factura',112,NULL,3,'Administrador','2026-06-23 12:39:44'),(1469,148,'934','BAGGIO MULTIFRUTAL.......x200m','venta',18.000,'-',135.000,117.000,'factura',112,NULL,3,'Administrador','2026-06-23 12:39:44'),(1470,164,'1024','.9 DE ORO AZUCARADO','venta',28.000,'-',42.000,14.000,'factura',112,NULL,3,'Administrador','2026-06-23 12:39:44'),(1471,198,'1034','SERRANAS SANDWICH 16 X3X 112G','venta',16.000,'-',49.000,33.000,'factura',112,NULL,3,'Administrador','2026-06-23 12:39:44'),(1472,170,'961','MANI TARRO CERVECERO PIZZA','venta',4.000,'-',78.000,74.000,'factura',112,NULL,3,'Administrador','2026-06-23 12:39:44'),(1473,173,'964','MANI TARRO CERVECERO QUESO','venta',3.000,'-',47.000,44.000,'factura',112,NULL,3,'Administrador','2026-06-23 12:39:44'),(1474,174,'965','MANI TARRO CERVECERO PROVENZAL','venta',2.000,'-',2.000,0.000,'factura',112,NULL,3,'Administrador','2026-06-23 12:39:44'),(1475,179,'980','PAPAS FRITAS COPETIN PEÑA \"800gr\"','venta',1.000,'-',4.000,3.000,'factura',112,NULL,3,'Administrador','2026-06-23 12:39:44'),(1477,12,'202','GOMITAS YUMMY FRUTILLITAS CON CREMA X 500 GR','venta',3.000,'-',6.000,3.000,'factura',113,NULL,3,'Administrador','2026-06-23 15:57:06'),(1478,14,'204','GOMITAS YUMMY SANDIA  X500GR','venta',4.000,'-',7.000,3.000,'factura',113,NULL,3,'Administrador','2026-06-23 15:57:06'),(1479,16,'206','GOMITAS YUMMY MORITAS X500G','venta',3.000,'-',18.000,15.000,'factura',113,NULL,3,'Administrador','2026-06-23 15:57:06'),(1480,17,'207','GOMITAS YUMMY DIENTITOS X 500 GR','venta',3.000,'-',17.000,14.000,'factura',113,NULL,3,'Administrador','2026-06-23 15:57:06'),(1481,27,'230','GOMA FANTASIA MISKY .......x1k','venta',2.000,'-',24.000,22.000,'factura',113,NULL,3,'Administrador','2026-06-23 15:57:06'),(1482,31,'241','GOMAS LA PIÑATA ANILLOS X 700 GR','venta',1.000,'-',15.000,14.000,'factura',113,NULL,3,'Administrador','2026-06-23 15:57:06'),(1483,32,'250','GOMA BULL DOG.REGALIZ SANDIA CJAx12u','venta',1.000,'-',4.000,3.000,'factura',113,NULL,3,'Administrador','2026-06-23 15:57:06'),(1484,33,'251','GOMA BULL DOG.REGALIZ FRUT.CJAx12u','venta',1.000,'-',10.000,9.000,'factura',113,NULL,3,'Administrador','2026-06-23 15:57:06'),(1485,34,'252','GOMA BULL DOG.REGALIZ TUTTI F.CJAx12u','venta',1.000,'-',7.000,6.000,'factura',113,NULL,3,'Administrador','2026-06-23 15:57:06'),(1486,35,'253','GOMA BULL DOG.REGALIZ FRAMB.CJAx12u','venta',1.000,'-',9.000,8.000,'factura',113,NULL,3,'Administrador','2026-06-23 15:57:06'),(1487,52,'285','GOMITA DOCILE MIX DULCE/ACIDO X500','venta',1.000,'-',24.000,23.000,'factura',113,NULL,3,'Administrador','2026-06-23 15:57:06'),(1488,199,'286','GOMITAS DOCILE GAJOS SURTIDO X500','venta',1.000,'-',12.000,11.000,'factura',113,NULL,3,'Administrador','2026-06-23 15:57:06'),(1489,200,'287','GOMITAS DOCILE CONITO SINO SUTIDO X500','venta',1.000,'-',14.000,13.000,'factura',113,NULL,3,'Administrador','2026-06-23 15:57:06'),(1490,96,'704','ROCKLETS 24 X 20GS','compra',12.000,'+',9.000,21.000,'factura_compra',6,'Compra a proveedor (factura compra #6)',3,'Administrador','2026-06-23 17:47:43'),(1491,56,'305','MR.POPS ARQUIT.FTAL.......x50u','compra',12.000,'+',2.000,14.000,'factura_compra',6,'Compra a proveedor (factura compra #6)',3,'Administrador','2026-06-23 17:47:43'),(1492,38,'266','MOGUL MORAS X 500G','compra',12.000,'+',4.000,16.000,'factura_compra',6,'Compra a proveedor (factura compra #6)',3,'Administrador','2026-06-23 17:47:43'),(1493,198,'1034','SERRANAS SANDWICH 16 X3X 112G','compra',64.000,'+',33.000,97.000,'factura_compra',6,'Compra a proveedor (factura compra #6)',3,'Administrador','2026-06-23 17:47:43'),(1494,87,'530','MENTHO PLUS MIEL..........x12u','compra',12.000,'+',5.000,17.000,'factura_compra',6,'Compra a proveedor (factura compra #6)',3,'Administrador','2026-06-23 17:47:43'),(1495,54,'303','MR.POPS EVOLUT.BLUE BERRY.x24u','compra',12.000,'+',0.000,12.000,'factura_compra',6,'Compra a proveedor (factura compra #6)',3,'Administrador','2026-06-23 17:47:43'),(1496,211,'278','MOGUL LADRILLO BLUEB X500G MUNDIAL','compra',24.000,'+',0.000,24.000,'factura_compra',6,'Compra a proveedor (factura compra #6)',3,'Administrador','2026-06-23 17:47:43'),(1497,197,'1033','SERRANITAS OFERTA 14 X3 X315G','compra',140.000,'+',0.000,140.000,'factura_compra',6,'Compra a proveedor (factura compra #6)',3,'Administrador','2026-06-23 17:47:43'),(1498,137,'905','JUGO ARCOR POLVO LIMONADA.x18u','compra',12.000,'+',0.000,12.000,'factura_compra',6,'Compra a proveedor (factura compra #6)',3,'Administrador','2026-06-23 17:47:43'),(1499,133,'901','JUGO ARCOR POLVO NARANJA DULCE..x18u','compra',12.000,'+',0.000,12.000,'factura_compra',6,'Compra a proveedor (factura compra #6)',3,'Administrador','2026-06-23 17:47:43'),(1500,47,'275','MOGUL EXTREME OSITOS X 500G','compra',6.000,'+',6.000,12.000,'factura_compra',6,'Compra a proveedor (factura compra #6)',3,'Administrador','2026-06-23 17:47:43'),(1501,43,'271','MOGUL EXTREME LADRILLOS MIX FRUTAL X 500G','compra',24.000,'+',1.000,25.000,'factura_compra',6,'Compra a proveedor (factura compra #6)',3,'Administrador','2026-06-23 17:47:43'),(1502,210,'725','ALF GOAL NEGRO X75G','compra',210.000,'+',0.000,210.000,'factura_compra',6,'Compra a proveedor (factura compra #6)',3,'Administrador','2026-06-23 17:47:43'),(1503,27,'230','GOMA FANTASIA MISKY .......x1k','venta',1.000,'-',22.000,21.000,'factura',114,NULL,3,'Administrador','2026-06-23 20:57:23'),(1504,29,'232','GOMA EUCALIPTUS MISKY......x1k','venta',1.000,'-',10.000,9.000,'factura',114,NULL,3,'Administrador','2026-06-23 20:57:23'),(1505,100,'708','BONOBON OBLEA LECHE....20ux30g','venta',12.000,'-',214.000,202.000,'factura',114,NULL,3,'Administrador','2026-06-23 20:57:23'),(1506,114,'719','ALF FANTOCHE TRIPLE BLANCO.x85g','venta',6.000,'-',230.000,224.000,'factura',114,NULL,3,'Administrador','2026-06-23 20:57:23'),(1507,120,'728','ALF FANTOCHE SUPER TRIPLE NEGx100g','venta',6.000,'-',188.000,182.000,'factura',114,NULL,3,'Administrador','2026-06-23 20:57:23'),(1508,131,'801','GIRASOL PIPAS GIGANTES.12ux50g','venta',1.000,'-',35.000,34.000,'factura',114,NULL,3,'Administrador','2026-06-23 20:57:23'),(1509,155,'1010','DON SATUR BIZCOCH.GRASA x200g','venta',10.000,'-',179.000,169.000,'factura',114,NULL,3,'Administrador','2026-06-23 20:57:23'),(1510,160,'1017','GALL TRIO TRICHOC........x300g','venta',8.000,'-',39.000,31.000,'factura',114,NULL,3,'Administrador','2026-06-23 20:57:23'),(1511,162,'1022','.9 DE ORO GRASA','venta',6.000,'-',140.000,134.000,'factura',114,NULL,3,'Administrador','2026-06-23 20:57:23'),(1512,166,'1030','SURTIDO BAGLEY...........x400g','venta',2.000,'-',57.000,55.000,'factura',114,NULL,3,'Administrador','2026-06-23 20:57:23'),(1513,167,'1031','GALL.DIVERSION SURTIDA...x400g','venta',2.000,'-',69.000,67.000,'factura',114,NULL,3,'Administrador','2026-06-23 20:57:23'),(1514,1,'102','CHICLE FIERITA RECARGADO MENTA X50U','venta',1.000,'-',15.000,14.000,'factura',115,NULL,3,'Administrador','2026-06-23 21:13:05'),(1515,2,'103','CHICLE FIERITA RECARGADO TUTTI FRUTTI X50U','venta',1.000,'-',1.000,0.000,'factura',115,NULL,3,'Administrador','2026-06-23 21:13:05'),(1516,3,'104','CHICLE FIERITA MENTA X100U','venta',1.000,'-',2.000,1.000,'factura',115,NULL,3,'Administrador','2026-06-23 21:13:05'),(1517,4,'105','CHICLE FIERITA TUTTI X100U','venta',1.000,'-',3.000,2.000,'factura',115,NULL,3,'Administrador','2026-06-23 21:13:05'),(1518,6,'140','BELDENT FRESH SPARKS MENTAx20u','venta',2.000,'-',10.000,8.000,'factura',115,NULL,3,'Administrador','2026-06-23 21:13:05'),(1519,8,'142','BELDENT FRESH SPARKS MENTOx20u','venta',2.000,'-',8.000,6.000,'factura',115,NULL,3,'Administrador','2026-06-23 21:13:05'),(1520,9,'143','BELDENT FRESH SPARKS FRUTIx20u','venta',2.000,'-',2.000,0.000,'factura',115,NULL,3,'Administrador','2026-06-23 21:13:05'),(1521,190,'144','TOP LINE SEVEN MENTA','venta',2.000,'-',9.000,7.000,'factura',115,NULL,3,'Administrador','2026-06-23 21:13:05'),(1522,10,'200','GOMITAS YUMMY OSITOS ACIDOS X 500 GR','venta',2.000,'-',8.000,6.000,'factura',115,NULL,3,'Administrador','2026-06-23 21:13:05'),(1523,12,'202','GOMITAS YUMMY FRUTILLITAS CON CREMA X 500 GR','venta',2.000,'-',3.000,1.000,'factura',115,NULL,3,'Administrador','2026-06-23 21:13:05'),(1524,13,'203','GOMITAS YUMMY 100 PIES ACIDAS X 500 GR','venta',2.000,'-',7.000,5.000,'factura',115,NULL,3,'Administrador','2026-06-23 21:13:05'),(1525,14,'204','GOMITAS YUMMY SANDIA  X500GR','venta',2.000,'-',3.000,1.000,'factura',115,NULL,3,'Administrador','2026-06-23 21:13:05'),(1526,15,'205','YUMMY BANANITAS BOLSA....x500g','venta',2.000,'-',4.000,2.000,'factura',115,NULL,3,'Administrador','2026-06-23 21:13:05'),(1527,16,'206','GOMITAS YUMMY MORITAS X500G','venta',2.000,'-',15.000,13.000,'factura',115,NULL,3,'Administrador','2026-06-23 21:13:05'),(1528,17,'207','GOMITAS YUMMY DIENTITOS X 500 GR','venta',2.000,'-',14.000,12.000,'factura',115,NULL,3,'Administrador','2026-06-23 21:13:05'),(1529,18,'208','YUMMY HUEVOS FRITOS BOLSA.x500g','venta',2.000,'-',6.000,4.000,'factura',115,NULL,3,'Administrador','2026-06-23 21:13:05'),(1530,27,'230','GOMA FANTASIA MISKY .......x1k','venta',6.000,'-',21.000,15.000,'factura',115,NULL,3,'Administrador','2026-06-23 21:13:05'),(1531,28,'231','GOMA JELLY ROLL MISKY......x1k','venta',2.000,'-',10.000,8.000,'factura',115,NULL,3,'Administrador','2026-06-23 21:13:05'),(1532,29,'232','GOMA EUCALIPTUS MISKY......x1k','venta',2.000,'-',9.000,7.000,'factura',115,NULL,3,'Administrador','2026-06-23 21:13:05'),(1533,30,'240','GOMAS LA PIÑATA HUESOS ACIDOS X 700 GR','venta',4.000,'-',28.000,24.000,'factura',115,NULL,3,'Administrador','2026-06-23 21:13:05'),(1534,31,'241','GOMAS LA PIÑATA ANILLOS X 700 GR','venta',4.000,'-',14.000,10.000,'factura',115,NULL,3,'Administrador','2026-06-23 21:13:05'),(1535,39,'267','MOGUL DIENTES X 500G','venta',2.000,'-',11.000,9.000,'factura',115,NULL,3,'Administrador','2026-06-23 21:13:05'),(1536,40,'268','MOGUL FRUTILLAS CON CREMA X 500G','venta',2.000,'-',9.000,7.000,'factura',115,NULL,3,'Administrador','2026-06-23 21:13:05'),(1537,42,'270','MOGUL EXTREME LADRILLOS X 500G','venta',6.000,'-',14.000,8.000,'factura',115,NULL,3,'Administrador','2026-06-23 21:13:05'),(1538,43,'271','MOGUL EXTREME LADRILLOS MIX FRUTAL X 500G','venta',6.000,'-',25.000,19.000,'factura',115,NULL,3,'Administrador','2026-06-23 21:13:05'),(1539,44,'272','MOGUL EXTREME TUBITOS FRUTILLA  X 500G','venta',4.000,'-',24.000,20.000,'factura',115,NULL,3,'Administrador','2026-06-23 21:13:05'),(1540,45,'273','MOGUL EXTREME TUBITOS MIX FRUTAL X 500G','venta',4.000,'-',18.000,14.000,'factura',115,NULL,3,'Administrador','2026-06-23 21:13:05'),(1541,191,'276','MOGUL FRUTILLA ACIDA X 500','venta',2.000,'-',6.000,4.000,'factura',115,NULL,3,'Administrador','2026-06-23 21:13:05'),(1542,52,'285','GOMITA DOCILE MIX DULCE/ACIDO X500','venta',3.000,'-',23.000,20.000,'factura',115,NULL,3,'Administrador','2026-06-23 21:13:05'),(1543,200,'287','GOMITAS DOCILE CONITO SINO SUTIDO X500','venta',3.000,'-',13.000,10.000,'factura',115,NULL,3,'Administrador','2026-06-23 21:13:05'),(1544,60,'310','CHUPETIN PUSH POP.........x20u','venta',1.000,'-',4.000,3.000,'factura',115,NULL,3,'Administrador','2026-06-23 21:13:05'),(1545,65,'404','PALITO DE LA SELVA.......x660g','venta',3.000,'-',11.000,8.000,'factura',115,NULL,3,'Administrador','2026-06-23 21:13:05'),(1546,72,'501','PASTILLAS BULL DOG UVA X12U','venta',1.000,'-',6.000,5.000,'factura',115,NULL,3,'Administrador','2026-06-23 21:13:05'),(1547,73,'504','PASTILLAS BULL DOG MIX TUITTI FRUTTI ACIDA X12U','venta',1.000,'-',9.000,8.000,'factura',115,NULL,3,'Administrador','2026-06-23 21:13:05'),(1548,76,'507','PASTILLAS BULL DOG LIMON EXTREME X12 UND','venta',1.000,'-',5.000,4.000,'factura',115,NULL,3,'Administrador','2026-06-23 21:13:05'),(1549,85,'528','MENTHO PLUS MENTA.........x12u','venta',1.000,'-',2.000,1.000,'factura',115,NULL,3,'Administrador','2026-06-23 21:13:05'),(1550,93,'701','CHOC.TOKKE RELLE.D/LECHE..x72g','venta',9.000,'-',14.000,5.000,'factura',115,NULL,3,'Administrador','2026-06-23 21:13:05'),(1551,94,'702','CHOCOLATE MISKY  NGRO x25g','venta',30.000,'-',256.000,226.000,'factura',115,NULL,3,'Administrador','2026-06-23 21:13:05'),(1552,95,'703','CHOCOLATE MISKY  BCO x25g','venta',30.000,'-',294.000,264.000,'factura',115,NULL,3,'Administrador','2026-06-23 21:13:05'),(1553,96,'704','ROCKLETS 24 X 20GS','venta',1.000,'-',21.000,20.000,'factura',115,NULL,3,'Administrador','2026-06-23 21:13:05'),(1554,97,'705','CHOC. C/MANI COF. BLOCK 20X38GS','venta',20.000,'-',87.000,67.000,'factura',115,NULL,3,'Administrador','2026-06-23 21:13:05'),(1555,99,'707','CREMA KROOMY SURTIDOS ( 48u )','venta',4.000,'-',17.000,13.000,'factura',115,NULL,3,'Administrador','2026-06-23 21:13:05'),(1556,104,'713','BOMBONES BON O BON 30 X 15GS','venta',3.000,'-',11.000,8.000,'factura',115,NULL,3,'Administrador','2026-06-23 21:13:05'),(1557,113,'718','ALF FANTOCHE TRI.CHOCOLATEx85g','venta',36.000,'-',338.000,302.000,'factura',115,NULL,3,'Administrador','2026-06-23 21:13:05'),(1558,114,'719','ALF FANTOCHE TRIPLE BLANCO.x85g','venta',36.000,'-',224.000,188.000,'factura',115,NULL,3,'Administrador','2026-06-23 21:13:05'),(1559,121,'729','ALFAJOR CHOCOTORTA 71,5','venta',63.000,'-',97.000,34.000,'factura',115,NULL,3,'Administrador','2026-06-23 21:13:05'),(1560,122,'735','ALF BON O BON TRIPLE NEGROx60g','venta',21.000,'-',108.000,87.000,'factura',115,NULL,3,'Administrador','2026-06-23 21:13:05'),(1561,123,'736','ALF COFLER BLOCK TRIPLE...x60g','venta',21.000,'-',120.000,99.000,'factura',115,NULL,3,'Administrador','2026-06-23 21:13:05'),(1562,125,'738','ALF PEPITOS TRIPLE........x57g','venta',36.000,'-',66.000,30.000,'factura',115,NULL,3,'Administrador','2026-06-23 21:13:05'),(1563,194,'742','ALF MINI TORTA AGUILA X69G','venta',42.000,'-',134.000,92.000,'factura',115,NULL,3,'Administrador','2026-06-23 21:13:05'),(1564,195,'743','ALF MINI TORTA AGUILA BROWNIE X74G','venta',42.000,'-',148.000,106.000,'factura',115,NULL,3,'Administrador','2026-06-23 21:13:05'),(1565,131,'801','GIRASOL PIPAS GIGANTES.12ux50g','venta',7.000,'-',34.000,27.000,'factura',115,NULL,3,'Administrador','2026-06-23 21:13:05'),(1566,162,'1022','.9 DE ORO GRASA','venta',24.000,'-',134.000,110.000,'factura',115,NULL,3,'Administrador','2026-06-23 21:13:05'),(1567,165,'1029','VARIEDAD.................x390g','venta',12.000,'-',18.000,6.000,'factura',115,NULL,3,'Administrador','2026-06-23 21:13:05'),(1568,166,'1030','SURTIDO BAGLEY...........x400g','venta',42.000,'-',55.000,13.000,'factura',115,NULL,3,'Administrador','2026-06-23 21:13:05'),(1569,167,'1031','GALL.DIVERSION SURTIDA...x400g','venta',42.000,'-',67.000,25.000,'factura',115,NULL,3,'Administrador','2026-06-23 21:13:05'),(1570,210,'725','ALF GOAT NEGRO X75G','venta',63.000,'-',210.000,147.000,'factura',116,NULL,3,'Administrador','2026-06-23 23:22:59'),(1571,211,'278','MOGUL LADRILLO BLUEB X500G MUNDIAL','venta',4.000,'-',24.000,20.000,'factura',116,NULL,3,'Administrador','2026-06-23 23:22:59'),(1576,131,'801','GIRASOL PIPAS GIGANTES.12ux50g','venta',1.000,'-',27.000,26.000,'factura',117,NULL,3,'Administrador','2026-06-24 11:35:22'),(1577,111,'716','GUAYMALLEN SIMPLE BLANCO','venta',20.000,'-',312.000,292.000,'factura',117,NULL,3,'Administrador','2026-06-24 11:35:22'),(1578,112,'717','GUAYMALLEN SIMPLE CHOCOLATE','venta',20.000,'-',346.000,326.000,'factura',117,NULL,3,'Administrador','2026-06-24 11:35:22'),(1579,189,'7076','BELDENT FRESH SPARKS SURTIDO','venta',1.000,'-',3.000,2.000,'factura',117,NULL,3,'Administrador','2026-06-24 11:35:22'),(1580,6,'140','BELDENT FRESH SPARKS MENTAx20u','venta',2.000,'-',7.000,5.000,'factura',118,NULL,3,'Administrador','2026-06-24 11:51:29'),(1581,7,'141','BELDENT FRESH SPARKS MTA.Fx20u','venta',2.000,'-',10.000,8.000,'factura',118,NULL,3,'Administrador','2026-06-24 11:51:29'),(1582,8,'142','BELDENT FRESH SPARKS MENTOx20u','venta',2.000,'-',5.000,3.000,'factura',118,NULL,3,'Administrador','2026-06-24 11:51:29'),(1583,48,'281','GOMAS MOGUL COLA X 12 UNIDADES','venta',3.000,'-',3.000,0.000,'factura',118,NULL,3,'Administrador','2026-06-24 11:51:29'),(1584,61,'311','CHUPETIN PICO-DULCE.......x48u','venta',2.000,'-',5.000,3.000,'factura',118,NULL,3,'Administrador','2026-06-24 11:51:29'),(1585,64,'402','(x32u)MAST.LENGUETAZO T.FRUTI...','venta',3.000,'-',9.000,6.000,'factura',118,NULL,3,'Administrador','2026-06-24 11:51:29'),(1586,65,'404','PALITO DE LA SELVA.......x660g','venta',3.000,'-',8.000,5.000,'factura',118,NULL,3,'Administrador','2026-06-24 11:51:29'),(1587,66,'406','CARAM.FLYNN PAFF TUTTI....x70u','venta',2.000,'-',9.000,7.000,'factura',118,NULL,3,'Administrador','2026-06-24 11:51:29'),(1588,94,'702','CHOCOLATE MISKY  NGRO x25g','venta',30.000,'-',226.000,196.000,'factura',118,NULL,3,'Administrador','2026-06-24 11:51:29'),(1589,95,'703','CHOCOLATE MISKY  BCO x25g','venta',30.000,'-',264.000,234.000,'factura',118,NULL,3,'Administrador','2026-06-24 11:51:29'),(1590,100,'708','BONOBON OBLEA LECHE....20ux30g','venta',40.000,'-',202.000,162.000,'factura',118,NULL,3,'Administrador','2026-06-24 11:51:29'),(1591,104,'713','BOMBONES BON O BON 30 X 15GS','venta',1.000,'-',8.000,7.000,'factura',118,NULL,3,'Administrador','2026-06-24 11:51:29'),(1592,201,'3466','BONOBON OBLEA BLANCO 20X30G','venta',40.000,'-',114.000,74.000,'factura',118,NULL,3,'Administrador','2026-06-24 11:51:29'),(1593,105,'760','CHOC.NUGATON LECHE........x27g','venta',24.000,'-',98.000,74.000,'factura',118,NULL,3,'Administrador','2026-06-24 11:51:29'),(1594,109,'714','GUAYMALLEN TRIPLE CHOCOLATE','venta',48.000,'-',189.000,141.000,'factura',118,NULL,3,'Administrador','2026-06-24 11:51:29'),(1595,110,'715','GUAYMALLEN TRIPLE BLANCO','venta',48.000,'-',194.000,146.000,'factura',118,NULL,3,'Administrador','2026-06-24 11:51:29'),(1596,113,'718','ALF FANTOCHE TRI.CHOCOLATEx85g','venta',48.000,'-',302.000,254.000,'factura',118,NULL,3,'Administrador','2026-06-24 11:51:29'),(1597,114,'719','ALF FANTOCHE TRIPLE BLANCO.x85g','venta',48.000,'-',188.000,140.000,'factura',118,NULL,3,'Administrador','2026-06-24 11:51:29'),(1598,121,'729','ALFAJOR CHOCOTORTA 71,5','venta',21.000,'-',34.000,13.000,'factura',118,NULL,3,'Administrador','2026-06-24 11:51:29'),(1599,127,'740','ALF PESCADO RAUL SIMPLE NEGRO.x50g','venta',48.000,'-',131.000,83.000,'factura',118,NULL,3,'Administrador','2026-06-24 11:51:29'),(1600,128,'741','ALF PESCADO RAUL SIMPLE BLANCO.x50g','venta',48.000,'-',79.000,31.000,'factura',118,NULL,3,'Administrador','2026-06-24 11:51:29'),(1601,194,'742','ALF MINI TORTA AGUILA X69G','venta',21.000,'-',92.000,71.000,'factura',118,NULL,3,'Administrador','2026-06-24 11:51:29'),(1602,195,'743','ALF MINI TORTA AGUILA BROWNIE X74G','venta',21.000,'-',106.000,85.000,'factura',118,NULL,3,'Administrador','2026-06-24 11:51:29'),(1603,129,'751','TURRON MISKY','venta',50.000,'-',358.000,308.000,'factura',118,NULL,3,'Administrador','2026-06-24 11:51:29'),(1604,163,'1023','.9 DE ORO AGRIDULCE','venta',20.000,'-',91.000,71.000,'factura',118,NULL,3,'Administrador','2026-06-24 11:51:29'),(1605,210,'725','ALF GOAT NEGRO X75G','venta',42.000,'-',147.000,105.000,'factura',118,NULL,3,'Administrador','2026-06-24 11:51:29'),(1606,170,'961','MANI TARRO CERVECERO PIZZA','venta',10.000,'-',74.000,64.000,'factura',119,NULL,3,'Administrador','2026-06-24 12:57:35'),(1607,171,'962','MANI TARRO CERVECERO JAMON','venta',10.000,'-',71.000,61.000,'factura',119,NULL,3,'Administrador','2026-06-24 12:57:35'),(1608,176,'969','MANI TARRO SIN PIEL','venta',8.000,'-',57.000,49.000,'factura',119,NULL,3,'Administrador','2026-06-24 12:57:35'),(1609,109,'714','GUAYMALLEN TRIPLE CHOCOLATE','venta',12.000,'-',141.000,129.000,'factura',120,NULL,3,'Administrador','2026-06-24 13:01:42'),(1610,110,'715','GUAYMALLEN TRIPLE BLANCO','venta',12.000,'-',146.000,134.000,'factura',120,NULL,3,'Administrador','2026-06-24 13:01:42'),(1611,169,'960','MANI TARRO CERVECERO ORIGINAL','venta',3.000,'-',39.000,36.000,'factura',121,NULL,3,'Administrador','2026-06-24 13:05:49'),(1612,170,'961','MANI TARRO CERVECERO PIZZA','venta',3.000,'-',64.000,61.000,'factura',121,NULL,3,'Administrador','2026-06-24 13:05:49'),(1613,171,'962','MANI TARRO CERVECERO JAMON','venta',3.000,'-',61.000,58.000,'factura',121,NULL,3,'Administrador','2026-06-24 13:05:49'),(1614,172,'963','MANI TARRO  CERVECERO SALAME','venta',3.000,'-',31.000,28.000,'factura',121,NULL,3,'Administrador','2026-06-24 13:05:49'),(1615,173,'964','MANI TARRO CERVECERO QUESO','venta',3.000,'-',44.000,41.000,'factura',121,NULL,3,'Administrador','2026-06-24 13:05:49'),(1616,176,'969','MANI TARRO SIN PIEL','venta',4.000,'-',49.000,45.000,'factura',121,NULL,3,'Administrador','2026-06-24 13:05:49'),(1617,177,'970','MANI CON CASCARA','venta',6.000,'-',69.000,63.000,'factura',122,NULL,3,'Administrador','2026-06-24 13:07:04'),(1618,27,'230','GOMA FANTASIA MISKY .......x1k','venta',3.000,'-',15.000,12.000,'factura',123,NULL,3,'Administrador','2026-06-24 13:22:16'),(1619,94,'702','CHOCOLATE MISKY  NGRO x25g','venta',15.000,'-',196.000,181.000,'factura',123,NULL,3,'Administrador','2026-06-24 13:22:16'),(1620,95,'703','CHOCOLATE MISKY  BCO x25g','venta',15.000,'-',234.000,219.000,'factura',123,NULL,3,'Administrador','2026-06-24 13:22:16'),(1621,166,'1030','SURTIDO BAGLEY...........x400g','venta',2.000,'-',13.000,11.000,'factura',123,NULL,3,'Administrador','2026-06-24 13:22:16'),(1622,167,'1031','GALL.DIVERSION SURTIDA...x400g','venta',10.000,'-',25.000,15.000,'factura',123,NULL,3,'Administrador','2026-06-24 13:22:16'),(1623,27,'230','GOMA FANTASIA MISKY .......x1k','venta',1.000,'-',12.000,11.000,'factura',124,NULL,3,'Administrador','2026-06-24 13:26:03'),(1624,38,'266','MOGUL MORAS X 500G','venta',1.000,'-',16.000,15.000,'factura',124,NULL,3,'Administrador','2026-06-24 13:26:03'),(1625,41,'269','MOGUL EXTREME SANDIA  X 500G','venta',1.000,'-',4.000,3.000,'factura',124,NULL,3,'Administrador','2026-06-24 13:26:03'),(1626,53,'302','MR.POPS EVOLUTION CEREZA..x24u','venta',1.000,'-',8.000,7.000,'factura',124,NULL,3,'Administrador','2026-06-24 13:26:03'),(1627,54,'303','MR.POPS EVOLUT.BLUE BERRY.x24u','venta',1.000,'-',12.000,11.000,'factura',124,NULL,3,'Administrador','2026-06-24 13:26:03'),(1628,65,'404','PALITO DE LA SELVA.......x660g','venta',1.000,'-',5.000,4.000,'factura',124,NULL,3,'Administrador','2026-06-24 13:26:03'),(1629,84,'527','MENTHO PLUS STRONG........x12u','venta',1.000,'-',11.000,10.000,'factura',124,NULL,3,'Administrador','2026-06-24 13:26:03'),(1630,97,'705','CHOC. C/MANI COF. BLOCK 20X38GS','venta',6.000,'-',67.000,61.000,'factura',124,NULL,3,'Administrador','2026-06-24 13:26:03'),(1631,113,'718','ALF FANTOCHE TRI.CHOCOLATEx85g','venta',6.000,'-',254.000,248.000,'factura',124,NULL,3,'Administrador','2026-06-24 13:26:03'),(1632,115,'720','ALFAJOR RASTA NEGRO X 18U','venta',6.000,'-',68.000,62.000,'factura',124,NULL,3,'Administrador','2026-06-24 13:26:03'),(1633,121,'729','ALFAJOR CHOCOTORTA 71,5','venta',6.000,'-',13.000,7.000,'factura',124,NULL,3,'Administrador','2026-06-24 13:26:03'),(1634,123,'736','ALF COFLER BLOCK TRIPLE...x60g','venta',6.000,'-',99.000,93.000,'factura',124,NULL,3,'Administrador','2026-06-24 13:26:03'),(1635,167,'1031','GALL.DIVERSION SURTIDA...x400g','venta',2.000,'-',15.000,13.000,'factura',124,NULL,3,'Administrador','2026-06-24 13:26:03'),(1636,169,'960','MANI TARRO CERVECERO ORIGINAL','venta',1.000,'-',36.000,35.000,'factura',124,NULL,3,'Administrador','2026-06-24 13:26:03'),(1637,170,'961','MANI TARRO CERVECERO PIZZA','venta',1.000,'-',61.000,60.000,'factura',124,NULL,3,'Administrador','2026-06-24 13:26:03'),(1638,171,'962','MANI TARRO CERVECERO JAMON','venta',1.000,'-',58.000,57.000,'factura',124,NULL,3,'Administrador','2026-06-24 13:26:03'),(1639,197,'1033','SERRANITAS OFERTA 14 X3 X315G','nota_credito_compra',140.000,'-',140.000,0.000,'factura_compra',7,'Nota de crédito de compra (devolución a proveedor, NC #7)',3,'Administrador','2026-06-24 13:37:35'),(1640,137,'905','JUGO ARCOR POLVO LIMONADA.x18u','nota_credito_compra',12.000,'-',12.000,0.000,'factura_compra',7,'Nota de crédito de compra (devolución a proveedor, NC #7)',3,'Administrador','2026-06-24 13:37:35'),(1641,133,'901','JUGO ARCOR POLVO NARANJA DULCE..x18u','nota_credito_compra',12.000,'-',12.000,0.000,'factura_compra',7,'Nota de crédito de compra (devolución a proveedor, NC #7)',3,'Administrador','2026-06-24 13:37:35'),(1642,190,'144','TOP LINE SEVEN MENTA','venta',1.000,'-',7.000,6.000,'factura',125,NULL,3,'Administrador','2026-06-24 13:38:22'),(1643,62,'312','CRAZY BULL DOG CHUPETIN + POLVO X 10 UND','venta',1.000,'-',4.000,3.000,'factura',125,NULL,3,'Administrador','2026-06-24 13:38:22'),(1644,72,'501','PASTILLAS BULL DOG UVA X12U','venta',1.000,'-',5.000,4.000,'factura',125,NULL,3,'Administrador','2026-06-24 13:38:22'),(1645,76,'507','PASTILLAS BULL DOG LIMON EXTREME X12 UND','venta',1.000,'-',4.000,3.000,'factura',125,NULL,3,'Administrador','2026-06-24 13:38:22'),(1646,81,'513','MENTITAS KIDS TUTTI FRUTTI X12U','venta',1.000,'-',7.000,6.000,'factura',125,NULL,3,'Administrador','2026-06-24 13:38:22'),(1647,99,'707','CREMA KROOMY SURTIDOS ( 48u )','venta',1.000,'-',13.000,12.000,'factura',125,NULL,3,'Administrador','2026-06-24 13:38:22'),(1648,148,'934','BAGGIO MULTIFRUTAL.......x200m','venta',36.000,'-',117.000,81.000,'factura',125,NULL,3,'Administrador','2026-06-24 13:38:22'),(1649,210,'725','ALF GOAT NEGRO X75G','venta',21.000,'-',105.000,84.000,'factura',126,NULL,3,'Administrador','2026-06-24 13:43:03'),(1650,211,'278','MOGUL LADRILLO BLUEB X500G MUNDIAL','venta',2.000,'-',20.000,18.000,'factura',126,NULL,3,'Administrador','2026-06-24 13:43:03');
/*!40000 ALTER TABLE `stock_movimiento` ENABLE KEYS */;
UNLOCK TABLES;

--
-- Table structure for table `transferencia_caja`
--

DROP TABLE IF EXISTS `transferencia_caja`;
/*!40101 SET @saved_cs_client     = @@character_set_client */;
/*!50503 SET character_set_client = utf8mb4 */;
CREATE TABLE `transferencia_caja` (
  `id` int(11) NOT NULL AUTO_INCREMENT,
  `fecha` datetime NOT NULL,
  `caja_origen_id` int(11) NOT NULL,
  `caja_destino_id` int(11) NOT NULL,
  `punto_venta_origen` int(11) NOT NULL,
  `punto_venta_destino` int(11) NOT NULL,
  `monto` decimal(10,2) NOT NULL,
  `motivo` varchar(255) DEFAULT NULL,
  `usuario_id` int(11) NOT NULL,
  `anulada` tinyint(1) NOT NULL DEFAULT 0,
  `fecha_anulacion` datetime DEFAULT NULL,
  `motivo_anulacion` varchar(255) DEFAULT NULL,
  `usuario_anulacion_id` int(11) DEFAULT NULL,
  `created_at` timestamp NULL DEFAULT current_timestamp(),
  PRIMARY KEY (`id`),
  KEY `idx_fecha` (`fecha`),
  KEY `idx_origen` (`caja_origen_id`),
  KEY `idx_destino` (`caja_destino_id`),
  KEY `idx_pv_origen` (`punto_venta_origen`),
  KEY `idx_pv_destino` (`punto_venta_destino`),
  KEY `idx_usuario` (`usuario_id`),
  CONSTRAINT `fk_tc_destino_schiro` FOREIGN KEY (`caja_destino_id`) REFERENCES `cajas` (`id`),
  CONSTRAINT `fk_tc_origen_schiro` FOREIGN KEY (`caja_origen_id`) REFERENCES `cajas` (`id`),
  CONSTRAINT `fk_tc_usuario_schiro` FOREIGN KEY (`usuario_id`) REFERENCES `usuario` (`id`)
) ENGINE=InnoDB DEFAULT CHARSET=utf8mb4 COLLATE=utf8mb4_unicode_ci;
/*!40101 SET character_set_client = @saved_cs_client */;

--
-- Dumping data for table `transferencia_caja`
--

LOCK TABLES `transferencia_caja` WRITE;
/*!40000 ALTER TABLE `transferencia_caja` DISABLE KEYS */;
/*!40000 ALTER TABLE `transferencia_caja` ENABLE KEYS */;
UNLOCK TABLES;

--
-- Table structure for table `usuario`
--

DROP TABLE IF EXISTS `usuario`;
/*!40101 SET @saved_cs_client     = @@character_set_client */;
/*!50503 SET character_set_client = utf8mb4 */;
CREATE TABLE `usuario` (
  `id` int(11) NOT NULL AUTO_INCREMENT,
  `username` varchar(80) NOT NULL,
  `password_hash` varchar(255) NOT NULL,
  `nombre` varchar(100) NOT NULL,
  `rol` varchar(50) DEFAULT 'vendedor',
  `activo` tinyint(1) DEFAULT 1,
  `fecha_creacion` timestamp NOT NULL DEFAULT current_timestamp(),
  `punto_venta` int(11) NOT NULL DEFAULT 3,
  `puede_liquidar` tinyint(1) NOT NULL DEFAULT 0,
  PRIMARY KEY (`id`),
  UNIQUE KEY `username` (`username`)
) ENGINE=InnoDB AUTO_INCREMENT=4 DEFAULT CHARSET=utf8mb4 COLLATE=utf8mb4_unicode_ci;
/*!40101 SET character_set_client = @saved_cs_client */;

--
-- Dumping data for table `usuario`
--

LOCK TABLES `usuario` WRITE;
/*!40000 ALTER TABLE `usuario` DISABLE KEYS */;
INSERT INTO `usuario` VALUES (3,'admin','admin123','Administrador','admin',1,'2025-08-09 21:14:22',6,1);
/*!40000 ALTER TABLE `usuario` ENABLE KEYS */;
UNLOCK TABLES;

--
-- Table structure for table `vendedor`
--

DROP TABLE IF EXISTS `vendedor`;
/*!40101 SET @saved_cs_client     = @@character_set_client */;
/*!50503 SET character_set_client = utf8mb4 */;
CREATE TABLE `vendedor` (
  `id` int(11) NOT NULL AUTO_INCREMENT,
  `nombre` varchar(150) NOT NULL COMMENT 'Nombre y Apellido',
  `tipo_documento` varchar(20) NOT NULL DEFAULT 'DNI',
  `documento` varchar(20) DEFAULT NULL,
  `direccion` varchar(200) DEFAULT NULL,
  `telefono` varchar(30) DEFAULT NULL,
  `notas` text DEFAULT NULL,
  `activo` tinyint(1) NOT NULL DEFAULT 1,
  `fecha_creacion` datetime DEFAULT current_timestamp(),
  PRIMARY KEY (`id`),
  KEY `idx_vendedor_nombre` (`nombre`),
  KEY `idx_vendedor_documento` (`documento`),
  KEY `idx_vendedor_activo` (`activo`)
) ENGINE=InnoDB AUTO_INCREMENT=3 DEFAULT CHARSET=utf8mb4 COLLATE=utf8mb4_general_ci;
/*!40101 SET character_set_client = @saved_cs_client */;

--
-- Dumping data for table `vendedor`
--

LOCK TABLES `vendedor` WRITE;
/*!40000 ALTER TABLE `vendedor` DISABLE KEYS */;
INSERT INTO `vendedor` VALUES (1,'FERNANDO DENEGRI','DNI',NULL,NULL,NULL,NULL,1,'2026-06-06 18:21:45'),(2,'TORAL','DNI',NULL,NULL,NULL,NULL,1,'2026-06-06 18:22:09');
/*!40000 ALTER TABLE `vendedor` ENABLE KEYS */;
UNLOCK TABLES;

--
-- Table structure for table `zona`
--

DROP TABLE IF EXISTS `zona`;
/*!40101 SET @saved_cs_client     = @@character_set_client */;
/*!50503 SET character_set_client = utf8mb4 */;
CREATE TABLE `zona` (
  `id` int(11) NOT NULL AUTO_INCREMENT,
  `nombre` varchar(60) NOT NULL,
  `descripcion` varchar(255) DEFAULT NULL,
  `color` varchar(7) NOT NULL DEFAULT '#0d6efd' COMMENT 'Color HEX para el badge',
  `orden_reparto` int(11) NOT NULL DEFAULT 0 COMMENT 'Orden de recorrido (menor primero)',
  `activo` tinyint(1) NOT NULL DEFAULT 1,
  `fecha_creacion` datetime NOT NULL DEFAULT current_timestamp(),
  PRIMARY KEY (`id`),
  UNIQUE KEY `uk_zona_nombre` (`nombre`)
) ENGINE=InnoDB DEFAULT CHARSET=utf8mb4 COLLATE=utf8mb4_unicode_ci;
/*!40101 SET character_set_client = @saved_cs_client */;

--
-- Dumping data for table `zona`
--

LOCK TABLES `zona` WRITE;
/*!40000 ALTER TABLE `zona` DISABLE KEYS */;
/*!40000 ALTER TABLE `zona` ENABLE KEYS */;
UNLOCK TABLES;

--
-- Dumping routines for database 'distribuidora_virtual'
--
/*!40103 SET TIME_ZONE=@OLD_TIME_ZONE */;

/*!40101 SET SQL_MODE=@OLD_SQL_MODE */;
/*!40014 SET FOREIGN_KEY_CHECKS=@OLD_FOREIGN_KEY_CHECKS */;
/*!40014 SET UNIQUE_CHECKS=@OLD_UNIQUE_CHECKS */;
/*!40101 SET CHARACTER_SET_CLIENT=@OLD_CHARACTER_SET_CLIENT */;
/*!40101 SET CHARACTER_SET_RESULTS=@OLD_CHARACTER_SET_RESULTS */;
/*!40101 SET COLLATION_CONNECTION=@OLD_COLLATION_CONNECTION */;
/*!40111 SET SQL_NOTES=@OLD_SQL_NOTES */;

-- Dump completed on 2026-06-24 15:23:19
